ad_id,source_url,title,price_nok,price_predicted,price_residual_pct,deal_label,condition_score,groupset_tier,brand_tier,carbon_frame,carbon_wheels,electronic_shifting,bike_age,framesize_cm,tilstand,brand,groupset
450736924,https://www.finn.no/recommerce/forsale/item/450736924,CANYON Aeroad CF SLX 8.0 DI2,52000.0,39530.312,31.54462161157972,bad_deal,4.0,4,3,1,1,1,5.0,56.0,Som ny - Ikke synlig brukt,Canyon,Shimano Ultegra Di2
413731731,https://www.finn.no/recommerce/forsale/item/413731731,BMC TEAM MACHINE SLR FOUR - SYKKELPAKKE MED WAHOO KICKR CORE OG KOFFERT,45000.0,28980.725,55.27562062904015,bad_deal,3.0,3,4,1,0,1,5.0,58.0,Pent brukt - I god stand,BMC,SRAM Rival AXS
453463150,https://www.finn.no/recommerce/forsale/item/453463150,Trek Madone Two Series landeveissykkel 52 cm unisex rød,7000.0,12676.683,-44.7805059778877,good_deal,3.0,2,3,0,0,0,5.0,52.0,Pent brukt - I god stand,Trek,Shimano
453447889,https://www.finn.no/recommerce/forsale/item/453447889,Ridley karbon landeveissykkel,7000.0,12359.513,-43.3634628438479,good_deal,4.0,0,3,1,0,0,5.0,54.0,Som ny - Ikke synlig brukt,Ridley,
426259765,https://www.finn.no/recommerce/forsale/item/426259765,Nor Kapp Superlight – Ultegra Di2,14000.0,26679.05,-47.524369908095906,good_deal,2.0,4,2,0,0,1,5.0,54.0,Godt brukt - Synlig brukt,Nor,Shimano Ultegra Di2
453439240,https://www.finn.no/recommerce/forsale/item/453439240,"Cinelli landeveissykkel 57 cm 27,5"" rød",6700.0,9889.136,-32.24888226159646,good_deal,3.0,0,3,0,0,0,5.0,57.0,Pent brukt - I god stand,Cinelli,
453431578,https://www.finn.no/recommerce/forsale/item/453431578,"Giant OCR3 landeveissykkel L 28""/700c unisex gul",6000.0,11505.649,-47.85170498358271,good_deal,3.0,3,3,0,0,0,5.0,56.0,Pent brukt - I god stand,Giant,Campagnolo Centaur
438286422,https://www.finn.no/recommerce/forsale/item/438286422,Merida Ride Disc CF 7000 Karbon Ram Shimano Ultegra komponenter 59cm (L/XL),14999.0,20307.05,-26.138954584931916,good_deal,4.0,4,2,1,0,0,9.0,59.0,Som ny - Ikke synlig brukt,Merida,Shimano Ultegra
453431234,https://www.finn.no/recommerce/forsale/item/453431234,"Helt ny Cube Norge sykkel – 0 km, keramisk beskyttelse",53000.0,49091.39,7.961903961648062,ok_deal,5.0,4,3,1,1,1,1.0,54.0,Helt ny - Uåpnet/med lapp,Cube,Shimano Ultegra Di2
453415559,https://www.finn.no/recommerce/forsale/item/453415559,"Pinarello Prince (som Ny) Di2 el-gir, full-carbon",29000.0,42175.164,-31.23915307827974,good_deal,4.0,4,4,1,1,1,5.0,54.0,Som ny - Ikke synlig brukt,Pinarello,Shimano Ultegra Di2
453407263,https://www.finn.no/recommerce/forsale/item/453407263,Landeveissykkel,15000.0,9300.171,61.287358735742316,bad_deal,3.0,0,3,0,0,0,5.0,54.0,Pent brukt - I god stand,Canyon,
453403484,https://www.finn.no/recommerce/forsale/item/453403484,Giant Propel str Large,33000.0,23604.293,39.80507716833157,bad_deal,3.0,5,3,0,0,1,5.0,56.0,Pent brukt - I god stand,Giant,SRAM Red/Force
453402919,https://www.finn.no/recommerce/forsale/item/453402919,Hardrocx Super Electra Disc 2019 - landeveissykkel,35000.0,31703.592,10.397585939931023,ok_deal,2.0,4,2,1,1,1,7.0,54.0,Godt brukt - Synlig brukt,Hardrocx,Shimano Ultegra Di2
416600931,https://www.finn.no/recommerce/forsale/item/416600931,Bianchi Sempre B4P Monoque - str 56,13000.0,9047.553,43.68526364713179,bad_deal,3.0,0,3,1,0,0,13.0,56.0,Pent brukt - I god stand,Bianchi,
453397732,https://www.finn.no/recommerce/forsale/item/453397732,Canyon Inflite 8.0 str Large,10000.0,12730.49,-21.448429589946993,good_deal,3.0,4,3,0,0,0,5.0,56.0,Pent brukt - I god stand,Canyon,Shimano 105/Ultegra
429230265,https://www.finn.no/recommerce/forsale/item/429230265,Nakamura Pursuit SL karbon racersykkel,25000.0,18469.424,35.35885164934232,bad_deal,3.0,0,2,1,0,0,4.0,56.0,Pent brukt - I god stand,Nakamura,
401208177,https://www.finn.no/recommerce/forsale/item/401208177,Cannondale Synapse 52”,9000.0,17884.117,-49.67601752078376,good_deal,3.0,4,3,1,0,0,5.0,52.0,,Cannondale,Shimano Ultegra
453385442,https://www.finn.no/recommerce/forsale/item/453385442,Cube GTC SL,12000.0,27429.764,-56.251901607507634,good_deal,3.0,4,3,1,1,0,5.0,56.0,Pent brukt - I god stand,Cube,Shimano Ultegra 6800
367125996,https://www.finn.no/recommerce/forsale/item/367125996,Colnago Landeveissykkel,21000.0,13041.734,61.021528242864555,bad_deal,3.0,0,4,0,0,0,5.0,56.0,Pent brukt - I god stand,Colnago,
359684041,https://www.finn.no/recommerce/forsale/item/359684041,Ridley Helium RS - belgisk arbeidshest med retro look til salgs,13000.0,14695.892,-11.539902766989577,ok_deal,3.0,4,3,1,0,0,11.0,54.0,Pent brukt - I god stand,Ridley,Campagnolo Chorus
453374186,https://www.finn.no/recommerce/forsale/item/453374186,TREK MADONE 6.9 full karbon,14999.0,24389.889,-38.50320433280216,good_deal,2.0,5,3,1,1,0,5.0,54.0,Godt brukt - Synlig brukt,Trek,Shimano Dura-Ace
443830414,https://www.finn.no/recommerce/forsale/item/443830414,Canyon Speedmax CF Small,35000.0,26853.145,30.33855293658142,bad_deal,3.0,2,3,1,1,1,5.0,52.0,Pent brukt - I god stand,Canyon,Shimano Di2
453363922,https://www.finn.no/recommerce/forsale/item/453363922,S-works Aethos - Størrelse 54 - Vurderes solgt,25000.0,33028.4,-24.30756202936157,good_deal,4.0,5,4,1,0,1,5.0,54.0,Som ny - Ikke synlig brukt,Specialized,Shimano Dura-Ace Di2
453265918,https://www.finn.no/recommerce/forsale/item/453265918,Cannondale Synapse Di2 + Interaktiv rulle Elite Direto,22000.0,21898.64,0.462856926764147,ok_deal,3.0,4,3,1,0,1,9.0,54.0,Pent brukt - I god stand,Cannondale,Shimano Ultegra Di2
453356733,https://www.finn.no/recommerce/forsale/item/453356733,Strøken vintage Eddy Merckx,7900.0,9983.973,-20.87318072676638,good_deal,3.0,1,3,0,0,0,44.0,60.0,Pent brukt - I god stand,Eddy Merckx,Campagnolo
453353964,https://www.finn.no/recommerce/forsale/item/453353964,Cannondale Supersix Evo karbon,12500.0,21225.508,-41.10859391246897,good_deal,4.0,5,3,1,0,0,5.0,52.0,Som ny - Ikke synlig brukt,Cannondale,SRAM Red
452315470,https://www.finn.no/recommerce/forsale/item/452315470,"(Strøken) Felt Fr 2021 di2 el-gir, carbon-hjul",26000.0,37802.332,-31.22117445424632,good_deal,3.0,4,3,1,1,1,5.0,58.0,Pent brukt - I god stand,Felt,Shimano Ultegra Di2
453348241,https://www.finn.no/recommerce/forsale/item/453348241,Focus Cayo Alu 105,9000.0,9353.482,-3.7791531103785503,ok_deal,2.0,3,3,0,0,0,9.0,60.0,Godt brukt - Synlig brukt,Focus,Shimano 105
453345858,https://www.finn.no/recommerce/forsale/item/453345858,Giant TCR Racersykkel,5500.0,14235.092,-61.363087232023304,good_deal,3.0,3,3,1,0,0,5.0,54.0,Pent brukt - I god stand,Giant,Shimano 105
453336156,https://www.finn.no/recommerce/forsale/item/453336156,"Orbea Orca landeveissykkel 51 cm 28""/700c unisex",22000.0,35055.32,-37.24205112410496,good_deal,3.0,3,3,1,0,1,1.0,51.0,Pent brukt - I god stand,Orbea,Shimano 105 Di2
452661512,https://www.finn.no/recommerce/forsale/item/452661512,Scott Addict RC20 | KARBON OPPGRADERINGER,38000.0,35156.4,8.088432515507158,ok_deal,3.0,4,3,1,1,1,5.0,54.0,Pent brukt - I god stand,Scott,SRAM Force AXS
453325380,https://www.finn.no/recommerce/forsale/item/453325380,"Ønsker å kjøpe landeveissykkel, L eller XL",30000.0,9750.606,207.6731705690181,bad_deal,3.0,0,1,0,0,0,5.0,56.0,,,
453185631,https://www.finn.no/recommerce/forsale/item/453185631,White RR Ultimate karbon 8kg/str58cm,8500.0,8864.73,-4.114399981316408,ok_deal,3.0,4,1,1,0,0,5.0,58.0,,White,Shimano Ultegra/SRAM Force
453310478,https://www.finn.no/recommerce/forsale/item/453310478,Wilier Garda – Carbon Landeveissykkel – Shimano 105 12-delt,20500.0,11586.334,76.93258305556975,bad_deal,2.0,3,4,1,0,0,5.0,54.0,Godt brukt - Synlig brukt,Wilier,Shimano 105 R7100
415488301,https://www.finn.no/recommerce/forsale/item/415488301,Speedwell Titanium,8000.0,6089.87,31.36569164950697,bad_deal,3.0,1,1,0,0,0,5.0,53.0,Pent brukt - I god stand,Speedwell,Campagnolo
453291962,https://www.finn.no/recommerce/forsale/item/453291962,"Trek landeveissykkel L 28""/700c unisex",7000.0,6823.392,2.588271461332573,ok_deal,2.0,0,3,0,0,0,5.0,56.0,Godt brukt - Synlig brukt,Trek,
453298052,https://www.finn.no/recommerce/forsale/item/453298052,Par søker par!,40000.0,9444.94,323.5071708263115,bad_deal,3.0,0,3,0,0,0,5.0,54.0,Pent brukt - I god stand,Giant,
452022860,https://www.finn.no/recommerce/forsale/item/452022860,Specialized S-works tarmac. Med Enve Classic 25,22000.0,32274.844,-31.835456213478956,good_deal,3.0,4,4,1,1,1,11.0,54.0,Pent brukt - I god stand,Specialized,Shimano Ultegra Di2 6870
413906084,https://www.finn.no/recommerce/forsale/item/413906084,Fin retro racer,5000.0,10241.027,-51.17677326531648,good_deal,3.0,0,1,0,0,0,5.0,58.0,,Moser,
453270845,https://www.finn.no/recommerce/forsale/item/453270845,Specialized Dolce sport,5000.0,13016.496,-61.587204697884864,good_deal,3.0,0,4,0,0,0,5.0,54.0,Pent brukt - I god stand,Specialized,
453274680,https://www.finn.no/recommerce/forsale/item/453274680,RESERVERT: Trek Project One i fantastisk tilstand,9500.0,12679.101,-25.07354969218769,good_deal,3.0,4,3,0,0,0,5.0,54.0,Pent brukt - I god stand,Trek,Shimano Ultegra
453262361,https://www.finn.no/recommerce/forsale/item/453262361,Trek Domane Alu 2,9900.0,13155.518,-24.746404379697502,good_deal,3.0,1,3,0,0,0,3.0,56.0,Pent brukt - I god stand,Trek,Shimano Claris R2000
418855503,https://www.finn.no/recommerce/forsale/item/418855503,Bianchi fullkarbon dura-ace landeveissykkel,19999.0,13268.294,50.72774301224584,bad_deal,3.0,5,3,1,0,0,5.0,56.0,Pent brukt - I god stand,Bianchi,Shimano Dura-Ace
453261427,https://www.finn.no/recommerce/forsale/item/453261427,Ridley Noah RS - karbon Ultegra DI2 (M),12500.0,23673.936,-47.19931557112809,good_deal,3.0,4,3,1,0,1,13.0,54.0,Pent brukt - I god stand,Ridley,Shimano Ultegra Di2
453260852,https://www.finn.no/recommerce/forsale/item/453260852,Landeveissykling,8000.0,9148.847,-12.557284211989236,ok_deal,3.0,0,1,1,0,0,5.0,54.0,Pent brukt - I god stand,,
453254362,https://www.finn.no/recommerce/forsale/item/453254362,Quintana Roo SRSix,49999.0,21727.906,130.11421084348612,bad_deal,4.0,4,1,1,0,1,1.0,54.0,Som ny - Ikke synlig brukt,Quintana Roo,Shimano Ultegra Di2
74061242,https://www.finn.no/recommerce/forsale/item/74061242,Pinarello Radius - 1997,25000.0,8818.106,183.5075779028435,bad_deal,3.0,2,4,0,0,0,29.0,56.0,Pent brukt - I god stand,Pinarello,Shimano 600
453221710,https://www.finn.no/recommerce/forsale/item/453221710,Canyon Ultimate CF SL 7 etap,33000.0,33619.67,-1.8431824001851596,ok_deal,3.0,3,3,1,0,1,3.0,56.0,Pent brukt - I god stand,Canyon,SRAM Rival eTap AXS
453220271,https://www.finn.no/recommerce/forsale/item/453220271,Eddy Merckx LXM,16000.0,22276.246,-28.174612846959494,good_deal,3.0,0,3,1,1,0,5.0,52.0,Pent brukt - I god stand,Eddy Merckx,
453219014,https://www.finn.no/recommerce/forsale/item/453219014,Vipera Race9 Pro Carbon,8500.0,8161.6504,4.145602827629694,ok_deal,2.0,2,1,1,0,0,5.0,54.0,Godt brukt - Synlig brukt,Vipera,SRAM R2C
421567923,https://www.finn.no/recommerce/forsale/item/421567923,Ny pris. Scott Foil 10 2018,16000.0,23949.354,-33.19235114400351,good_deal,3.0,4,3,1,0,1,8.0,52.0,Pent brukt - I god stand,Scott,Shimano Ultegra R8050 Di2
453213072,https://www.finn.no/recommerce/forsale/item/453213072,Wilier Triestina,11500.0,14700.152,-21.7695182261876,good_deal,3.0,3,1,1,1,0,5.0,54.0,Pent brukt - I god stand,Wilier Triestina,Shimano 105
453212267,https://www.finn.no/recommerce/forsale/item/453212267,"Team Rynkeby, Bianchi",8500.0,11478.237,-25.946817665733768,good_deal,3.0,3,3,0,0,0,5.0,58.0,Pent brukt - I god stand,Bianchi,Shimano 105
453205043,https://www.finn.no/recommerce/forsale/item/453205043,"White RR Ultimate 7,2kg Di2",10000.0,12858.594,-22.230998238046055,good_deal,3.0,2,1,1,0,1,5.0,54.0,Pent brukt - I god stand,White,Shimano Di2
452658781,https://www.finn.no/recommerce/forsale/item/452658781,Ubrukt Rynkeby Bianchi landeveissykkel 53 cm 2026,21000.0,16941.545,23.955637439444523,bad_deal,5.0,3,3,0,0,0,0.0,53.0,Helt ny - Uåpnet/med lapp,Bianchi,Shimano 105 12-speed
424881903,https://www.finn.no/recommerce/forsale/item/424881903,Trek SLR Landevei Unisex - str 54,8000.0,12612.777,-36.5722569901368,good_deal,3.0,5,3,0,0,0,5.0,54.0,Pent brukt - I god stand,Trek,Shimano Dura-Ace
453184869,https://www.finn.no/recommerce/forsale/item/453184869,Scott Addict RC10 2022 mod str 58/XL,45000.0,35507.473,26.733886231914433,bad_deal,3.0,4,3,1,0,1,4.0,54.0,Pent brukt - I god stand,Scott,SRAM Force AXS
347815850,https://www.finn.no/recommerce/forsale/item/347815850,Cannondale SuperSix EVO Hi-MOD Disc Ultegra Di2 - ramme 60,45000.0,33205.297,35.52054712656443,bad_deal,4.0,4,3,1,0,1,5.0,60.0,Som ny - Ikke synlig brukt,Cannondale,Shimano Ultegra Di2
453164079,https://www.finn.no/recommerce/forsale/item/453164079,Ridley Falcn med Ultegra Di2,40000.0,36845.605,8.561114659726107,ok_deal,3.0,4,3,1,0,1,1.0,50.0,Pent brukt - I god stand,Ridley,Shimano Ultegra Di2
453156391,https://www.finn.no/recommerce/forsale/item/453156391,Bianchi landeveissykkel.,8000.0,10655.261,-24.919716245652204,good_deal,3.0,4,3,0,0,0,5.0,56.0,Pent brukt - I god stand,Bianchi,Shimano Ultegra
453148410,https://www.finn.no/recommerce/forsale/item/453148410,RIDLEY FENIX DISC 105 Di2,30000.0,36664.766,-18.177575968072208,ok_deal,3.0,3,3,1,0,1,1.0,54.0,Pent brukt - I god stand,Ridley,Shimano 105 Di2
404962681,https://www.finn.no/recommerce/forsale/item/404962681,Basso Diamante rammesett,12500.0,8185.6855,52.70559720892345,bad_deal,2.0,0,1,1,0,0,5.0,53.0,Godt brukt - Synlig brukt,Basso,
443653545,https://www.finn.no/recommerce/forsale/item/443653545,Eddy Merckx Landevei Alu Team,8500.0,11172.94,-23.923339129109277,good_deal,3.0,4,3,0,0,0,5.0,58.0,Pent brukt - I god stand,Eddy Merckx,Campagnolo Athena
453130912,https://www.finn.no/recommerce/forsale/item/453130912,Nakamura Pursuit 4.0,6500.0,10286.214,-36.80862478725365,good_deal,3.0,3,2,0,0,0,5.0,51.0,Pent brukt - I god stand,Nakamura,Shimano 105
453125086,https://www.finn.no/recommerce/forsale/item/453125086,"Merckx landeveissykkel 28""/700c rød",12000.0,9096.831,31.91406906272628,bad_deal,3.0,0,1,0,0,0,5.0,54.0,Pent brukt - I god stand,Merckx,
453119118,https://www.finn.no/recommerce/forsale/item/453119118,Gekko Firm RCE 105,16000.0,17776.271,-9.99237374348332,ok_deal,3.0,3,1,0,0,0,2.0,56.0,Pent brukt - I god stand,Gekko,Shimano 105
450377271,https://www.finn.no/recommerce/forsale/item/450377271,Orbea orca aero 2022 str 53/54 (m),38000.0,35507.473,7.019726151394408,ok_deal,3.0,4,3,1,0,1,4.0,54.0,Pent brukt - I god stand,Orbea,SRAM Force eTap AXS
453099816,https://www.finn.no/recommerce/forsale/item/453099816,Vipera Team Issue (2014) - mangler giroppheng / gear deraillur hanger,10000.0,9231.028,8.330292715009977,ok_deal,1.0,5,1,1,0,0,12.0,54.0,Må fikses - Noen mangler/ødelagte deler,Vipera,Campagnolo Record
453099962,https://www.finn.no/recommerce/forsale/item/453099962,"Merida Ride Carbonramme, wattmåler, ultegra 2x11 speed. Oppgraderte hjul.",14000.0,11067.433,26.497268917258026,bad_deal,3.0,4,2,1,0,0,5.0,52.0,Pent brukt - I god stand,Merida,Shimano Ultegra
453101673,https://www.finn.no/recommerce/forsale/item/453101673,Ny Ridley Helium Di2,33900.0,39016.887,-13.11454385285698,ok_deal,5.0,3,3,1,0,1,5.0,54.0,Helt ny - Uåpnet/med lapp,Ridley,Shimano 105 Di2
413442428,https://www.finn.no/recommerce/forsale/item/413442428,Argon 18 E119 2025 modell - Utleie,5000.0,48468.11,-89.68393844019215,good_deal,4.0,4,1,1,1,1,1.0,54.0,Som ny - Ikke synlig brukt,Argon 18,Shimano Ultegra Di2 R8150
419766394,https://www.finn.no/recommerce/forsale/item/419766394,Ny pris: Giant TCR Advanced (2012) – fullkarbon med Ultegragruppe,12500.0,11753.743,6.3490993934528674,ok_deal,3.0,4,3,1,0,0,14.0,56.0,Pent brukt - I god stand,Giant,Shimano Ultegra
453056164,https://www.finn.no/recommerce/forsale/item/453056164,"Fuji landeveisykkel 56 cm 28""/700c Unisex, Hentes i Trondheim.",7500.0,10626.307,-29.42044443431497,good_deal,3.0,3,3,0,0,0,5.0,56.0,Pent brukt - I god stand,Fuji,Shimano 105
443490053,https://www.finn.no/recommerce/forsale/item/443490053,Trek Landevei sykkel Domane størrelse S 52,22000.0,12753.921,72.49597339666148,bad_deal,4.0,3,3,0,0,0,5.0,52.0,Som ny - Ikke synlig brukt,Trek,Shimano 105
453039786,https://www.finn.no/recommerce/forsale/item/453039786,Giant TCR adv 0,34000.0,37358.883,-8.990854542834839,ok_deal,3.0,4,3,1,1,1,5.0,54.0,Pent brukt - I god stand,Giant,Shimano Ultegra Di2
453030748,https://www.finn.no/recommerce/forsale/item/453030748,Dare VSRU -helt strøken,45000.0,27999.852,60.71513771975911,bad_deal,4.0,4,1,0,1,1,3.0,50.0,Som ny - Ikke synlig brukt,Dare,Shimano Ultegra Di2
423787714,https://www.finn.no/recommerce/forsale/item/423787714,Merida Scultura Endurance 8000 - 2025-modell,39999.0,44506.63,-10.127994451669199,ok_deal,4.0,4,2,1,1,1,1.0,54.0,Som ny - Ikke synlig brukt,Merida,Shimano Ultegra Di2
434182755,https://www.finn.no/recommerce/forsale/item/434182755,S-works aethos,54000.0,31126.416,73.4860832448323,bad_deal,3.0,4,4,1,1,1,5.0,56.0,Pent brukt - I god stand,Specialized,SRAM Force AXS
453005360,https://www.finn.no/recommerce/forsale/item/453005360,Bottecchia 8AVIO Revolution – Str 58 – Shimano 105 – Karbon,15000.0,11037.306,35.90273257394732,bad_deal,3.0,3,1,1,0,0,6.0,58.0,Pent brukt - I god stand,Bottecchia,Shimano 105
451891818,https://www.finn.no/recommerce/forsale/item/451891818,Gavia Imperiale Carbon (M),18999.0,29270.941,-35.092623990756614,good_deal,3.0,3,1,1,0,1,1.0,54.0,Pent brukt - I god stand,Gavia,Shimano 105 R7100 Di2
443590694,https://www.finn.no/recommerce/forsale/item/443590694,Rossetti Diablesse SRAM Red,19450.0,16418.258,18.465675360462367,ok_deal,3.0,5,1,1,1,0,5.0,51.0,,Rossetti,SRAM Red
452997109,https://www.finn.no/recommerce/forsale/item/452997109,"Trek émonda alr 5 - lite brukt, mest kjørt på rulle",19500.0,10440.194,86.77813240388265,bad_deal,3.0,3,3,0,0,0,5.0,54.0,Pent brukt - I god stand,Trek,Shimano 105
452982529,https://www.finn.no/recommerce/forsale/item/452982529,En fantastisk Ridley Noah RS - karbon selges!,13300.0,14035.944,-5.243283375335103,ok_deal,3.0,4,3,1,0,0,5.0,54.0,Pent brukt - I god stand,Ridley,Shimano Ultegra
452974170,https://www.finn.no/recommerce/forsale/item/452974170,Merida Jr 90 Ride xs,6000.0,12208.974,-50.855819821949936,good_deal,3.0,1,2,0,1,0,5.0,50.0,Pent brukt - I god stand,Merida,Shimano Claris
452977082,https://www.finn.no/recommerce/forsale/item/452977082,Fin sykkel selges,5100.0,15672.836,-67.4596223661261,good_deal,3.0,0,1,0,0,0,4.0,57.0,Pent brukt - I god stand,Fixie Inc,
445704037,https://www.finn.no/recommerce/forsale/item/445704037,Cannondale Caad 10 - Str 54 cm - Shimano 105,7900.0,11151.701,-29.15879041016549,good_deal,3.0,3,3,0,0,0,5.0,54.0,Pent brukt - I god stand,Cannondale,Shimano 105
452943925,https://www.finn.no/recommerce/forsale/item/452943925,"Cannondale SuperSix EVO 3, str 54/M",42000.0,18841.463,122.91262755875532,bad_deal,3.0,0,3,0,1,0,2.0,54.0,Pent brukt - I god stand,Cannondale,
452959607,https://www.finn.no/recommerce/forsale/item/452959607,Tandem sykkel,13000.0,9096.831,42.9069081512868,bad_deal,3.0,0,1,0,0,0,5.0,54.0,Pent brukt - I god stand,TubRace,
434701251,https://www.finn.no/recommerce/forsale/item/434701251,Bianchi Oltre Comp landeveissykkel str 55,50000.0,33834.44,47.77841135206047,bad_deal,3.0,3,3,1,0,1,1.0,55.0,Pent brukt - I god stand,Bianchi,Shimano 105 Di2
438559494,https://www.finn.no/recommerce/forsale/item/438559494,Cervélo R5 Dura-Ace Di2 str. 54 - Toppmodell,30000.0,34556.88,-13.18660437654813,ok_deal,3.0,5,1,1,1,1,5.0,54.0,Pent brukt - I god stand,Cervélo,Shimano Dura-Ace R9150 Di2
399845718,https://www.finn.no/recommerce/forsale/item/399845718,Trek Emonda SL6 str. 54 med Zipp 808!,33000.0,21924.156,50.518905374066556,bad_deal,3.0,4,3,1,1,0,5.0,54.0,Pent brukt - I god stand,Trek,Shimano Ultegra
410560914,https://www.finn.no/recommerce/forsale/item/410560914,Prorace Delta karbon landeveisykkel selges,8500.0,8862.98,-4.095467320839006,ok_deal,3.0,0,1,1,0,0,5.0,58.0,Pent brukt - I god stand,Prorace,
442218680,https://www.finn.no/recommerce/forsale/item/442218680,White S/52 Ultegra,6000.0,12558.713,-52.224403469889324,good_deal,3.0,4,1,0,0,0,5.0,52.0,Pent brukt - I god stand,White,Shimano Ultegra
379766691,https://www.finn.no/recommerce/forsale/item/379766691,Landeveissykkel i titan - 50 cm,35000.0,16568.512,111.2440790948757,bad_deal,3.0,0,1,0,1,0,5.0,50.0,Pent brukt - I god stand,Van Nicholas,
452886840,https://www.finn.no/recommerce/forsale/item/452886840,Merida scultura endurance 6000 Carbon Di2 XS NY!,29000.0,13501.03,114.79842214009275,bad_deal,5.0,2,2,1,0,1,5.0,50.0,Helt ny - Uåpnet/med lapp,Merida,Shimano Di2
443327159,https://www.finn.no/recommerce/forsale/item/443327159,Supersix EVO eTap AXS,35000.0,37474.39,-6.602884219681691,ok_deal,3.0,4,3,1,1,1,5.0,54.0,Pent brukt - I god stand,Cannondale,SRAM Force eTap AXS
452873275,https://www.finn.no/recommerce/forsale/item/452873275,Orbea Orca M30 landeveissykkel,22000.0,25058.021,-12.20376272038013,ok_deal,4.0,3,3,1,0,0,2.0,51.0,Som ny - Ikke synlig brukt,Orbea,Shimano 105 R7100
430031616,https://www.finn.no/recommerce/forsale/item/430031616,GIANT PROPEL ADVANCED 1 Carbon | str S |Ultegra Di2 | tempobøyle m/Di2 skifter,19990.0,27501.535,-27.313148569973293,good_deal,3.0,4,3,1,0,1,5.0,52.0,Pent brukt - I god stand,Giant,Shimano Ultegra Di2
452873553,https://www.finn.no/recommerce/forsale/item/452873553,Merida Scultura 100,10000.0,7027.1875,42.30444256681638,bad_deal,4.0,1,2,0,0,0,5.0,54.0,Som ny - Ikke synlig brukt,Merida,Shimano Sora
452869835,https://www.finn.no/recommerce/forsale/item/452869835,"Specialized S-Work Tarmac SL5 (str 52, Red eTap, unass hjulsett",15000.0,24168.225,-37.93503559967161,good_deal,3.0,5,4,1,0,1,5.0,52.0,Pent brukt - I god stand,Specialized,SRAM Red eTap
452789081,https://www.finn.no/recommerce/forsale/item/452789081,Scott RC 15,29000.0,31002.43,-6.458944372051485,ok_deal,3.0,4,3,1,0,1,6.0,52.0,Pent brukt - I god stand,Scott,Shimano Ultegra Di2
410320647,https://www.finn.no/recommerce/forsale/item/410320647,Scott Addict RC 15,44000.0,28208.379,55.98202273953121,bad_deal,3.0,4,3,1,0,1,5.0,56.0,Pent brukt - I god stand,Scott,Shimano Ultegra Di2
452796015,https://www.finn.no/recommerce/forsale/item/452796015,BH Racer Allround Quartz 1.5,19800.0,12899.374,53.49582052605357,bad_deal,4.0,3,1,0,0,0,1.0,54.0,Som ny - Ikke synlig brukt,BH,Shimano 105
452793309,https://www.finn.no/recommerce/forsale/item/452793309,"Date VSRu Team edition, S, ARC 1400",55000.0,10088.616,445.16891960239457,bad_deal,3.0,0,1,0,0,0,5.0,52.0,Pent brukt - I god stand,Dare,
452784168,https://www.finn.no/recommerce/forsale/item/452784168,EDDY MERCKX EMX-1 Karbon,6500.0,14035.944,-53.69032646162994,good_deal,3.0,4,3,1,0,0,5.0,54.0,Pent brukt - I god stand,Eddy Merckx,Shimano Ultegra
452399831,https://www.finn.no/recommerce/forsale/item/452399831,Giant TCR Advanced Pro Disc 1 AX 2022 i M,35000.0,31793.975,10.083751496988516,ok_deal,2.0,3,3,1,1,1,4.0,54.0,Godt brukt - Synlig brukt,Giant,SRAM Rival AXS
404520579,https://www.finn.no/recommerce/forsale/item/404520579,Felt F2,8000.0,15454.106,-48.23382362280454,good_deal,3.0,5,3,1,0,0,5.0,56.0,Pent brukt - I god stand,Felt,Shimano Dura Ace
452723466,https://www.finn.no/recommerce/forsale/item/452723466,"Specialized Roubaix herre 61 cm ramme 28""/700c hjul",19000.0,23223.46,-18.1861822786292,ok_deal,4.0,2,4,1,0,0,2.0,61.0,Som ny - Ikke synlig brukt,Specialized,Shimano Tiagra
452721065,https://www.finn.no/recommerce/forsale/item/452721065,Canyon Ultimate CF SL 7 AXS Aero,39000.0,38911.426,0.22763036041892015,ok_deal,5.0,3,3,1,0,1,1.0,56.0,Helt ny - Uåpnet/med lapp,Canyon,SRAM Rival eTap AXS
424611181,https://www.finn.no/recommerce/forsale/item/424611181,Lapierre Sensium 500 Di2 karbon str 58,15000.0,36694.184,-59.121586772256464,good_deal,3.0,4,3,1,0,1,5.0,58.0,Pent brukt - I god stand,Lapierre,Shimano Ultegra Di2
448904902,https://www.finn.no/recommerce/forsale/item/448904902,Bridgestone Professional m/Shimano Ultegra - kan sendes,7250.0,9097.742,-20.309898317834694,good_deal,3.0,4,1,0,0,0,5.0,57.0,Pent brukt - I god stand,Bridgestone,Shimano Ultegra 6600
452692922,https://www.finn.no/recommerce/forsale/item/452692922,Landeveissykkel ridley x-night karbon,15000.0,32119.807,-53.29984340245666,good_deal,3.0,4,3,1,0,1,5.0,56.0,Pent brukt - I god stand,Ridley,Shimano Ultegra
452683873,https://www.finn.no/recommerce/forsale/item/452683873,Merida Reacto 6000 rammesett størrelse M,23000.0,8472.547,171.46500738598746,bad_deal,4.0,0,2,0,0,0,5.0,54.0,Som ny - Ikke synlig brukt,Merida,
399500331,https://www.finn.no/recommerce/forsale/item/399500331,"Merida Scultura 8000e/Di2, M.",35000.0,20447.912,71.16661991105258,bad_deal,3.0,4,2,1,0,1,5.0,54.0,Pent brukt - I god stand,Merida,Shimano Ultegra Di2
451893626,https://www.finn.no/recommerce/forsale/item/451893626,Giant Liv Lagma PRO 0 - SRAM Force AXS eTap,40000.0,34682.31,15.332576238042833,ok_deal,3.0,4,3,1,1,1,5.0,52.0,Pent brukt - I god stand,Giant,SRAM Force AXS eTap
451887774,https://www.finn.no/recommerce/forsale/item/451887774,Giant TCR PRO 1 - SRAM AXS eTap,40000.0,27713.33,44.33487382150892,bad_deal,3.0,2,3,1,1,1,5.0,54.0,Pent brukt - I god stand,Giant,SRAM AXS eTap
452354738,https://www.finn.no/recommerce/forsale/item/452354738,TREK DOMANE/ EMONDA SL7 - BYTTET RAMME 58 (L),16500.0,20909.719,-21.089325986271337,good_deal,3.0,0,3,1,1,0,5.0,58.0,Pent brukt - I god stand,Trek,
452638946,https://www.finn.no/recommerce/forsale/item/452638946,Giant TCR Composite 2 M,25000.0,29948.678,-16.523860513196958,ok_deal,3.0,4,3,0,0,1,5.0,54.0,Pent brukt - I god stand,Giant,Shimano Ultegra Di2
404305933,https://www.finn.no/recommerce/forsale/item/404305933,Pinarello vintage/retro landeveissykkel.,20000.0,11846.581,68.8250804824935,bad_deal,4.0,0,4,0,0,0,5.0,54.0,Som ny - Ikke synlig brukt,Pinarello,
452635824,https://www.finn.no/recommerce/forsale/item/452635824,Bianchi Infinito XE ultegra,20000.0,13998.271,42.87478294962478,bad_deal,3.0,4,3,1,0,0,5.0,57.0,Pent brukt - I god stand,Bianchi,Shimano Ultegra
452634476,https://www.finn.no/recommerce/forsale/item/452634476,Scott Foil 10 xs,25000.0,23838.24,4.873513120946444,ok_deal,4.0,4,3,1,0,1,8.0,50.0,Som ny - Ikke synlig brukt,Scott,Shimano Ultegra Di2
430249450,https://www.finn.no/recommerce/forsale/item/430249450,Canyon Ultimate CF SLX F10,9500.0,14790.72,-35.77053601428841,good_deal,3.0,5,3,1,0,0,5.0,54.0,Pent brukt - I god stand,Canyon,Shimano Dura-Ace
452617613,https://www.finn.no/recommerce/forsale/item/452617613,Scott Addict RC 15,30000.0,13728.012,118.53128198474208,bad_deal,3.0,0,3,1,0,0,6.0,56.0,Pent brukt - I god stand,Scott,
452604639,https://www.finn.no/recommerce/forsale/item/452604639,Merida Mission Road 400 Gravel,12000.0,7945.25,51.033636449450924,bad_deal,3.0,3,2,0,0,0,5.0,54.0,Pent brukt - I god stand,Merida,Shimano 105
452599982,https://www.finn.no/recommerce/forsale/item/452599982,Orbea orca aero,28000.0,38356.11,-26.999895306769496,good_deal,3.0,4,3,0,1,1,7.0,53.0,Pent brukt - I god stand,Orbea,Shimano Ultegra Di2
351051619,https://www.finn.no/recommerce/forsale/item/351051619,"Trek Equinox TTI, landeveisykkel med temporamme, str 54cm",16900.0,16386.062,3.1364307319101217,ok_deal,5.0,4,3,0,0,0,5.0,54.0,Helt ny - Uåpnet/med lapp,Trek,Shimano Ultegra
452563883,https://www.finn.no/recommerce/forsale/item/452563883,Specialized Roubaix SL4,19500.0,24152.05,-19.261514574412598,ok_deal,3.0,4,4,1,1,0,5.0,54.0,Pent brukt - I god stand,Specialized,Shimano Ultegra
452543371,https://www.finn.no/recommerce/forsale/item/452543371,Carrera Mercurio,6990.0,9349.719,-25.238392866095573,good_deal,3.0,0,1,0,0,0,5.0,54.0,Pent brukt - I god stand,Carrera,
452553636,https://www.finn.no/recommerce/forsale/item/452553636,Jamis Xenith Carbon / Shimano 105 / Mavic Cosmic SLE – Bygd 2025,18500.0,22530.826,-17.890272381163896,ok_deal,4.0,3,1,1,0,0,1.0,56.0,Som ny - Ikke synlig brukt,Jamis,Shimano 105
351046891,https://www.finn.no/recommerce/forsale/item/351046891,"Team Miyata, veteransykkel, str 60",12000.0,18212.797,-34.11226138214975,good_deal,5.0,0,1,0,0,0,5.0,60.0,Helt ny - Uåpnet/med lapp,Miyata,Suntour Superbe
452368456,https://www.finn.no/recommerce/forsale/item/452368456,Scott Addict RC (Large) med Hunt karbonhjulsett til salgs!,30000.0,38212.434,-21.49152205551551,good_deal,3.0,4,3,1,1,1,5.0,56.0,Pent brukt - I god stand,Scott,SRAM Force eTap AXS
452548168,https://www.finn.no/recommerce/forsale/item/452548168,Merida Scultura 8000 - Ultegra Di2 - 54 - Wattmåler,33000.0,41009.324,-19.530495494212587,ok_deal,3.0,4,2,1,1,1,2.0,54.0,Pent brukt - I god stand,Merida,Shimano Ultegra Di2
375684191,https://www.finn.no/recommerce/forsale/item/375684191,Fantastisk racing sykkel med høy toppfart,9900.0,6748.5312,46.698587192583574,bad_deal,3.0,2,1,0,0,0,5.0,54.0,Pent brukt - I god stand,,Shimano 600
414643306,https://www.finn.no/recommerce/forsale/item/414643306,Miyata,8000.0,10514.512,-23.91467893146191,good_deal,4.0,0,1,0,0,0,5.0,54.0,Som ny - Ikke synlig brukt,Miyata,
452497872,https://www.finn.no/recommerce/forsale/item/452497872,Aeroad CF SLX 7 Di2,51000.0,25856.885,97.23953779536927,bad_deal,3.0,3,3,1,0,1,5.0,54.0,Pent brukt - I god stand,Canyon,Shimano 105 Di2
452344687,https://www.finn.no/recommerce/forsale/item/452344687,Jamis Ventura Race,7000.0,9750.606,-28.209593533895777,good_deal,3.0,0,1,0,0,0,5.0,56.0,Pent brukt - I god stand,Jamis,
452488901,https://www.finn.no/recommerce/forsale/item/452488901,Nakamura landeveissykkel 53cm full karbon herre,7500.0,7389.7163,1.4923941163749057,ok_deal,2.0,0,2,1,0,0,5.0,53.0,Godt brukt - Synlig brukt,Nakamura,
452466255,https://www.finn.no/recommerce/forsale/item/452466255,Merida Scultura 9000E,19000.0,31088.887,-38.88491353233012,good_deal,3.0,5,2,1,1,1,5.0,52.0,Pent brukt - I god stand,Merida,SRAM Red
431899048,https://www.finn.no/recommerce/forsale/item/431899048,"Helt RÅ!! Giant TCR Advanced SL 0, Dura Ace Di2, kun 6,5",26000.0,28763.47,-9.607570420299673,ok_deal,3.0,5,3,1,1,1,9.0,54.0,Pent brukt - I god stand,Giant,Shimano Dura Ace Di2
354809874,https://www.finn.no/recommerce/forsale/item/354809874,Colnago Super Profil,19000.0,16597.422,14.475610387531948,ok_deal,3.0,5,4,0,0,0,42.0,50.0,,Colnago,Campagnolo Record
443113482,https://www.finn.no/recommerce/forsale/item/443113482,"Meget pen italiensk banesykkel: Wilier Pista, str. S/M (ca 52/54) Miche hjulsett",6500.0,19903.416,-67.34228940953034,good_deal,4.0,0,4,0,0,0,5.0,52.0,Som ny - Ikke synlig brukt,Wilier,
452450086,https://www.finn.no/recommerce/forsale/item/452450086,Hard rock equilibrium,5900.0,10188.681,-42.09260065623146,good_deal,2.0,0,4,0,0,0,5.0,54.0,Godt brukt - Synlig brukt,Specialized,
452444424,https://www.finn.no/recommerce/forsale/item/452444424,Hard Rocx Road Race 3 – Full Dura-Ace & Ritchey Carbon,9900.0,9186.901,7.762123531220731,ok_deal,3.0,5,1,0,0,0,5.0,54.0,Pent brukt - I god stand,Hard Rocx,Shimano Dura-Ace
452432100,https://www.finn.no/recommerce/forsale/item/452432100,"Cannondale caad13 Ultegra, kun 8,2kg",19000.0,10655.261,78.31567391657602,bad_deal,3.0,4,3,0,0,0,5.0,56.0,Pent brukt - I god stand,Cannondale,Shimano Ultegra
450601047,https://www.finn.no/recommerce/forsale/item/450601047,Gravelsykkel Ns Bikes RAG+ 2,20000.0,11467.962,74.39890496562562,bad_deal,4.0,0,1,0,0,0,5.0,58.0,Som ny - Ikke synlig brukt,NS Bikes,
416342122,https://www.finn.no/recommerce/forsale/item/416342122,Fuji fc440 2.3 Altamira,6800.0,10811.621,-37.104714075385466,good_deal,3.0,0,3,1,0,0,5.0,53.0,Pent brukt - I god stand,Fuji,
405620203,https://www.finn.no/recommerce/forsale/item/405620203,Everest Tiagra Road Racer,6000.0,7129.646,-15.844349028165913,ok_deal,2.0,3,1,0,0,0,5.0,61.0,Godt brukt - Synlig brukt,Everest,Shimano 105
443029050,https://www.finn.no/recommerce/forsale/item/443029050,Cannondale,8500.0,11831.732,-28.15929487819682,good_deal,4.0,1,3,0,0,0,1.0,54.0,Som ny - Ikke synlig brukt,Cannondale,Shimano Claris
452023913,https://www.finn.no/recommerce/forsale/item/452023913,Argon 18 Gallium Sram Red/Force,32500.0,13442.556,141.7695028549215,bad_deal,3.0,5,1,0,0,0,3.0,48.0,Pent brukt - I god stand,Argon 18,SRAM Red/Force
427762040,https://www.finn.no/recommerce/forsale/item/427762040,Dare MA AFO str S med 105 Di2,29000.0,26104.066,11.093802584936105,ok_deal,3.0,3,1,0,0,1,5.0,52.0,Pent brukt - I god stand,Dare,Shimano 105 Di2
452339194,https://www.finn.no/recommerce/forsale/item/452339194,Bmc teammachine slr01,9999.0,10595.137,-5.626512753677155,ok_deal,2.0,0,4,1,0,0,5.0,54.0,Godt brukt - Synlig brukt,BMC,
431377970,https://www.finn.no/recommerce/forsale/item/431377970,Full carbon Trek Emonda S5 56 cm (medium),11000.0,12201.023,-9.843628640271596,ok_deal,3.0,3,3,1,0,0,11.0,56.0,Pent brukt - I god stand,Trek,Shimano 105
452336080,https://www.finn.no/recommerce/forsale/item/452336080,Biancho Carbon 928,7500.0,14930.267,-49.76646968102297,good_deal,4.0,0,3,1,0,0,5.0,54.0,Som ny - Ikke synlig brukt,Bianchi,
106654871,https://www.finn.no/recommerce/forsale/item/106654871,"Trek 5500 med full Dura-ace gruppe,56cm",10000.0,15408.086,-35.09901203456992,good_deal,3.0,5,3,1,0,0,28.0,56.0,Pent brukt - I god stand,Trek,Shimano Dura-Ace
452318064,https://www.finn.no/recommerce/forsale/item/452318064,Trek Madone 3.1 landeveissykkel 51 cm,10000.0,8216.207,21.71066237699973,bad_deal,3.0,0,3,1,0,0,14.0,51.0,Pent brukt - I god stand,Trek,
406973677,https://www.finn.no/recommerce/forsale/item/406973677,Merida Scultura 2024,44000.0,42452.723,3.644706975047703,ok_deal,4.0,5,2,1,1,0,2.0,54.0,Som ny - Ikke synlig brukt,Merida,Shimano Dura-Ace
428447125,https://www.finn.no/recommerce/forsale/item/428447125,Dare Va-AFO,55000.0,20399.312,169.6169294921091,bad_deal,3.0,5,1,1,1,0,5.0,56.0,Pent brukt - I god stand,Dare,Shimano Dura-Ace/Ultegra
422617590,https://www.finn.no/recommerce/forsale/item/422617590,Giant SCR racercross / landevei – 2022,6500.0,13597.366,-52.19662470536753,good_deal,3.0,0,3,0,0,0,4.0,54.0,Pent brukt - I god stand,Giant,
423963419,https://www.finn.no/recommerce/forsale/item/423963419,Canyon Ultimate,40000.0,46220.062,-13.45749478378572,ok_deal,3.0,3,3,0,1,1,1.0,50.0,Pent brukt - I god stand,Canyon,SRAM Rival AXS
452296052,https://www.finn.no/recommerce/forsale/item/452296052,Canyon Endurace CF SL,9500.0,17442.455,-45.53519010111038,good_deal,3.0,4,3,1,0,0,8.0,52.0,Pent brukt - I god stand,Canyon,Shimano Ultegra
452290105,https://www.finn.no/recommerce/forsale/item/452290105,Trek Madone 4.5 Fullkarbon med utstyr selges,7000.0,14732.477,-52.48592475064391,good_deal,3.0,4,3,1,0,0,5.0,54.0,Pent brukt - I god stand,Trek,Shimano Ultegra
452286816,https://www.finn.no/recommerce/forsale/item/452286816,Cannondale caad 4 Neoretro str 52,16000.0,26064.113,-38.61291259998445,good_deal,3.0,4,3,0,1,0,5.0,52.0,Pent brukt - I god stand,Cannondale,Shimano Ultegra
428767591,https://www.finn.no/recommerce/forsale/item/428767591,Dare VSRU str. L,50000.0,33241.99,50.41218225867159,bad_deal,3.0,4,1,0,1,1,5.0,56.0,Pent brukt - I god stand,Dare,Shimano Ultegra Di2
399662623,https://www.finn.no/recommerce/forsale/item/399662623,Merida sykkel silex 300 ny pris large størrelse,15000.0,10740.16,39.6627218009508,bad_deal,4.0,0,2,0,0,0,5.0,56.0,Som ny - Ikke synlig brukt,Merida,
423757268,https://www.finn.no/recommerce/forsale/item/423757268,Canyon Endurace CF SL 8 Disc eTap - SRAM Force AXS Powermeter - Large,34000.0,49106.094,-30.762157191540002,good_deal,3.0,4,3,1,1,1,4.0,56.0,Pent brukt - I god stand,Canyon,SRAM Force AXS
443040277,https://www.finn.no/recommerce/forsale/item/443040277,Specialized TARMAC Expert Disc | 56 | Carbon hjulesett 44mm | Shimano Ultegra,19000.0,23801.074,-20.17167029783812,good_deal,2.0,4,4,1,1,0,5.0,56.0,Godt brukt - Synlig brukt,Specialized,Shimano Ultegra 6800
452210243,https://www.finn.no/recommerce/forsale/item/452210243,white Aero Interceptor 54,9999.0,11092.161,-9.85525831912722,ok_deal,4.0,0,1,0,0,0,5.0,54.0,Som ny - Ikke synlig brukt,White,
442892847,https://www.finn.no/recommerce/forsale/item/442892847,"Bianchi carbon landeveissykkel – 53 cm – Lett og rask, lit brukt",7500.0,12144.959,-38.245983295216845,good_deal,4.0,0,3,1,0,0,5.0,53.0,Som ny - Ikke synlig brukt,Bianchi,
439846535,https://www.finn.no/recommerce/forsale/item/439846535,"Ridley fenix slic, størrelse L, ultegra di2",30000.0,36827.336,-18.538772256257506,ok_deal,3.0,4,3,1,1,1,5.0,56.0,Pent brukt - I god stand,Ridley,Shimano Ultegra Di2
452192411,https://www.finn.no/recommerce/forsale/item/452192411,Scott CR1 Team str. 54,5000.0,13125.84,-61.90719939051519,good_deal,3.0,3,3,1,0,0,5.0,54.0,Pent brukt - I god stand,Scott,Shimano 105
452179442,https://www.finn.no/recommerce/forsale/item/452179442,Trek Madone 5.2 OCLV Carbon,12000.0,11031.928,8.775186793587576,ok_deal,2.0,4,3,1,0,0,17.0,56.0,Godt brukt - Synlig brukt,Trek,Shimano Ultegra
407387899,https://www.finn.no/recommerce/forsale/item/407387899,Gavia Strada landeveissykkel str 58,8000.0,9180.463,-12.858424511801875,ok_deal,1.0,0,1,0,0,0,7.0,58.0,Må fikses - Noen mangler/ødelagte deler,Gavia,
452128196,https://www.finn.no/recommerce/forsale/item/452128196,Specialized TARMAC SL7 COMP DI2 (58),35000.0,38594.324,-9.313090179731132,ok_deal,3.0,3,4,1,0,1,5.0,58.0,Pent brukt - I god stand,Specialized,Shimano 105 Di2
407849158,https://www.finn.no/recommerce/forsale/item/407849158,Corratech sport og fritid sykkel,5000.0,7712.7954,-35.17266134901007,good_deal,3.0,2,1,0,0,0,5.0,54.0,Pent brukt - I god stand,Corratec,Shimano
426328248,https://www.finn.no/recommerce/forsale/item/426328248,"Canyon Endurace 8 AL 2018 – Str. M – Meget pen, Ultegra og Zonda-hjul",14000.0,13885.421,0.825175573722748,ok_deal,3.0,4,3,0,0,0,8.0,54.0,Pent brukt - I god stand,Canyon,Shimano Ultegra
452131071,https://www.finn.no/recommerce/forsale/item/452131071,"Giant landeveissykkel L 28""/700c unisex",16000.0,9668.345,65.48851383052275,bad_deal,3.0,0,3,0,0,0,5.0,56.0,Pent brukt - I god stand,Giant,
452116800,https://www.finn.no/recommerce/forsale/item/452116800,DBS LaMigliore landeveissykkel,11000.0,13505.924,-18.55425708019036,ok_deal,3.0,3,1,0,1,0,5.0,58.0,Pent brukt - I god stand,DBS,Campagnolo Centaur 2x10
452111456,https://www.finn.no/recommerce/forsale/item/452111456,Canyon Ultimate SLX Ultegra Di2 XXXS,21000.0,22346.55,-6.025765651403487,ok_deal,3.0,4,3,1,0,1,9.0,54.0,Pent brukt - I god stand,Canyon,Shimano Ultegra Di2
437593287,https://www.finn.no/recommerce/forsale/item/437593287,Focus Paralane Carbon 105 Disc -58/XL - Endurance (helårsracer/gravel),17000.0,15193.036,11.893369115900331,ok_deal,3.0,3,3,1,0,0,5.0,58.0,Pent brukt - I god stand,Focus,Shimano 105
452103435,https://www.finn.no/recommerce/forsale/item/452103435,Trek Emonda SL6 - str 52,20000.0,17884.117,11.831072176036086,ok_deal,3.0,4,3,1,0,0,5.0,52.0,Pent brukt - I god stand,Trek,Shimano Ultegra
434983228,https://www.finn.no/recommerce/forsale/item/434983228,BMC TIMEMACHINE TMR01 m/2 hjulsett,28000.0,34333.496,-18.446988551518167,ok_deal,3.0,4,4,1,1,1,5.0,54.0,Pent brukt - I god stand,BMC,Shimano Ultegra Di2
369295337,https://www.finn.no/recommerce/forsale/item/369295337,Specialized S-Works Tarmac Disc,22500.0,16905.115,33.09580968870485,bad_deal,3.0,4,4,1,1,0,12.0,49.0,Pent brukt - I god stand,Specialized,SRAM Force
452078793,https://www.finn.no/recommerce/forsale/item/452078793,Giant Tcr sl0 str M/L,34500.0,38947.66,-11.419582430387095,ok_deal,3.0,4,3,1,1,1,6.0,54.0,Pent brukt - I god stand,Giant,Shimano Ultegra Di2 12s
452045007,https://www.finn.no/recommerce/forsale/item/452045007,NY PRIS | Trek Madone full-karbon landeveissykkel,14000.0,11539.509,21.322321910873963,bad_deal,3.0,0,3,1,1,0,16.0,54.0,,Trek,
452041326,https://www.finn.no/recommerce/forsale/item/452041326,Temposykkel,25000.0,16798.799,48.820164202123365,bad_deal,2.0,4,1,1,1,0,5.0,54.0,Godt brukt - Synlig brukt,,SRAM Force
433477790,https://www.finn.no/recommerce/forsale/item/433477790,Colnago v4rs rammesett,45000.0,13603.347,230.80094964567758,bad_deal,4.0,0,4,1,0,0,5.0,54.0,Som ny - Ikke synlig brukt,Colnago,
452024418,https://www.finn.no/recommerce/forsale/item/452024418,"Wilierlandeveissykkel XL 28""/700c unisex",19999.0,20010.191,-0.05592853173060837,ok_deal,4.0,0,4,0,0,0,5.0,58.0,Som ny - Ikke synlig brukt,Wilier,
442791713,https://www.finn.no/recommerce/forsale/item/442791713,Cannondale Landevei Herre,5280.0,8201.996,-35.6254265467962,good_deal,3.0,2,3,0,0,0,5.0,54.0,Pent brukt - I god stand,Cannondale,Shimano
451994669,https://www.finn.no/recommerce/forsale/item/451994669,"Giant TCR Advance, Full karbon landeveissykkel",15000.0,31332.996,-52.12714432057759,good_deal,3.0,4,3,1,1,0,5.0,52.0,,Giant,Shimano Ultegra
451967283,https://www.finn.no/recommerce/forsale/item/451967283,Merida Racelite 904,9500.0,11736.213,-19.053956429260996,ok_deal,4.0,3,2,0,0,0,5.0,54.0,Som ny - Ikke synlig brukt,Merida,Shimano 105
451964004,https://www.finn.no/recommerce/forsale/item/451964004,CANYON Endurace CF SLX 8.0 - Medium,32000.0,36657.875,-12.706342088841756,ok_deal,3.0,4,3,1,1,1,5.0,54.0,Pent brukt - I god stand,Canyon,Shimano Ultegra Di2
433167947,https://www.finn.no/recommerce/forsale/item/433167947,Gekko Feather Rce Fullkarbon Landeveissykkel str 54,29990.0,29902.387,0.2929976194678231,ok_deal,4.0,3,1,1,0,1,5.0,54.0,Som ny - Ikke synlig brukt,Gekko,Shimano 105 Di2
432954484,https://www.finn.no/recommerce/forsale/item/432954484,Specialized Venge str 54- Billig ved rask handel,22000.0,20697.186,6.294645473290969,ok_deal,3.0,4,4,1,0,1,12.0,54.0,Pent brukt - I god stand,Specialized,SRAM Force
451950114,https://www.finn.no/recommerce/forsale/item/451950114,"Bianchi D2 Super Pista 125-årsjubileum: en interessant, stilig og unik sykkel!",12000.0,10671.85,12.445362699435412,ok_deal,3.0,0,3,0,0,0,5.0,55.0,Pent brukt - I god stand,Bianchi,
432946070,https://www.finn.no/recommerce/forsale/item/432946070,Specialized Amira Expert landeveissykkel/ Karbonramme og Ultegra-komponenter,20000.0,24039.148,-16.802377372066594,ok_deal,4.0,4,4,1,0,0,8.0,54.0,Som ny - Ikke synlig brukt,Specialized,Shimano Ultegra
451930130,https://www.finn.no/recommerce/forsale/item/451930130,Scott Addict RC30 2025,39500.0,38586.56,2.3672528453935597,ok_deal,3.0,0,3,1,0,0,1.0,54.0,Pent brukt - I god stand,Scott,
441409572,https://www.finn.no/recommerce/forsale/item/441409572,Orbea Orca Aero M20iLTD OMX,49000.0,54782.914,-10.556054130129818,ok_deal,4.0,4,3,1,1,1,3.0,55.0,Som ny - Ikke synlig brukt,Orbea,Shimano Ultegra Di2 R-8150
451894192,https://www.finn.no/recommerce/forsale/item/451894192,Canyon Aeroad CF SLX 8.0 Di2 Str.L/57,29000.0,22407.053,29.423536168639703,bad_deal,3.0,4,3,1,0,1,8.0,56.0,Pent brukt - I god stand,Canyon,Shimano Ultegra Di2
451856553,https://www.finn.no/recommerce/forsale/item/451856553,Trek Domane SL7,47000.0,25985.088,80.87296913456599,bad_deal,3.0,0,3,0,1,1,5.0,54.0,Pent brukt - I god stand,Trek,
419404830,https://www.finn.no/recommerce/forsale/item/419404830,"Spesiell landeveissykkel, bud ønskes. Alltid innelagret og godt vedlikeholdt",9000.0,16619.17,-45.84567073862251,good_deal,3.0,0,1,0,0,0,3.0,54.0,Pent brukt - I god stand,BH,
433750918,https://www.finn.no/recommerce/forsale/item/433750918,Ønsker å kjøpe temposykkel,25000.0,9096.831,174.82097721401308,bad_deal,3.0,0,1,0,0,0,5.0,54.0,Pent brukt - I god stand,,
442774539,https://www.finn.no/recommerce/forsale/item/442774539,Cannondale Synapse str 56 m Di2 m utstyr,19000.0,23215.777,-18.159104824827,ok_deal,3.0,4,3,1,0,1,9.0,56.0,Pent brukt - I god stand,Cannondale,Shimano Ultegra Di2
357716667,https://www.finn.no/recommerce/forsale/item/357716667,S-Works Venge karbon sykkel,27500.0,12042.97,128.3489921870749,bad_deal,3.0,0,4,1,0,0,5.0,54.0,,Specialized,
418931943,https://www.finn.no/recommerce/forsale/item/418931943,Bianchi 928 full karbon selges,9990.0,12009.042,-16.812681590263328,ok_deal,3.0,5,3,1,0,0,16.0,55.0,Pent brukt - I god stand,Bianchi,Shimano Dura-Ace
440816137,https://www.finn.no/recommerce/forsale/item/440816137,Ridley Falcn Ultegra di2 Medium,55000.0,35811.715,53.58102855440002,bad_deal,3.0,4,3,0,1,1,5.0,54.0,Pent brukt - I god stand,Ridley,Shimano Ultegra Di2
451769932,https://www.finn.no/recommerce/forsale/item/451769932,Selger Giant propel advanced 1 2025 *Medium*,38600.0,39894.504,-3.2448176553141668,ok_deal,3.0,3,3,1,1,1,1.0,54.0,,Giant,Shimano 105 Di2
423019073,https://www.finn.no/recommerce/forsale/item/423019073,"""Ny"" Eddy Merckx EM525 DISC. Toppsykkel FFWD karbon Shimano Ultegra S (53)",28999.0,22871.709,26.7898258928133,bad_deal,5.0,4,3,1,1,0,5.0,53.0,Helt ny - Uåpnet/med lapp,Eddy Merckx,Shimano Ultegra
451730550,https://www.finn.no/recommerce/forsale/item/451730550,Scott,6000.0,8683.209,-30.901121799593913,good_deal,3.0,0,3,0,0,0,12.0,54.0,Pent brukt - I god stand,Scott,
450717865,https://www.finn.no/recommerce/forsale/item/450717865,Bianchi oltre xr4 2019,35000.0,26655.422,31.305368806885557,bad_deal,3.0,5,3,1,1,0,7.0,54.0,Pent brukt - I god stand,Bianchi,Campagnolo Super Record 2x11
451722411,https://www.finn.no/recommerce/forsale/item/451722411,Svært sjelden Peugeot Ventoux 1987,7500.0,7670.8457,-2.2272081819531286,ok_deal,3.0,0,1,0,0,0,39.0,54.0,Pent brukt - I god stand,Peugeot,
311883905,https://www.finn.no/recommerce/forsale/item/311883905,Strøkent rammesett Cannondale Supersix Hi-Mod 52 cm,10000.0,11785.983,-15.153452521189474,ok_deal,3.0,0,3,1,0,0,7.0,52.0,Pent brukt - I god stand,Cannondale,
451691726,https://www.finn.no/recommerce/forsale/item/451691726,Cannondale Supersix Hi-Mod 52 cm,30000.0,14005.977,114.19427532331343,bad_deal,3.0,4,3,1,0,0,5.0,52.0,Pent brukt - I god stand,Cannondale,Shimano Ultegra
451693491,https://www.finn.no/recommerce/forsale/item/451693491,Trek Émonda sl5,23000.0,19767.268,16.353967027048444,ok_deal,3.0,3,3,1,0,0,4.0,54.0,Pent brukt - I god stand,Trek,Shimano 105
422931139,https://www.finn.no/recommerce/forsale/item/422931139,temposykkel / triatlonsykkel,25000.0,10514.512,137.76662833918152,bad_deal,4.0,0,1,0,0,0,5.0,54.0,Som ny - Ikke synlig brukt,,
451679588,https://www.finn.no/recommerce/forsale/item/451679588,Orbea Orca m20iltd landeveissykkel,47990.0,34511.36,39.05566419027793,bad_deal,3.0,4,3,1,0,1,1.0,53.0,Pent brukt - I god stand,Orbea,Shimano Ultegra Di2 R8150
451665160,https://www.finn.no/recommerce/forsale/item/451665160,Retro Peugeot landeveissykkel,7500.0,8503.326,-11.799220112166585,ok_deal,3.0,0,1,0,0,0,5.0,54.0,Pent brukt - I god stand,Peugeot,
432478335,https://www.finn.no/recommerce/forsale/item/432478335,Wilier Cento10SL di2(2023)-Unaas karbonhjul,45000.0,45262.613,-0.5801991140418473,ok_deal,3.0,4,4,1,1,1,3.0,56.0,Pent brukt - I god stand,Wilier,Shimano Ultegra Di2
429193236,https://www.finn.no/recommerce/forsale/item/429193236,Merida Reacto 8000 2025 - 54,39000.0,37172.19,4.917139734308693,ok_deal,3.0,4,2,0,1,1,1.0,54.0,Pent brukt - I god stand,Merida,Shimano Ultegra Di2
416068946,https://www.finn.no/recommerce/forsale/item/416068946,Gavia Verona Landeveissykkel i XL størrelse til salgs,13500.0,20751.502,-34.944467969138906,good_deal,4.0,4,1,1,0,0,7.0,58.0,Som ny - Ikke synlig brukt,Gavia,Shimano Ultegra
451620488,https://www.finn.no/recommerce/forsale/item/451620488,Canyon aeroad cf slx 7 speed M,50000.0,35653.727,40.23779509373691,bad_deal,5.0,3,3,1,0,1,5.0,54.0,Helt ny - Uåpnet/med lapp,Canyon,SRAM Rival AXS
451606000,https://www.finn.no/recommerce/forsale/item/451606000,"Trek Domane SL6, 52",25000.0,12707.054,96.74112165341239,bad_deal,3.0,3,3,0,0,0,5.0,52.0,Pent brukt - I god stand,Trek,Shimano 105
400818403,https://www.finn.no/recommerce/forsale/item/400818403,MIYATA Nine Twelve,6900.0,8503.326,-18.85528250319326,ok_deal,3.0,0,1,0,0,0,5.0,54.0,Pent brukt - I god stand,Miyata,
413787617,https://www.finn.no/recommerce/forsale/item/413787617,Carbon Landeveis sykkel merke Wheeler,10000.0,8698.834,14.957935948222229,ok_deal,3.0,0,1,1,0,0,5.0,54.0,Pent brukt - I god stand,Wheeler,
451576729,https://www.finn.no/recommerce/forsale/item/451576729,Merida Scultura 9000-E - Ultra Light Carbon Frameset,8700.0,9191.976,-5.352229032137087,ok_deal,3.0,0,2,1,0,0,5.0,52.0,,Merida,
451576156,https://www.finn.no/recommerce/forsale/item/451576156,Battaglin C12 selges,8000.0,13682.275,-41.53019310310371,good_deal,3.0,5,1,1,0,0,5.0,56.0,Pent brukt - I god stand,Battaglin,SRAM Red 2x10
442563968,https://www.finn.no/recommerce/forsale/item/442563968,Bianchi Nirone 7 Alu&Carbon,8200.0,14737.817,-44.3608250325928,good_deal,4.0,4,3,0,0,0,5.0,54.0,Som ny - Ikke synlig brukt,Bianchi,Shimano Ultegra 2x10
438417793,https://www.finn.no/recommerce/forsale/item/438417793,"Cervélo Caledonia-5 Str M 54, med shimano Ultegra Di2 12-delt",54999.0,19564.016,181.12326760626374,bad_deal,2.0,4,1,1,0,1,5.0,54.0,Godt brukt - Synlig brukt,Cervélo,Shimano Ultegra Di2
426292465,https://www.finn.no/recommerce/forsale/item/426292465,Canyon Ultimate CF SL 7 selges,17000.0,9090.196,87.01466348372179,bad_deal,2.0,3,3,1,0,0,5.0,54.0,Godt brukt - Synlig brukt,Canyon,Shimano 105 R7000
451504457,https://www.finn.no/recommerce/forsale/item/451504457,Landeveissykkel ønsket kjøpt,35000.0,9034.877,287.3876775697995,bad_deal,3.0,0,1,0,0,0,5.0,54.0,,,
451497631,https://www.finn.no/recommerce/forsale/item/451497631,"Gavia Imperiale Karbon landeveissykkel M 28""/700c unisex",22000.0,21580.553,1.9436354146614387,ok_deal,4.0,0,1,1,0,0,1.0,54.0,Som ny - Ikke synlig brukt,Gavia,
428782163,https://www.finn.no/recommerce/forsale/item/428782163,Orbea Orca Aero M20iltd Str.55,49000.0,49141.37,-0.2876824366180132,ok_deal,3.0,4,3,1,1,1,1.0,55.0,Pent brukt - I god stand,Orbea,Shimano Ultegra Di2
429639381,https://www.finn.no/recommerce/forsale/item/429639381,Gekko Feather RCE Kjøpt hos Anton sport i år (juli). Shimano 105 di2 gir.,25000.0,27856.66,-10.254855177278213,ok_deal,3.0,3,1,0,0,1,2.0,54.0,Pent brukt - I god stand,Gekko,Shimano 105 Di2
431136634,https://www.finn.no/recommerce/forsale/item/431136634,Lapierre Aircode SL700,21000.0,30929.25,-32.10310628288756,good_deal,3.0,4,3,0,0,1,5.0,54.0,Pent brukt - I god stand,Lapierre,Shimano Ultegra Di2
451419642,https://www.finn.no/recommerce/forsale/item/451419642,"Merida Reacto landeveissykkel S 28""/700c unisex svart",12000.0,9546.348,25.702524484781282,bad_deal,3.0,4,2,0,0,0,5.0,52.0,Pent brukt - I god stand,Merida,Shimano Ultegra
416465354,https://www.finn.no/recommerce/forsale/item/416465354,"Bianchi Aria – str. 55 – Di2, carbonhjul og wattmåler – Celeste",40000.0,35328.887,13.22179585911184,ok_deal,3.0,4,3,1,1,1,5.0,55.0,Pent brukt - I god stand,Bianchi,Shimano Ultegra Di2
451398111,https://www.finn.no/recommerce/forsale/item/451398111,Dare MR1 - 54cm - Mavic SL32,28000.0,30010.379,-6.698945429946958,ok_deal,3.0,4,1,1,1,1,5.0,54.0,Pent brukt - I god stand,Dare,Shimano Ultegra Di2 R8050
432349874,https://www.finn.no/recommerce/forsale/item/432349874,"Sjelden Atali sykkel fra 1997, full Campagnolo",7500.0,7125.56,5.254884364558241,ok_deal,3.0,3,1,0,0,0,29.0,54.0,Pent brukt - I god stand,Atala,Campagnolo Veloce
451074145,https://www.finn.no/recommerce/forsale/item/451074145,"Bianchi landeveissykkel 50 .28""/700c unisex",25000.0,11666.05,114.297045002798,bad_deal,3.0,0,3,0,0,0,5.0,50.0,Pent brukt - I god stand,Bianchi,
451371472,https://www.finn.no/recommerce/forsale/item/451371472,Pinarello FP8Tempo Sykkel Dura-ace,11000.0,27123.842,-59.44527297284511,good_deal,3.0,5,4,1,1,0,5.0,49.0,Pent brukt - I god stand,Pinarello,Shimano Dura-Ace 7800
363800156,https://www.finn.no/recommerce/forsale/item/363800156,Kuota Khan Full Karbonsykkel - Toppmodell i super fin Stand!,6400.0,9148.847,-30.04582736959139,good_deal,3.0,0,1,1,0,0,5.0,54.0,Pent brukt - I god stand,Kuota,
422540465,https://www.finn.no/recommerce/forsale/item/422540465,Oppgradert landeveissykkel - Alt du vil ha - Factory RCE strl. 56,45000.0,37539.67,19.87318416059011,ok_deal,4.0,4,1,1,1,1,5.0,56.0,Som ny - Ikke synlig brukt,Gekko,Shimano Ultegra Di2
451365772,https://www.finn.no/recommerce/forsale/item/451365772,Cannondale Caad 10 Dura ace c24 hjul,10000.0,11151.701,-10.327582797677834,ok_deal,3.0,3,3,0,0,0,5.0,54.0,Pent brukt - I god stand,Cannondale,Shimano 105
413440645,https://www.finn.no/recommerce/forsale/item/413440645,"Karbon racer med lav vekt. Veier kun 8,3 kg med verktøyvesken under setet.",9000.0,8951.547,0.5412821457185298,ok_deal,3.0,0,1,1,0,0,5.0,54.0,Pent brukt - I god stand,Diamant,
442393987,https://www.finn.no/recommerce/forsale/item/442393987,"Ny 2025 mod Scultura Endurance 8000, DI2, str M",44000.0,40001.98,9.994553980579282,ok_deal,4.0,4,2,1,0,1,1.0,54.0,Som ny - Ikke synlig brukt,Merida,Shimano Ultegra Di2
431985291,https://www.finn.no/recommerce/forsale/item/431985291,Standert Kreissäge Landeveissykkel 58cm,20000.0,12169.668,64.34302111904117,bad_deal,4.0,3,1,0,0,0,5.0,58.0,Som ny - Ikke synlig brukt,Standert,Shimano 105
448598301,https://www.finn.no/recommerce/forsale/item/448598301,Diamant Pinnacle RB2.7 superlett karbonsykkel,15000.0,8979.6455,67.04445611967256,bad_deal,3.0,3,1,1,0,0,5.0,54.0,Pent brukt - I god stand,Diamant,SRAM Rival
451304381,https://www.finn.no/recommerce/forsale/item/451304381,Scott Foil RC 10 2025,55000.0,45366.07,21.235980152430137,bad_deal,3.0,4,3,1,0,1,1.0,56.0,Pent brukt - I god stand,Scott,Shimano Ultegra Di2
400532092,https://www.finn.no/recommerce/forsale/item/400532092,Bianchi vintage stålracer i veldig god stand,7000.0,9300.171,-24.73256592332025,good_deal,3.0,0,3,0,0,0,5.0,54.0,,Bianchi,
439635439,https://www.finn.no/recommerce/forsale/item/439635439,Bianchi Specialissima Disc,55000.0,32563.494,68.90079351584095,bad_deal,3.0,5,3,1,0,1,4.0,55.0,Pent brukt - I god stand,Bianchi,SRAM RED AXS
442261922,https://www.finn.no/recommerce/forsale/item/442261922,Landeveissykel,5500.0,17956.549,-69.37050625571516,good_deal,3.0,0,1,0,0,0,5.0,52.0,Pent brukt - I god stand,,
352229592,https://www.finn.no/recommerce/forsale/item/352229592,"SOM NY!! UNO-X Dare MR1s, FULL DURA ACE m/DT SWISS PRC 1400 HJUL",45000.0,34842.734,29.15174657557283,bad_deal,3.0,5,1,1,1,1,5.0,56.0,Pent brukt - I god stand,Dare,Shimano Dura-Ace 9170
386428954,https://www.finn.no/recommerce/forsale/item/386428954,Felt f85 landeveisykkel,6000.0,6415.9478,-6.4830290061668085,ok_deal,2.0,0,3,0,0,0,5.0,54.0,Godt brukt - Synlig brukt,Felt,
451261938,https://www.finn.no/recommerce/forsale/item/451261938,"HardRocx karbon 56,Ultegra Di2 + Elite Turbomuin",19900.0,39804.7,-50.00590284418954,good_deal,3.0,4,2,1,1,1,5.0,56.0,Pent brukt - I god stand,HardRocx,Shimano Ultegra Di2
442796585,https://www.finn.no/recommerce/forsale/item/442796585,Orbea Orca Aero M30iLTD Di2 - str 51,36000.0,27619.607,30.342185716541525,bad_deal,3.0,3,3,1,0,1,2.0,51.0,Pent brukt - I god stand,Orbea,Shimano 105 Di2
451204123,https://www.finn.no/recommerce/forsale/item/451204123,Ny Orbea Orca M30 str 53 Slate Blue,22500.0,33049.32,-31.9199312202194,good_deal,4.0,3,3,1,0,1,2.0,53.0,Som ny - Ikke synlig brukt,Orbea,Shimano 105 R7100
451197347,https://www.finn.no/recommerce/forsale/item/451197347,Trek Madone 3.1 56 cm,13000.0,14056.937,-7.51896774717053,ok_deal,3.0,0,3,1,0,0,5.0,56.0,Pent brukt - I god stand,Trek,
451190234,https://www.finn.no/recommerce/forsale/item/451190234,"Fuji Jari landeveissykkel 28""/700c unisex str. S",7499.0,11156.212,-32.7818433553826,good_deal,4.0,0,3,0,0,0,5.0,52.0,Som ny - Ikke synlig brukt,Fuji,
451179195,https://www.finn.no/recommerce/forsale/item/451179195,Orbea Orca M30I,33500.0,16340.415,105.01315248062389,bad_deal,3.0,0,3,0,1,0,5.0,53.0,Pent brukt - I god stand,Orbea,
435770148,https://www.finn.no/recommerce/forsale/item/435770148,Ny ubrukt Canyon Inflite CF SL 6 Cyclocross,22000.0,21566.584,2.009664655000579,ok_deal,4.0,2,3,1,0,0,1.0,52.0,Som ny - Ikke synlig brukt,Canyon,Shimano GRX RX820
451139427,https://www.finn.no/recommerce/forsale/item/451139427,DARE VA-AFO 24/25 Di2 105,35000.0,19935.693,75.56449815446639,bad_deal,4.0,3,1,0,0,1,5.0,48.0,Som ny - Ikke synlig brukt,DARE,Shimano 105 Di2
442254499,https://www.finn.no/recommerce/forsale/item/442254499,Faggin Padova Oria Mirage m/Shimano Dura Ace/Ultegra - kan sendes,7250.0,8392.257,-13.610842211669494,ok_deal,3.0,5,1,0,0,0,29.0,52.0,Pent brukt - I god stand,Faggin,Shimano Dura Ace/Ultegra
362565760,https://www.finn.no/recommerce/forsale/item/362565760,PRINCIPIA RSL HANDMADE,12500.0,10521.745,18.801585295779287,ok_deal,4.0,4,1,0,0,0,5.0,54.0,Som ny - Ikke synlig brukt,Principia,Campagnolo Chorus
432349866,https://www.finn.no/recommerce/forsale/item/432349866,Pent brukt sykkel.,6000.0,9349.719,-35.826946666176454,good_deal,3.0,0,1,0,0,0,5.0,54.0,Pent brukt - I god stand,Jamis,
451121485,https://www.finn.no/recommerce/forsale/item/451121485,SRAM etap 2x11 for felgbrems ønskes kjøpt!,10000.0,15544.352,-35.66795012456796,good_deal,3.0,2,1,0,0,1,5.0,54.0,Pent brukt - I god stand,,SRAM eTap
432560637,https://www.finn.no/recommerce/forsale/item/432560637,Francesco Moser Super Prestige m/Shimano Ultegra - kan sendes,6900.0,8795.359,-21.549538730473987,good_deal,3.0,4,1,0,0,0,5.0,53.0,Pent brukt - I god stand,Francesco Moser,Shimano Ultegra 9s
422533929,https://www.finn.no/recommerce/forsale/item/422533929,Eddy Merckx corsa extra columbus slx,9500.0,5373.523,76.79276872505389,bad_deal,2.0,0,3,0,0,0,5.0,54.0,Godt brukt - Synlig brukt,Eddy Merckx,
451086447,https://www.finn.no/recommerce/forsale/item/451086447,Scott Addict RC 15 – Str. 56/L – Oppgradert og meget godt vedlikeholdt,49500.0,44434.824,11.399112903686623,ok_deal,3.0,4,3,1,1,1,2.0,56.0,Pent brukt - I god stand,Scott,Shimano Ultegra Di2
414897068,https://www.finn.no/recommerce/forsale/item/414897068,Pinarello Dogma 2 Landeveissykkel – Str. Large (54cm) – Super Record 11s,32000.0,17575.545,82.07116844594634,bad_deal,2.0,5,4,1,1,0,5.0,56.0,Godt brukt - Synlig brukt,Pinarello,Campagnolo Super Record 11s
450779854,https://www.finn.no/recommerce/forsale/item/450779854,Giant propel advanced,55000.0,50342.742,9.251100774674105,ok_deal,4.0,4,3,1,1,1,1.0,54.0,Som ny - Ikke synlig brukt,Giant,Shimano Ultegra Di2
423917440,https://www.finn.no/recommerce/forsale/item/423917440,S-Works/Specialized Tarmac - 58 ramme,39000.0,28387.877,37.38258787156957,bad_deal,3.0,5,4,1,0,1,7.0,58.0,Pent brukt - I god stand,Specialized,Shimano Dura-Ace R9270
451070930,https://www.finn.no/recommerce/forsale/item/451070930,Giant TCR – Ultegra – Lett og rask landeveissykkel M størellse,7500.0,12679.101,-40.84753923067449,good_deal,3.0,4,3,0,0,0,5.0,54.0,Pent brukt - I god stand,Giant,Shimano Ultegra
431577671,https://www.finn.no/recommerce/forsale/item/431577671,Landeveissykkel,8000.0,9858.727,-18.853617155486454,ok_deal,3.0,0,3,0,0,0,5.0,54.0,Pent brukt - I god stand,Giant,
451045148,https://www.finn.no/recommerce/forsale/item/451045148,NY Pris🤩Orbea Orca M30i Di2 2025 + Elite Suito-T selges,28000.0,30180.727,-7.225560186511829,ok_deal,4.0,3,3,0,0,1,1.0,51.0,Som ny - Ikke synlig brukt,Orbea,Shimano 105 Di2
451045037,https://www.finn.no/recommerce/forsale/item/451045037,Yosemite City Explorer 28,7500.0,11092.161,-32.38468220756617,good_deal,4.0,0,1,0,0,0,5.0,54.0,Som ny - Ikke synlig brukt,Yosemite,
249534056,https://www.finn.no/recommerce/forsale/item/249534056,Karbon landveissykkel 55/56 Ultegra,8200.0,8139.3164,0.7455613066399829,ok_deal,3.0,4,1,1,0,0,5.0,54.0,,Bottecchia,Shimano Ultegra
370724261,https://www.finn.no/recommerce/forsale/item/370724261,Ridley Noah-size S.,18000.0,11218.504,60.44920205422334,bad_deal,3.0,4,3,0,0,0,9.0,52.0,,Ridley,Shimano Ultegra
409358870,https://www.finn.no/recommerce/forsale/item/409358870,VIPERA TEAM ISSUE STR S,16000.0,12961.245,23.444930292869028,bad_deal,3.0,0,1,0,0,0,5.0,52.0,Pent brukt - I god stand,Vipera,
412184152,https://www.finn.no/recommerce/forsale/item/412184152,Infinito CV Ultegra,17000.0,15608.87,8.912431664612775,ok_deal,3.0,4,3,1,0,0,8.0,54.0,Pent brukt - I god stand,Bianchi,Shimano Ultegra
450966969,https://www.finn.no/recommerce/forsale/item/450966969,Scott Addic rc10 XL,43000.0,32838.28,30.94473389955511,bad_deal,3.0,4,3,1,1,0,4.0,58.0,Pent brukt - I god stand,Scott,SRAM Force 2x12
450964789,https://www.finn.no/recommerce/forsale/item/450964789,Specialized S-works Tarmac SL6 disc 54,39000.0,36635.26,6.454814761265163,ok_deal,3.0,4,4,1,1,1,5.0,54.0,Pent brukt - I god stand,Specialized,Shimano Ultegra Di2
450960135,https://www.finn.no/recommerce/forsale/item/450960135,Cannondale Synapse Hi-Mod Disc Ultegra Di2 (2020) – Topp stand – Elektronisk gir,30000.0,31781.514,-5.605502904197881,ok_deal,3.0,4,3,1,0,1,6.0,56.0,Pent brukt - I god stand,Cannondale,Shimano Ultegra Di2
450955861,https://www.finn.no/recommerce/forsale/item/450955861,"Cannondale Supersix EVO Carbon Disc 105 | Veil 36 999,-",22000.0,24742.846,-11.085409237218744,ok_deal,3.0,3,3,1,0,0,3.0,60.0,Pent brukt - I god stand,Cannondale,Shimano 105
450952343,https://www.finn.no/recommerce/forsale/item/450952343,Concorde landeveissykkel,5000.0,9349.719,-46.52245555514705,good_deal,3.0,0,1,0,0,0,5.0,54.0,Pent brukt - I god stand,Concorde,
422421269,https://www.finn.no/recommerce/forsale/item/422421269,"RC LTD 105 23, landeveissykkel, unisex - str S /52",9000.0,21197.205,-57.541572264695496,good_deal,4.0,3,1,0,0,0,3.0,52.0,Som ny - Ikke synlig brukt,,Shimano 105
303022158,https://www.finn.no/recommerce/forsale/item/303022158,Cervelo P5,15000.0,15986.441,-6.170487735089965,ok_deal,3.0,5,4,1,0,1,10.0,48.0,Pent brukt - I god stand,Cervelo,SRAM Red
426258067,https://www.finn.no/recommerce/forsale/item/426258067,Bianchi Impulso 57,10500.0,9889.136,6.177124813915998,ok_deal,3.0,0,3,0,0,0,5.0,57.0,Pent brukt - I god stand,Bianchi,
450902183,https://www.finn.no/recommerce/forsale/item/450902183,"7,,6 kg Winspace S og (M solgt) - 105 DI2 el - Carbon styre, hjul, ramme, setep",32000.0,34811.082,-8.075250372069688,ok_deal,5.0,3,1,1,1,1,5.0,52.0,Helt ny - Uåpnet/med lapp,Winspace,Shimano 105 Di2
450886622,https://www.finn.no/recommerce/forsale/item/450886622,Vision 40 SC Disc Carbon TLR CL,6000.0,12237.991,-50.97234589744107,good_deal,3.0,0,1,0,1,0,5.0,54.0,Pent brukt - I god stand,Vision,
450863241,https://www.finn.no/recommerce/forsale/item/450863241,Canyon Aeroad CFR ramme,30000.0,34503.234,-13.051629670587946,ok_deal,3.0,0,3,1,0,0,2.0,54.0,Pent brukt - I god stand,Canyon,
450865746,https://www.finn.no/recommerce/forsale/item/450865746,Cannondale caad13 105,25000.0,10770.606,132.1132066883783,bad_deal,3.0,3,3,0,0,0,5.0,54.0,Pent brukt - I god stand,Cannondale,Shimano 105
397924403,https://www.finn.no/recommerce/forsale/item/397924403,Specialized Tarmac S-works Sl2 Saxobank,13000.0,18801.918,-30.858117657960012,good_deal,3.0,5,4,1,1,0,17.0,56.0,Pent brukt - I god stand,Specialized,SRAM Red / Force
306908390,https://www.finn.no/recommerce/forsale/item/306908390,MERIDA Scultura Endurance 6000,24000.0,15555.029,54.29093408921828,bad_deal,4.0,4,2,0,0,0,3.0,52.0,Som ny - Ikke synlig brukt,Merida,Shimano Ultegra
431286494,https://www.finn.no/recommerce/forsale/item/431286494,White Interceptor med Sram Force AXS 12-delt,24000.0,32522.186,-26.204221529305805,good_deal,3.0,4,1,0,0,1,1.0,54.0,Pent brukt - I god stand,White,SRAM Force AXS 12-speed
432247471,https://www.finn.no/recommerce/forsale/item/432247471,DBS/Daccordi La Migliore m/Shimano Dura Ace 7800 - kan sendes,7900.0,9709.811,-18.638989279327067,ok_deal,3.0,5,1,0,0,0,5.0,56.0,Pent brukt - I god stand,DBS,Shimano Dura Ace 7800
429348779,https://www.finn.no/recommerce/forsale/item/429348779,Scott Speedster,7500.0,9583.943,-21.744111804839598,good_deal,3.0,0,3,0,0,0,11.0,56.0,Pent brukt - I god stand,Scott,
424972045,https://www.finn.no/recommerce/forsale/item/424972045,Monoc Vipera landeveissykkel,5000.0,9478.719,-47.250254682364115,good_deal,3.0,3,1,0,0,0,5.0,54.0,Pent brukt - I god stand,Monoc,Shimano 105
367333291,https://www.finn.no/recommerce/forsale/item/367333291,Specialized s-works roubaix str 56 sram etap elektroniske gir trådlåst,23000.0,22974.656,0.1103117701706636,ok_deal,3.0,5,4,1,0,1,5.0,56.0,Pent brukt - I god stand,Specialized,SRAM Red eTap
130569956,https://www.finn.no/recommerce/forsale/item/130569956,Ridley Fenix fullkarbon racersykkel. Selges rimelig!,23000.0,11617.262,97.98125028791006,bad_deal,3.0,4,3,1,0,0,13.0,54.0,,Ridley,Shimano Ultegra
450008197,https://www.finn.no/recommerce/forsale/item/450008197,Dare VSRU Large,45000.0,19703.668,128.38387284727878,bad_deal,3.0,4,1,1,1,0,5.0,56.0,Pent brukt - I god stand,Dare,Shimano Ultegra
450341277,https://www.finn.no/recommerce/forsale/item/450341277,Specialized Tarmac Sport SL6 str 52,30000.0,18446.045,62.63648997419099,bad_deal,3.0,0,4,0,0,0,6.0,52.0,Pent brukt - I god stand,Specialized,
251986912,https://www.finn.no/recommerce/forsale/item/251986912,Elsykkel,13000.0,7218.118,80.10234391457153,bad_deal,3.0,0,1,0,0,0,8.0,54.0,Pent brukt - I god stand,DBS,
423240041,https://www.finn.no/recommerce/forsale/item/423240041,White RR Pro,5500.0,10295.577,-46.579002607593466,good_deal,3.0,0,1,0,0,0,5.0,56.0,Pent brukt - I god stand,White,
417042300,https://www.finn.no/recommerce/forsale/item/417042300,Giant Propel Advanced Pro 0 - pent brukt 2023 modell Ultegra Di2,50000.0,43891.844,13.916381104405076,ok_deal,3.0,4,3,1,1,1,3.0,56.0,Pent brukt - I god stand,Giant,Shimano Ultegra Di2
450687038,https://www.finn.no/recommerce/forsale/item/450687038,Orbea Orca M30i 105 str 55 2025 Unaas 50 LTD,40000.0,45266.453,-11.63434013806444,ok_deal,3.0,3,3,1,1,1,1.0,55.0,Pent brukt - I god stand,Orbea,Shimano 105 Di2
352166167,https://www.finn.no/recommerce/forsale/item/352166167,Fuji Speedmax Bike selges,6000.0,9564.721,-37.26946989639048,good_deal,4.0,0,3,0,0,0,5.0,54.0,Som ny - Ikke synlig brukt,Fuji,
421929659,https://www.finn.no/recommerce/forsale/item/421929659,Diamant Pinnacle R2,6500.0,9489.908,-31.50618677365532,good_deal,3.0,0,1,1,0,0,5.0,57.0,Pent brukt - I god stand,Diamant,
440528571,https://www.finn.no/recommerce/forsale/item/440528571,PENT BRUKT - FELT AR FRD Str 56,49000.0,44434.824,10.27386933900292,ok_deal,3.0,4,3,1,1,1,2.0,56.0,Pent brukt - I god stand,Felt,Shimano Ultegra Di2
450672677,https://www.finn.no/recommerce/forsale/item/450672677,Cannondale landeveissykkel,12900.0,15724.58,-17.962833119177343,ok_deal,3.0,3,3,0,0,0,5.0,52.0,Pent brukt - I god stand,Cannondale,Shimano 105
450662065,https://www.finn.no/recommerce/forsale/item/450662065,"Merida Scultura landeveissykkel herre selges XL XL 28""/700c",6900.0,10637.39,-35.1344622314035,good_deal,3.0,0,2,1,0,0,5.0,58.0,Pent brukt - I god stand,Merida,
441458093,https://www.finn.no/recommerce/forsale/item/441458093,Trek Madone 45 karbon,7500.0,10460.238,-28.29991250348698,good_deal,3.0,0,3,1,0,0,5.0,54.0,Pent brukt - I god stand,Trek,
347934419,https://www.finn.no/recommerce/forsale/item/347934419,Nydelig klassiker fra 70-tallet - Gios Torino Super Record,6000.0,6670.3354,-10.049501323014598,ok_deal,3.0,1,1,0,0,0,5.0,54.0,,Gios,Campagnolo Gran Sport
370564003,https://www.finn.no/recommerce/forsale/item/370564003,Canyon Endurace CF SL 8 Aero (2023 mod),45000.0,46777.793,-3.8005062999395,ok_deal,4.0,4,3,1,1,1,3.0,54.0,Som ny - Ikke synlig brukt,Canyon,Shimano Ultegra Di2
421445062,https://www.finn.no/recommerce/forsale/item/421445062,"Cannondale CAAD12 Disc, 105 di2, karbonhjul, str 58",29000.0,34249.707,-15.327742881012327,ok_deal,3.0,3,3,0,1,1,5.0,58.0,Pent brukt - I god stand,Cannondale,Shimano 105 Di2
450636864,https://www.finn.no/recommerce/forsale/item/450636864,"Orbea Orca OMX m/watt (Veil. 97.990,-)",46990.0,33092.434,41.996205467568764,bad_deal,3.0,4,3,1,0,1,1.0,51.0,Pent brukt - I god stand,Orbea,SRAM Force AXS
450633904,https://www.finn.no/recommerce/forsale/item/450633904,Dare TSRf temposykkel str S (170-180cm),28000.0,37320.03,-24.97326753980143,good_deal,3.0,4,1,0,1,1,5.0,52.0,Pent brukt - I god stand,Dare,Shimano Ultegra Di2
427159003,https://www.finn.no/recommerce/forsale/item/427159003,GIANT LIV EnviLiv Advanced 1 XS Mechanic Rose 2025 with FREE BIKE BAG,47000.0,44527.688,5.552303833429481,ok_deal,4.0,3,3,1,1,1,1.0,50.0,Som ny - Ikke synlig brukt,Giant,Shimano 105 Di2
423228634,https://www.finn.no/recommerce/forsale/item/423228634,Landeveissyklel Str. 57,14000.0,24354.117,-42.514853270125336,good_deal,3.0,5,1,1,1,0,5.0,57.0,Pent brukt - I god stand,,SRAM Red
450577442,https://www.finn.no/recommerce/forsale/item/450577442,Aeroad CF SLX 7 Disc eTap- Pale Green,22000.0,29427.857,-25.240904614256937,good_deal,2.0,3,3,1,0,1,3.0,54.0,Godt brukt - Synlig brukt,Canyon,SRAM Rival eTap
416924877,https://www.finn.no/recommerce/forsale/item/416924877,Strøken Ridley Helium SLX Disc,50000.0,32293.41,54.830350087146506,bad_deal,3.0,4,3,1,1,1,5.0,56.0,Pent brukt - I god stand,Ridley,Shimano Ultegra Di2
428357960,https://www.finn.no/recommerce/forsale/item/428357960,Trek Landevei Sykkel Unisex Blå og Hvit str. 58,5500.0,6912.665,-20.43589601231548,good_deal,2.0,0,3,0,0,0,5.0,58.0,Godt brukt - Synlig brukt,Trek,
450554999,https://www.finn.no/recommerce/forsale/item/450554999,Tacx Bushido Smart + Jamis 54 - komplett pakke,6000.0,6983.8755,-14.087815424718924,ok_deal,3.0,0,1,0,0,0,14.0,54.0,Pent brukt - I god stand,Jamis,
450553543,https://www.finn.no/recommerce/forsale/item/450553543,"Scott landeveissykkel 54 cm 28""/700c unisex",35000.0,49438.316,-29.20470892982251,good_deal,3.0,4,3,0,1,1,2.0,54.0,Pent brukt - I god stand,Scott,Shimano Ultegra Di2 12s
450533913,https://www.finn.no/recommerce/forsale/item/450533913,"Ridley Damocless str. M, med Unaas 50 Team-hjul",22500.0,9858.727,128.22420175019437,bad_deal,3.0,0,3,0,0,0,5.0,54.0,Pent brukt - I god stand,Ridley,
450531972,https://www.finn.no/recommerce/forsale/item/450531972,Scott CR1 Team Edition – 54 cm – Lett og rask landeveissykkel,7500.0,9815.53,-23.590475592579242,good_deal,2.0,2,3,1,0,0,5.0,54.0,Godt brukt - Synlig brukt,Scott,Shimano
450531140,https://www.finn.no/recommerce/forsale/item/450531140,"Trek Madone 3.1 – 56 cm – Karbonramme, Bontrager-hjul, nylig servet",12500.0,11681.236,7.009221018015505,ok_deal,3.0,2,3,1,0,0,5.0,56.0,Pent brukt - I god stand,Trek,Shimano
450489546,https://www.finn.no/recommerce/forsale/item/450489546,Merida Reacto 6000 - Størrelse L,39999.0,33117.945,20.77742028549948,bad_deal,3.0,3,2,0,1,1,1.0,56.0,Pent brukt - I god stand,Merida,Shimano 105 Di2
309714286,https://www.finn.no/recommerce/forsale/item/309714286,Schwinn Lowrider tråsykkel shopper look,9500.0,9379.202,1.2879331274742165,ok_deal,4.0,0,1,0,0,0,5.0,54.0,Som ny - Ikke synlig brukt,Schwinn,
418961437,https://www.finn.no/recommerce/forsale/item/418961437,"Ridley Dean Fast Temposykkel, TT, Triathlon",26900.0,36235.625,-25.763664901598908,good_deal,3.0,5,3,0,1,1,5.0,50.0,Pent brukt - I god stand,Ridley,Shimano Di2 Dura-Ace/Ultegra
450445528,https://www.finn.no/recommerce/forsale/item/450445528,Trek Emonda SL 5 47 cm,15000.0,10957.392,36.89389359654749,bad_deal,3.0,4,3,0,0,0,5.0,47.0,Pent brukt - I god stand,Trek,Shimano Ultegra / Shimano 105
431029654,https://www.finn.no/recommerce/forsale/item/431029654,Gavia Daedalus TT m/ Zipp Super-9 og Dura-Ace,17000.0,15523.344,9.512488248545035,ok_deal,2.0,5,1,0,1,0,8.0,53.0,Godt brukt - Synlig brukt,Gavia,Shimano Dura-Ace 9000
450417143,https://www.finn.no/recommerce/forsale/item/450417143,Cannondale Caad13 - 56 cm,14000.0,13657.791,2.50559540692562,ok_deal,3.0,2,3,0,0,0,3.0,56.0,Pent brukt - I god stand,Cannondale,Shimano Tiagra
307150319,https://www.finn.no/recommerce/forsale/item/307150319,Peugeot Mens Vintage original Road Bike 1970's rare Bicycle Made In France,19999.0,9379.202,113.22709206487967,bad_deal,4.0,0,1,0,0,0,5.0,54.0,Som ny - Ikke synlig brukt,Peugeot,
440671285,https://www.finn.no/recommerce/forsale/item/440671285,Specialized Landevei sykkelramme unisex svart L størrelse,12000.0,17421.541,-31.119755771102785,good_deal,5.0,0,4,0,0,0,5.0,56.0,Helt ny - Uåpnet/med lapp,Specialized,
440672896,https://www.finn.no/recommerce/forsale/item/440672896,Specialized S-works roubaix ramme 56/ L,10000.0,25690.498,-61.07510262450361,good_deal,5.0,0,4,1,0,0,5.0,56.0,Helt ny - Uåpnet/med lapp,Specialized,
447182258,https://www.finn.no/recommerce/forsale/item/447182258,Gavia Imperiale Carbon 2024 – Shimano Ultegra Di2 – str. M – Nesten ny!,24900.0,42560.676,-41.495289858697134,good_deal,4.0,4,1,1,0,1,2.0,54.0,Som ny - Ikke synlig brukt,Gavia,Shimano Ultegra Di2
421708151,https://www.finn.no/recommerce/forsale/item/421708151,Håndbygd sykkel selges,10000.0,9109.351,9.777309651880499,ok_deal,3.0,0,1,0,0,0,5.0,54.0,Pent brukt - I god stand,Ove's Racing,
450367927,https://www.finn.no/recommerce/forsale/item/450367927,Gekko Feather landeveissykkel,11000.0,7800.836,41.01052871937803,bad_deal,3.0,5,1,0,0,0,5.0,60.0,Pent brukt - I god stand,Gekko,Shimano Dura Ace
431644888,https://www.finn.no/recommerce/forsale/item/431644888,Trek 5500 OCLV i størrelse S,5300.0,8956.149,-40.82278270527506,good_deal,3.0,0,3,1,0,0,28.0,52.0,Pent brukt - I god stand,Trek,Sensah Empire
339785947,https://www.finn.no/recommerce/forsale/item/339785947,TREK racer / landeveissykkel 54cm,8500.0,9200.554,-7.61425597792762,ok_deal,4.0,0,3,0,0,0,5.0,54.0,Som ny - Ikke synlig brukt,Trek,
418978033,https://www.finn.no/recommerce/forsale/item/418978033,Oppgradert Wilier Cento 1,12000.0,12944.382,-7.295688955308872,ok_deal,3.0,2,4,1,0,0,16.0,54.0,Pent brukt - I god stand,Wilier,Campagnolo Potenza
450356126,https://www.finn.no/recommerce/forsale/item/450356126,BH GC Aero Str MT,14000.0,8979.6455,55.90815904502773,bad_deal,3.0,3,1,1,0,0,5.0,54.0,Pent brukt - I god stand,BH,Shimano 105
411657407,https://www.finn.no/recommerce/forsale/item/411657407,Ridley Dean Temposykkel til salgs,15000.0,15985.9375,-6.167530055713029,ok_deal,3.0,4,3,0,0,0,5.0,52.0,Pent brukt - I god stand,Ridley,Shimano Ultegra
124081463,https://www.finn.no/recommerce/forsale/item/124081463,Landeveisykkel - Argon 18- meget lett sykkel,29000.0,8620.074,236.42401752087582,bad_deal,3.0,5,1,1,0,0,5.0,52.0,Pent brukt - I god stand,Argon 18,Shimano Dura-Ace
421556192,https://www.finn.no/recommerce/forsale/item/421556192,Cervelo S3 -str 51. Selges,25000.0,19662.875,27.14315683744112,bad_deal,3.0,4,4,1,0,1,9.0,51.0,Pent brukt - I god stand,Cervelo,Shimano Ultegra Di2
450323557,https://www.finn.no/recommerce/forsale/item/450323557,2019 Scott Foil RC disc etap str 49,24000.0,26247.385,-8.562318820305089,ok_deal,3.0,5,3,1,0,1,7.0,50.0,Pent brukt - I god stand,Scott,SRAM RED 22 eTap
423885231,https://www.finn.no/recommerce/forsale/item/423885231,Prakteksemplar av en Peugeot vintage damesykkel (Recotd du monde) til salgs,5000.0,9096.831,-45.03580455719739,good_deal,3.0,0,1,0,0,0,5.0,54.0,Pent brukt - I god stand,Peugeot,
450286116,https://www.finn.no/recommerce/forsale/item/450286116,Merida Reacto 6000 Force Edition,53000.0,44506.63,19.083384436149213,ok_deal,4.0,4,2,1,1,1,1.0,54.0,Som ny - Ikke synlig brukt,Merida,SRAM Force D2
438111988,https://www.finn.no/recommerce/forsale/item/438111988,SE Bikes DC Fixie Single Speed 700 °C Fixed Gear/ GI BUD!!!,10000.0,10570.912,-5.400783806240112,ok_deal,5.0,0,1,0,0,0,5.0,51.0,Helt ny - Uåpnet/med lapp,SE Bikes,
450272742,https://www.finn.no/recommerce/forsale/item/450272742,Ønsker å kjøpe landeveissykkel,20000.0,10088.616,98.24324349177984,bad_deal,3.0,0,1,0,0,0,5.0,52.0,Pent brukt - I god stand,,
421389867,https://www.finn.no/recommerce/forsale/item/421389867,ubrukt Head Raceone selges billig,6500.0,9109.351,-28.644748726277676,good_deal,3.0,0,1,0,0,0,5.0,54.0,,Head,
450231041,https://www.finn.no/recommerce/forsale/item/450231041,Specialized landeveissykkel,14500.0,16829.332,-13.840906026006955,ok_deal,3.0,0,4,0,1,0,5.0,54.0,Pent brukt - I god stand,Specialized,
450220460,https://www.finn.no/recommerce/forsale/item/450220460,Scott Foil RC 10 2025 strM,50000.0,31967.463,56.409034308016196,bad_deal,3.0,0,3,1,0,0,1.0,54.0,Pent brukt - I god stand,Scott,
440927093,https://www.finn.no/recommerce/forsale/item/440927093,(Ny)Scott Addict RC15 Ultegra Di2 str.M-54,49500.0,52144.965,-5.07233028476578,ok_deal,5.0,4,3,1,1,1,1.0,54.0,Helt ny - Uåpnet/med lapp,Scott,Shimano Ultegra Di2
431512564,https://www.finn.no/recommerce/forsale/item/431512564,BH G5 Carbon landeveissykkel,14500.0,20074.342,-27.76849100847115,good_deal,3.0,2,1,1,1,1,5.0,54.0,Pent brukt - I god stand,BH,Shimano
450192208,https://www.finn.no/recommerce/forsale/item/450192208,Landeveisykkel Orbea Orca Aero str 53,12999.0,21786.94,-40.33581436269382,good_deal,3.0,5,3,1,1,0,12.0,53.0,Pent brukt - I god stand,Orbea,Shimano Dura Ace 7900
450172151,https://www.finn.no/recommerce/forsale/item/450172151,Giant Propel 20/21 gunmetal vurderes solgt!,31999.0,20691.146,54.65068609979718,bad_deal,3.0,4,3,1,1,0,5.0,54.0,Pent brukt - I god stand,Giant,Shimano Ultegra
414994962,https://www.finn.no/recommerce/forsale/item/414994962,Specialized sprint allez,33000.0,38881.34,-15.126381620039256,ok_deal,4.0,3,4,0,1,1,5.0,54.0,Som ny - Ikke synlig brukt,Specialized,SRAM Rival AXS
450137437,https://www.finn.no/recommerce/forsale/item/450137437,Karbon Nakamura Pursuit 7.0 med el. girsystem Shimano Ultegra.,10000.0,28498.771,-64.91076815194405,good_deal,4.0,4,2,1,0,1,5.0,51.0,Som ny - Ikke synlig brukt,Nakamura,Shimano Ultegra 6800 Di2
450114100,https://www.finn.no/recommerce/forsale/item/450114100,Scott Foil RC 10 2025 Størrelse Medium,55000.0,47212.355,16.49492903696505,ok_deal,3.0,4,3,1,0,1,1.0,54.0,Pent brukt - I god stand,Scott,Shimano Ultegra Di2
400537610,https://www.finn.no/recommerce/forsale/item/400537610,Pinarello FP3 Carbon landevei/ racer,16000.0,16630.443,-3.7908992908454433,ok_deal,3.0,0,4,1,0,0,5.0,56.0,Pent brukt - I god stand,Pinarello,
412377420,https://www.finn.no/recommerce/forsale/item/412377420,Diamant Pinnacle R2|rett styre|str 54 cm|ca 7.2 kg|22 gir|Unaas hjul,12400.0,6078.3623,104.00231803289171,bad_deal,3.0,0,1,0,0,0,11.0,54.0,Pent brukt - I god stand,Diamant,
365494145,https://www.finn.no/recommerce/forsale/item/365494145,Bianchi Ti-Carbon,17000.0,14238.976,19.39061133575722,ok_deal,3.0,5,3,1,0,0,23.0,52.0,Pent brukt - I god stand,Bianchi,Campagnolo Record
421407074,https://www.finn.no/recommerce/forsale/item/421407074,Helt perfekt sommer sykkel,5000.0,10459.969,-52.19870996268512,good_deal,4.0,0,2,0,0,0,5.0,54.0,Som ny - Ikke synlig brukt,Merida,
450034151,https://www.finn.no/recommerce/forsale/item/450034151,Giant Propel Adv1 Str M,40000.0,19380.664,106.39127674369388,bad_deal,4.0,0,3,1,0,0,2.0,54.0,Som ny - Ikke synlig brukt,Giant,
450013107,https://www.finn.no/recommerce/forsale/item/450013107,Ønsker å kjøpe canyon endurace CF /SLX,37000.0,12359.513,199.3645535396611,bad_deal,4.0,0,3,1,0,0,5.0,54.0,Som ny - Ikke synlig brukt,Canyon,
440710762,https://www.finn.no/recommerce/forsale/item/440710762,Nakamura Pursuit carbon,8600.0,8755.795,-1.7793349806054786,ok_deal,3.0,4,2,1,0,0,5.0,51.0,Pent brukt - I god stand,Nakamura,Shimano Ultegra 6800
433873396,https://www.finn.no/recommerce/forsale/item/433873396,Carbon landeveissykkel for trening eller pendling str M Passer 175-180,7000.0,8951.547,-21.801224997774476,good_deal,3.0,0,1,1,0,0,5.0,54.0,Pent brukt - I god stand,,
418667427,https://www.finn.no/recommerce/forsale/item/418667427,White RR Pro L,7500.0,6747.585,11.150879068856668,ok_deal,2.0,0,1,0,0,0,5.0,56.0,Godt brukt - Synlig brukt,White,
449867250,https://www.finn.no/recommerce/forsale/item/449867250,Trek Checkpoint AL 4,8000.0,9444.94,-15.298565834737701,ok_deal,3.0,0,3,0,0,0,5.0,54.0,Pent brukt - I god stand,Trek,
449858224,https://www.finn.no/recommerce/forsale/item/449858224,Specialized S-Works str 52- Billig ved rask handel,29000.0,20609.06,40.71480810122293,bad_deal,3.0,5,4,0,0,1,5.0,52.0,Pent brukt - I god stand,Specialized,Shimano Dura-Ace Di2
428190070,https://www.finn.no/recommerce/forsale/item/428190070,Gavia Treviso,16000.0,12177.69,31.387803725033493,bad_deal,4.0,3,1,0,0,0,5.0,54.0,Som ny - Ikke synlig brukt,Gavia,Shimano 105 R7100
449831395,https://www.finn.no/recommerce/forsale/item/449831395,Triathlon Tempo sykkel Carbon Medium,10000.0,9843.74,1.5874023684547305,ok_deal,2.0,4,2,1,0,0,5.0,54.0,Godt brukt - Synlig brukt,NOR,Shimano Ultegra
449828194,https://www.finn.no/recommerce/forsale/item/449828194,LANDEVEISYKKEL CARBON VIPERA RACE 9.5 MEDIUM,8500.0,13137.124,-35.29786287443556,good_deal,2.0,5,1,1,0,0,5.0,54.0,Godt brukt - Synlig brukt,Vipera,Shimano Dura Ace
418977524,https://www.finn.no/recommerce/forsale/item/418977524,"Argon 18 Krypton - Medium (172-185cm) - Karbon, Ultegra",14999.0,18866.943,-20.50116590535592,good_deal,3.0,4,1,1,1,0,5.0,54.0,Pent brukt - I god stand,Argon 18,Shimano Ultegra R6800
449804711,https://www.finn.no/recommerce/forsale/item/449804711,"Trek Madone Project 1 m/Sram Force axs, wattmåler",52000.0,43402.285,19.80935983623414,ok_deal,3.0,4,3,1,1,1,4.0,52.0,,Trek,SRAM Force AXS
449776401,https://www.finn.no/recommerce/forsale/item/449776401,Scott Foil 20 str 54/M,19000.0,9300.171,104.29732106527361,bad_deal,3.0,0,3,0,0,0,5.0,54.0,Pent brukt - I god stand,Scott,
449765890,https://www.finn.no/recommerce/forsale/item/449765890,Scott plasma temposykkel,50000.0,18874.592,164.90639129095405,bad_deal,3.0,5,3,0,1,0,5.0,52.0,Pent brukt - I god stand,Scott,Shimano Dura-Ace
449746921,https://www.finn.no/recommerce/forsale/item/449746921,Canyon Ultimate CF SL 7 Di2 - Str S,37000.0,29673.016,24.69241572072269,bad_deal,3.0,3,3,1,0,1,2.0,52.0,Pent brukt - I god stand,Canyon,Shimano 105 Di2
426173801,https://www.finn.no/recommerce/forsale/item/426173801,"Orbea Orca OMR M21 Team, Sram Force AXS",38500.0,28984.623,32.82905193466336,bad_deal,3.0,4,3,1,0,1,5.0,57.0,Pent brukt - I god stand,Orbea,SRAM Force AXS
449719481,https://www.finn.no/recommerce/forsale/item/449719481,Canyon Ultimate Cf SLX 6.8 KG,35000.0,35447.89,-1.2635184128110586,ok_deal,4.0,4,3,1,0,1,5.0,54.0,Som ny - Ikke synlig brukt,Canyon,Shimano Ultegra Di2
449645827,https://www.finn.no/recommerce/forsale/item/449645827,Ønsker og kjøpe brukt landevei sykkel.,7000.0,10498.059,-33.32100466492503,good_deal,3.0,0,3,0,0,0,5.0,48.0,Pent brukt - I god stand,Cannondale,
449601119,https://www.finn.no/recommerce/forsale/item/449601119,Boardman air 9.0,12000.0,8844.04,35.68459603301438,bad_deal,3.0,3,1,0,0,0,5.0,54.0,Pent brukt - I god stand,Boardman,Shimano 105
431275357,https://www.finn.no/recommerce/forsale/item/431275357,Bianchi Oltre XR4 str 55 di2,35000.0,35328.887,-0.9309286232771408,ok_deal,3.0,4,3,1,1,1,5.0,55.0,Pent brukt - I god stand,Bianchi,Shimano Ultegra Di2
231358365,https://www.finn.no/recommerce/forsale/item/231358365,Trek landeveissykkel 56 cm,5900.0,9668.345,-38.97611052499473,good_deal,3.0,0,3,0,0,0,5.0,56.0,,Trek,
449572293,https://www.finn.no/recommerce/forsale/item/449572293,GT SERIES 2 SUPPERT SYKKEL 🏆,6000.0,12177.69,-50.72957360311244,good_deal,4.0,3,1,0,0,0,5.0,54.0,Som ny - Ikke synlig brukt,GT,Shimano 105
420713251,https://www.finn.no/recommerce/forsale/item/420713251,Scott Addict RC 20 58 cm 2020 Sram Force AXS,32939.0,27513.63,19.71884106592336,ok_deal,3.0,4,3,1,0,1,6.0,58.0,,Scott,SRAM Force AXS
440701582,https://www.finn.no/recommerce/forsale/item/440701582,Bianchi Landevei sykkel unisex,5000.0,6538.7305,-23.532556909998416,good_deal,2.0,0,3,0,0,0,5.0,54.0,Godt brukt - Synlig brukt,Bianchi,
438831855,https://www.finn.no/recommerce/forsale/item/438831855,Bianchi racersykkel,6950.0,9951.555,-30.161666008530386,good_deal,4.0,0,3,0,0,0,5.0,54.0,Som ny - Ikke synlig brukt,Bianchi,
449485010,https://www.finn.no/recommerce/forsale/item/449485010,Cannondale Caad2 landeveissykkel / 2024 modell/ 58/XL,5750.0,13797.6455,-58.326223146230014,good_deal,3.0,2,3,0,0,0,2.0,54.0,Pent brukt - I god stand,Cannondale,Shimano Tiagra
420509332,https://www.finn.no/recommerce/forsale/item/420509332,Giant Propel Advanced Pro 0 2025,50000.0,49001.957,2.036741038962012,ok_deal,4.0,4,3,1,1,1,1.0,54.0,Som ny - Ikke synlig brukt,Giant,Shimano Ultegra Di2
449429415,https://www.finn.no/recommerce/forsale/item/449429415,Orbea Ora Temposykkel,16000.0,32303.482,-50.46973638617595,good_deal,3.0,5,3,1,1,1,5.0,51.0,Pent brukt - I god stand,Orbea,Shimano Dura Ace Di2
449102072,https://www.finn.no/recommerce/forsale/item/449102072,White Interceptor Di2,10000.0,15617.984,-35.97125109174019,good_deal,3.0,0,1,0,0,1,10.0,54.0,,White,
449427420,https://www.finn.no/recommerce/forsale/item/449427420,Cannondale CAAD Optimo 2,9000.0,10025.252,-10.22669512864877,ok_deal,4.0,0,3,0,0,0,5.0,56.0,Som ny - Ikke synlig brukt,Cannondale,
448602951,https://www.finn.no/recommerce/forsale/item/448602951,Nydelig Pinarello Prince fx,30000.0,24120.79,24.374040676141334,bad_deal,3.0,4,4,1,0,0,4.0,54.0,Pent brukt - I god stand,Pinarello,Shimano Ultegra
449338769,https://www.finn.no/recommerce/forsale/item/449338769,Specialized Tarmac SL8 2026 105 di2 - uten hjul,44000.0,37363.12,17.76318121175428,ok_deal,4.0,3,4,1,0,1,0.0,54.0,Som ny - Ikke synlig brukt,Specialized,Shimano 105 Di2
449350907,https://www.finn.no/recommerce/forsale/item/449350907,De Rosa pininfarina vurderes solgt,45000.0,29494.898,52.568757255955546,bad_deal,3.0,5,4,0,0,1,7.0,56.0,Pent brukt - I god stand,De Rosa,Shimano Dura Ace R9150 Di2
421734258,https://www.finn.no/recommerce/forsale/item/421734258,Diamant C4 Pinnacle - Shimano,5500.0,6888.0366,-20.151411751253782,good_deal,3.0,1,3,0,0,0,5.0,54.0,Pent brukt - I god stand,Cannondale,Shimano Sora
433299259,https://www.finn.no/recommerce/forsale/item/433299259,BMC TEAMMACHINE SLR ONE,35000.0,30377.12,15.21829913486617,ok_deal,3.0,5,4,1,0,1,7.0,54.0,Pent brukt - I god stand,BMC,SRAM RED eTap
449315530,https://www.finn.no/recommerce/forsale/item/449315530,Giant TCR (L) – Campagnolo Record – Bora One tubular,29000.0,20792.568,39.472909256659555,bad_deal,3.0,5,3,1,1,0,5.0,56.0,Pent brukt - I god stand,Giant,Campagnolo Record
440450282,https://www.finn.no/recommerce/forsale/item/440450282,Canyon Speedmax CF 7 str M,52500.0,35830.332,46.52390034848486,bad_deal,4.0,3,3,1,0,1,5.0,54.0,Som ny - Ikke synlig brukt,Canyon,SRAM Rival eTap AXS
436372543,https://www.finn.no/recommerce/forsale/item/436372543,Pen sykkel selges til småbarnsforeldre,5000.0,9349.719,-46.52245555514705,good_deal,3.0,0,1,0,0,0,5.0,54.0,Pent brukt - I god stand,DBS,
410574107,https://www.finn.no/recommerce/forsale/item/410574107,Orbea Orca M11iLTD-D (toppmodell),35000.0,37044.254,-5.518410254458113,ok_deal,3.0,5,3,1,1,1,5.0,60.0,Pent brukt - I god stand,Orbea,SRAM Red AXS
449027248,https://www.finn.no/recommerce/forsale/item/449027248,Jamis xenith Carbon,9000.0,10832.584,-16.917330038874685,ok_deal,3.0,0,1,1,0,0,5.0,56.0,Pent brukt - I god stand,Jamis,
401538596,https://www.finn.no/recommerce/forsale/item/401538596,"Bianchi XL EV2 landevei, str 49 cm senter topp,Ultegra/105",19000.0,13176.136,44.20009304522862,bad_deal,3.0,4,3,0,0,0,5.0,49.0,Pent brukt - I god stand,Bianchi,Shimano Ultegra/105
448495692,https://www.finn.no/recommerce/forsale/item/448495692,Trek Emonde SLR Disc . Str. 60,45000.0,30659.559,46.773150247418506,bad_deal,3.0,3,3,1,0,1,2.0,60.0,Pent brukt - I god stand,Trek,Shimano 105 Di2
449242797,https://www.finn.no/recommerce/forsale/item/449242797,"Ny Winspace T1550, Small. Shimano 105 Di2",31000.0,32097.514,-3.4193105518845255,ok_deal,5.0,3,1,1,1,1,5.0,52.0,Helt ny - Uåpnet/med lapp,Winspace,Shimano 105 Di2
449192870,https://www.finn.no/recommerce/forsale/item/449192870,"Campagnolo Super Record 12 DISC girgruppe, meget pen!",10000.0,9873.171,1.2845832698244046,ok_deal,3.0,5,1,0,0,0,5.0,54.0,Pent brukt - I god stand,Campagnolo,Campagnolo Super Record 12 Disc
449176957,https://www.finn.no/recommerce/forsale/item/449176957,Mango Cross gravel alu,5000.0,8695.765,-42.50074372817316,good_deal,3.0,4,1,0,0,0,5.0,54.0,Pent brukt - I god stand,Mango,Shimano Ultegra/105 2x10
427146112,https://www.finn.no/recommerce/forsale/item/427146112,Flott Bianchi Infinito ICR - str. 50 - 2025 modell,20000.0,26510.762,-24.55893869750713,good_deal,3.0,3,3,1,0,0,1.0,50.0,Pent brukt - I god stand,Bianchi,Shimano 105 12s
399381353,https://www.finn.no/recommerce/forsale/item/399381353,Argonaut GR All Road Bike til salgs (Ny pris!),36000.0,26577.95,35.45063128724396,bad_deal,3.0,5,1,1,1,1,10.0,54.0,Pent brukt - I god stand,Argonaut,Shimano Dura-Ace Di2
436762487,https://www.finn.no/recommerce/forsale/item/436762487,Pent brukt landeveissykkel,5500.0,13161.354,-58.21098496085174,good_deal,3.0,0,1,0,0,0,5.0,48.0,Pent brukt - I god stand,Pinnacle,
430218177,https://www.finn.no/recommerce/forsale/item/430218177,Canyon Endurace CF rammesett Str. Medium,11000.0,13740.206,-19.942976428309624,ok_deal,5.0,0,3,1,0,0,5.0,54.0,Helt ny - Uåpnet/med lapp,Canyon,
417119267,https://www.finn.no/recommerce/forsale/item/417119267,Scott Foil 20,18000.0,10559.102,70.46904884337786,bad_deal,3.0,4,3,0,0,0,5.0,54.0,Pent brukt - I god stand,Scott,Shimano Ultegra
449099030,https://www.finn.no/recommerce/forsale/item/449099030,Vitus Razor Intl. Sølv – Landevei | Str. M (51 cm),7000.0,7663.5767,-8.658837636560166,ok_deal,4.0,1,1,0,0,0,5.0,54.0,Som ny - Ikke synlig brukt,Vitus,Shimano Claris
449075088,https://www.finn.no/recommerce/forsale/item/449075088,3T New Strada Rival AXS 2x12 delt - Large / 56,29900.0,35423.523,-15.592812068075348,ok_deal,5.0,3,1,1,0,1,5.0,56.0,Helt ny - Uåpnet/med lapp,3T,SRAM Rival AXS 2x12
439665639,https://www.finn.no/recommerce/forsale/item/439665639,Hard Rocx Helium RR,10000.0,13682.275,-26.91274137887964,good_deal,3.0,5,1,1,0,0,5.0,56.0,Pent brukt - I god stand,Hard Rocx,Shimano Ultegra/Dura Ace
440182728,https://www.finn.no/recommerce/forsale/item/440182728,TREK Emonda,8000.0,8525.171,-6.160238952321222,ok_deal,4.0,2,3,0,0,0,5.0,54.0,Som ny - Ikke synlig brukt,Trek,Shimano Tiagra
449014762,https://www.finn.no/recommerce/forsale/item/449014762,"Canyon Landevei Sykkel S 28""/700c Unisex",43000.0,12300.033,249.5925522304707,bad_deal,3.0,4,3,0,0,0,5.0,52.0,Pent brukt - I god stand,Canyon,SRAM Force
449007935,https://www.finn.no/recommerce/forsale/item/449007935,Gavia Treviso Landeveissykkel - XL,8000.0,9022.528,-11.333057475812769,ok_deal,3.0,2,1,0,0,0,5.0,58.0,Pent brukt - I god stand,Gavia,Shimano Tiagra 4700
432891327,https://www.finn.no/recommerce/forsale/item/432891327,"Trek Madone SL 5.2, sko, sete og sykkelcomputer",7000.0,6329.5376,10.592596884044326,ok_deal,2.0,0,3,0,0,0,5.0,58.0,Godt brukt - Synlig brukt,Trek,
429514790,https://www.finn.no/recommerce/forsale/item/429514790,Kirk Precision landeveissykkel,5700.0,5949.2573,-4.189721685159789,ok_deal,2.0,0,1,0,0,0,35.0,54.0,Godt brukt - Synlig brukt,Kirk Precision,
424699949,https://www.finn.no/recommerce/forsale/item/424699949,Giant TCR Advanced 1 Disc 2021 – str. M/L,22000.0,14738.59,49.2680116159773,bad_deal,3.0,4,3,1,0,0,5.0,54.0,Pent brukt - I god stand,Giant,Shimano Ultegra
428456294,https://www.finn.no/recommerce/forsale/item/428456294,Specialized S-Works Landevei Herre,20000.0,12292.633,62.6990759836462,bad_deal,2.0,0,4,1,1,0,5.0,54.0,Godt brukt - Synlig brukt,Specialized,
448899485,https://www.finn.no/recommerce/forsale/item/448899485,Trek Emonda ALR 5 slate,21000.0,12642.176,66.11064711776707,bad_deal,4.0,3,3,0,0,0,5.0,58.0,Som ny - Ikke synlig brukt,Trek,Shimano 105
448897075,https://www.finn.no/recommerce/forsale/item/448897075,Giant landevei/temposykkel str M,23000.0,9300.171,147.30728339480487,bad_deal,3.0,0,3,0,0,0,5.0,54.0,Pent brukt - I god stand,Giant,
448891112,https://www.finn.no/recommerce/forsale/item/448891112,"Cube landevei sykkel 58 cm 28""/700c unisex",7000.0,10851.394,-35.49215624037343,good_deal,3.0,0,3,0,0,0,5.0,58.0,Pent brukt - I god stand,Cube,
448870460,https://www.finn.no/recommerce/forsale/item/448870460,Scott CR1 Carbon landeveissykkel – str. 56 (L),10500.0,15362.671,-31.65250971386799,good_deal,3.0,4,3,1,0,0,5.0,56.0,Pent brukt - I god stand,Scott,Shimano Ultegra
419905405,https://www.finn.no/recommerce/forsale/item/419905405,Head Cyclone landeveissyklel,7999.0,9096.831,-12.068280130604375,ok_deal,3.0,0,1,0,0,0,5.0,54.0,Pent brukt - I god stand,Head,
435201725,https://www.finn.no/recommerce/forsale/item/435201725,landevei sykkel fra Rose Bikes,9500.0,11391.306,-16.603063071419687,ok_deal,3.0,4,3,0,0,0,5.0,54.0,Pent brukt - I god stand,Rose,Shimano Ultegra
402837615,https://www.finn.no/recommerce/forsale/item/402837615,Ønsker å kjøpe 2x landeveissykkel str 49-51 og 54-56.,40000.0,8503.326,370.4041594017782,bad_deal,3.0,0,1,0,0,0,5.0,54.0,Pent brukt - I god stand,,
448708401,https://www.finn.no/recommerce/forsale/item/448708401,Giant TCR Advanced 1 landeveissyklel,40000.0,40677.65,-1.6658987515986494,ok_deal,3.0,3,3,1,1,1,3.0,56.0,Pent brukt - I god stand,Giant,Shimano 105 Di2
297893254,https://www.finn.no/recommerce/forsale/item/297893254,Trek Madone racer 5-serie 50cm,15900.0,18078.691,-12.051156564887227,ok_deal,3.0,4,3,1,0,0,5.0,50.0,,Trek,Shimano Ultegra
182687654,https://www.finn.no/recommerce/forsale/item/182687654,Focus Izalco Max 4.85 kg. Sram Etap,39000.0,43143.566,-9.604135103790913,ok_deal,4.0,5,3,1,1,1,5.0,54.0,Som ny - Ikke synlig brukt,Focus,SRAM Red eTap
429753048,https://www.finn.no/recommerce/forsale/item/429753048,"Scott Addict RC 10, 2019 modell",18500.0,18021.572,2.6547502477770513,ok_deal,3.0,5,3,1,0,0,7.0,56.0,Pent brukt - I god stand,Scott,Shimano Dura Ace
439857878,https://www.finn.no/recommerce/forsale/item/439857878,Merida Ride 90 landeveissykkel • Lett alu • Shimano • Klar til bruk,5500.0,8714.554,-36.887186855053336,good_deal,3.0,2,2,0,0,0,5.0,54.0,Pent brukt - I god stand,Merida,Shimano
395291919,https://www.finn.no/recommerce/forsale/item/395291919,Colnago C40 Mapei - Dura Ace str. 56 m/trøye,13999.0,17727.225,-21.031067702517504,good_deal,2.0,5,4,1,0,0,5.0,56.0,Godt brukt - Synlig brukt,Colnago,Shimano Dura-Ace 7700
448621938,https://www.finn.no/recommerce/forsale/item/448621938,"Orbea M20iTeam Di2 Ultegra 53, nydelig farge og tilstand",28700.0,26556.463,8.071621278041944,ok_deal,4.0,4,3,0,0,1,5.0,53.0,Som ny - Ikke synlig brukt,Orbea,Shimano Ultegra Di2
343832586,https://www.finn.no/recommerce/forsale/item/343832586,Tandem sykkel Cannondale,14000.0,11270.045,24.22310733496896,bad_deal,3.0,4,3,0,0,0,5.0,56.0,,Cannondale,Shimano Ultegra/Deore XT/105
426357888,https://www.finn.no/recommerce/forsale/item/426357888,"3T Strada landeveisssykkel, str. 54 cm",49000.0,16523.521,196.54695608521138,bad_deal,4.0,4,1,1,1,1,1.0,54.0,Som ny - Ikke synlig brukt,3T,Shimano Ultegra Di2
316660524,https://www.finn.no/recommerce/forsale/item/316660524,Mercier Vintage landeveissykkel,6000.0,8709.859,-31.11255025285641,good_deal,3.0,0,1,0,0,0,43.0,58.0,Pent brukt - I god stand,Mercier,
448508698,https://www.finn.no/recommerce/forsale/item/448508698,"Meget pen ""Scott CR1 Pro"" str. L/56 med 10-delt Campagnolo",11500.0,9980.213,15.228002909663632,ok_deal,3.0,1,3,1,0,0,5.0,56.0,Pent brukt - I god stand,Scott,Campagnolo
439682085,https://www.finn.no/recommerce/forsale/item/439682085,"Scott Addict RC Pro landeveissykkel, 52cm (passer 165-175cm)",27000.0,22161.287,21.834078800315055,bad_deal,3.0,5,3,1,0,1,5.0,52.0,Pent brukt - I god stand,Scott,Shimano Dura-Ace Di2
448485400,https://www.finn.no/recommerce/forsale/item/448485400,Fara F/Road rammesett 59/XL + cockpit 400x120mm,20000.0,10241.027,95.2929069387341,bad_deal,3.0,0,1,0,0,0,5.0,58.0,Pent brukt - I god stand,Fara,
448440794,https://www.finn.no/recommerce/forsale/item/448440794,Felt AR advanced ultegra di2 M-54,49000.0,37365.758,31.13610660830218,bad_deal,3.0,4,3,1,0,1,2.0,54.0,Pent brukt - I god stand,Felt,Shimano Ultegra Di2
318989321,https://www.finn.no/recommerce/forsale/item/318989321,sykkler,10000.0,9349.719,6.955088889705907,ok_deal,3.0,0,1,0,0,0,5.0,54.0,,,
439568691,https://www.finn.no/recommerce/forsale/item/439568691,"Trek Madone 9,5",18299.0,14035.944,30.37241785825135,bad_deal,3.0,4,3,1,0,0,5.0,54.0,Pent brukt - I god stand,Trek,Shimano Ultegra R8000
439567854,https://www.finn.no/recommerce/forsale/item/439567854,Trek Madone project one,20999.0,14506.518,44.755623718164394,bad_deal,3.0,4,3,1,0,0,5.0,56.0,Pent brukt - I god stand,Trek,Shimano Ultegra R8000
447276184,https://www.finn.no/recommerce/forsale/item/447276184,Ridley FALCN – str. M,55000.0,34164.4,60.98629718482073,bad_deal,3.0,4,3,0,1,1,5.0,54.0,,Ridley,Shimano Ultegra Di2 2x12
448395293,https://www.finn.no/recommerce/forsale/item/448395293,White landeveisykkel,15000.0,8826.748,69.93801024274804,bad_deal,3.0,2,1,0,0,0,5.0,56.0,Pent brukt - I god stand,White,Shimano GRX
302838532,https://www.finn.no/recommerce/forsale/item/302838532,Trek Emonde SL 6 Carbon Disc Ultegra str. 56,29000.0,14506.518,99.91014276045371,bad_deal,3.0,4,3,1,0,0,5.0,56.0,Pent brukt - I god stand,Trek,Shimano Ultegra
438804552,https://www.finn.no/recommerce/forsale/item/438804552,Lemond landeveissykkel Shimano Ultegra rammestr 58 cm,5500.0,8856.981,-37.902094139410906,good_deal,3.0,4,1,0,0,0,5.0,58.0,Pent brukt - I god stand,LeMond,Shimano Ultegra
436607836,https://www.finn.no/recommerce/forsale/item/436607836,DBS La Migliore,6000.0,7800.836,-23.085166153066528,good_deal,3.0,5,1,0,0,0,5.0,60.0,Pent brukt - I god stand,DBS,Shimano Dura Ace 7400
408718132,https://www.finn.no/recommerce/forsale/item/408718132,Bianchi intrepida - Landeveisykkel,18000.0,11718.897,53.59806722432076,bad_deal,3.0,3,3,1,0,0,9.0,57.0,,Bianchi,Shimano 105
429428939,https://www.finn.no/recommerce/forsale/item/429428939,Retro/vintage kupp - et lite smykke av en sykkel,15000.0,8697.457,72.4642035724343,bad_deal,3.0,5,1,0,0,0,5.0,54.0,Pent brukt - I god stand,Netroh,Campagnolo Record
448305832,https://www.finn.no/recommerce/forsale/item/448305832,"Cannondale SuperSix EVO Ultegra Disc Landevei 54 cm 28""/700c Unisex",35000.0,19344.451,80.9304367905081,bad_deal,4.0,4,3,1,0,0,5.0,54.0,Som ny - Ikke synlig brukt,Cannondale,Shimano Ultegra
448294776,https://www.finn.no/recommerce/forsale/item/448294776,Specialized Aethos Expert - str. 58 – SRAM Rival eTap – topp oppgradert – som ny,55000.0,38477.965,42.93895278334526,bad_deal,4.0,3,4,1,1,1,3.0,58.0,Som ny - Ikke synlig brukt,Specialized,SRAM Rival eTap AXS
448274103,https://www.finn.no/recommerce/forsale/item/448274103,"Limited edition, Trek Domane Koppenberg i perfekt stand.",34000.0,36106.16,-5.833243266898384,ok_deal,4.0,4,3,1,1,1,10.0,54.0,Som ny - Ikke synlig brukt,Trek,Shimano Ultegra Di2
448270611,https://www.finn.no/recommerce/forsale/item/448270611,"Pinarello Marvel, DuraAce og Mavic ksyrium SCC hjul (karboneiker)",9000.0,12680.322,-29.023885896038788,good_deal,3.0,5,4,0,0,0,5.0,54.0,Pent brukt - I god stand,Pinarello,Shimano Dura-Ace
412421816,https://www.finn.no/recommerce/forsale/item/412421816,Strøken Giant TCR str. L | 105 di2 | karbon,29900.0,34915.617,-14.364967861131268,ok_deal,3.0,3,3,1,0,1,2.0,56.0,Pent brukt - I god stand,Giant,Shimano 105 Di2
439379332,https://www.finn.no/recommerce/forsale/item/439379332,Giant Advanced Pro 0 Di2,50000.0,45535.902,9.80346809106928,ok_deal,3.0,4,3,1,1,1,1.0,54.0,Pent brukt - I god stand,Giant,Shimano Ultegra Di2
374711109,https://www.finn.no/recommerce/forsale/item/374711109,DBS Daccordi,5990.0,9252.598,-35.261423628921776,good_deal,2.0,5,1,0,0,0,5.0,54.0,Godt brukt - Synlig brukt,DBS,Shimano Dura-Ace
439394121,https://www.finn.no/recommerce/forsale/item/439394121,Wilier filante sl ultegra di2 2025,50000.0,42575.13,17.43945651955509,ok_deal,3.0,4,4,1,1,1,1.0,54.0,Pent brukt - I god stand,Wilier,Shimano Ultegra Di2
357383923,https://www.finn.no/recommerce/forsale/item/357383923,ET KLENODIUM - BIANCHI REKORD 745 - STRØKEN,15000.0,8969.006,67.24261568321984,bad_deal,3.0,1,3,0,0,0,5.0,50.0,Pent brukt - I god stand,Bianchi,Campagnolo Valentino Extra
448147530,https://www.finn.no/recommerce/forsale/item/448147530,Ønsker å kjøpe landeveisykkel str xs (49 i ramme),25000.0,11727.25,113.17870771067386,bad_deal,3.0,0,1,1,0,0,5.0,49.0,Pent brukt - I god stand,,
448143301,https://www.finn.no/recommerce/forsale/item/448143301,Merida Scultura 5000,30000.0,33510.8,-10.47662454910468,ok_deal,4.0,3,2,1,0,1,1.0,54.0,Som ny - Ikke synlig brukt,Merida,Shimano 105 Di2
448116137,https://www.finn.no/recommerce/forsale/item/448116137,Planet X RT 80 Carbon landeveissykkel i str 50,8500.0,11429.417,-25.63050236236794,good_deal,3.0,4,1,1,0,0,5.0,50.0,Pent brukt - I god stand,Planet X,Shimano Ultegra/105
303530286,https://www.finn.no/recommerce/forsale/item/303530286,Landevei sykkel,9000.0,8951.547,0.5412821457185298,ok_deal,3.0,0,1,1,0,0,5.0,54.0,,Vipera,
434161316,https://www.finn.no/recommerce/forsale/item/434161316,Specialized Tarmac Pro SL 6 Str 56,45000.0,36142.68,24.506540159951996,bad_deal,3.0,4,4,1,1,1,7.0,56.0,Pent brukt - I god stand,Specialized,Shimano Ultegra Di2 R8050
310554178,https://www.finn.no/recommerce/forsale/item/310554178,Trek Speed Concept 9.9 toppmodellen,17000.0,16640.297,2.161638867996458,ok_deal,3.0,5,3,1,1,0,15.0,54.0,Pent brukt - I god stand,Trek,SRAM Red
448053035,https://www.finn.no/recommerce/forsale/item/448053035,Giant Propel adv.2 2023,24990.0,13403.918,86.43802549569375,bad_deal,3.0,0,3,0,0,0,3.0,54.0,Pent brukt - I god stand,Giant,
426956295,https://www.finn.no/recommerce/forsale/item/426956295,Trek USPS landeveissykkel (samlerobjekt),5000.0,10019.574,-50.09767989299071,good_deal,2.0,0,3,0,0,0,24.0,56.0,Godt brukt - Synlig brukt,Trek,
326483429,https://www.finn.no/recommerce/forsale/item/326483429,Ny Cipollini Ad one Limited Edition ramme str XL selges svært rimelig,35000.0,8578.908,307.9773226533734,bad_deal,3.0,0,1,0,0,0,5.0,58.0,,Cipollini,
438549408,https://www.finn.no/recommerce/forsale/item/438549408,2025 Giant Propel Advanced Pro 0 str large,53500.0,51430.703,4.023466041229628,ok_deal,4.0,4,3,1,1,1,1.0,56.0,Som ny - Ikke synlig brukt,Giant,SRAM Force AXS
422450621,https://www.finn.no/recommerce/forsale/item/422450621,Cannondale Landevei Sykkel Herre CAAD 12,11000.0,10559.102,4.175529848730916,ok_deal,3.0,4,3,0,0,0,5.0,54.0,Pent brukt - I god stand,Cannondale,Shimano Ultegra
357995292,https://www.finn.no/recommerce/forsale/item/357995292,Kona Caldera 16 tommer,5500.0,9096.831,-39.53938501291712,good_deal,3.0,0,1,0,0,0,5.0,54.0,,Kona,
439020498,https://www.finn.no/recommerce/forsale/item/439020498,Cannondale Caad 8 str 56 med Dura-ace,9000.0,12545.161,-28.25919169375954,good_deal,3.0,5,3,0,0,0,5.0,56.0,Pent brukt - I god stand,Cannondale,Shimano Dura-Ace
431901304,https://www.finn.no/recommerce/forsale/item/431901304,Factor Ostro Vam str 52 vurderes solgt! Inkludert wattmåler og div.,55000.0,42151.117,30.482899789688993,bad_deal,2.0,4,3,1,1,1,4.0,52.0,Godt brukt - Synlig brukt,Factor,Shimano Ultegra Di2
447945073,https://www.finn.no/recommerce/forsale/item/447945073,Ridley Fenix Disc 105 landeveissykkel | str. XS,20000.0,19894.287,0.5313731024580608,ok_deal,4.0,3,3,1,0,0,5.0,50.0,Som ny - Ikke synlig brukt,Ridley,Shimano 105
296490232,https://www.finn.no/recommerce/forsale/item/296490232,"Trek Madone str 54, eksklusivt samleobjekt",39990.0,15748.984,153.92113578752597,bad_deal,4.0,5,3,0,0,0,23.0,54.0,Som ny - Ikke synlig brukt,Trek,Shimano Dura Ace
296495383,https://www.finn.no/recommerce/forsale/item/296495383,"Trek Yfoil temposykkel, str 54, custombygget, carbon",29900.0,18163.809,64.61305373085861,bad_deal,4.0,5,3,1,0,0,5.0,54.0,Som ny - Ikke synlig brukt,Trek,Shimano Ultegra/Dura Ace
296491818,https://www.finn.no/recommerce/forsale/item/296491818,Monoc Vipera custombygget str medium,24990.0,11888.347,110.20584841034339,bad_deal,5.0,0,1,0,1,0,23.0,54.0,Helt ny - Uåpnet/med lapp,Monoc,
296494124,https://www.finn.no/recommerce/forsale/item/296494124,"Team Miyata, veteransykkel, str 54",13990.0,8121.2095,72.26498155359378,bad_deal,4.0,0,1,0,0,0,36.0,54.0,Som ny - Ikke synlig brukt,Miyata,Suntour Superbe
438912209,https://www.finn.no/recommerce/forsale/item/438912209,Cannondale Synapse carbon landeveisykkel - unisex,10300.0,14056.937,-26.72656675352742,good_deal,3.0,0,3,1,0,0,5.0,56.0,Pent brukt - I god stand,Cannondale,
424048435,https://www.finn.no/recommerce/forsale/item/424048435,Bros Adventure Hybrid landeveissykkel aluminium,9400.0,8503.326,10.54497745941788,ok_deal,3.0,0,1,0,0,0,5.0,54.0,Pent brukt - I god stand,Bros,
438451273,https://www.finn.no/recommerce/forsale/item/438451273,"Specialized Tarmac SL7 (58), Ultegra Di2 12x, Roval Rapide-styre",52000.0,24786.658,109.79028142423837,bad_deal,3.0,4,4,1,0,1,5.0,58.0,Pent brukt - I god stand,Specialized,Shimano Ultegra Di2
427957464,https://www.finn.no/recommerce/forsale/item/427957464,Canyon Endurace CF 7 AXS,30000.0,38435.277,-21.94670606460882,good_deal,4.0,3,3,1,0,1,1.0,56.0,Som ny - Ikke synlig brukt,Canyon,SRAM Rival eTap AXS
447596322,https://www.finn.no/recommerce/forsale/item/447596322,Hardrocx spr veloce sl,10000.0,12865.659,-22.27370661436335,good_deal,3.0,0,1,0,1,0,5.0,58.0,Pent brukt - I god stand,Crescent,
447590922,https://www.finn.no/recommerce/forsale/item/447590922,Orbea Orca Aero Str: 57 | Ultegra Di2,33000.0,31166.398,5.883264202557894,ok_deal,3.0,4,3,1,0,1,5.0,57.0,Pent brukt - I god stand,Orbea,Shimano Ultegra Di2
399206334,https://www.finn.no/recommerce/forsale/item/399206334,Specialized S-Works SL5 - Str 54,23900.0,32026.879,-25.37518229621823,good_deal,3.0,4,4,1,0,1,5.0,54.0,,Specialized,Shimano Ultegra Di2
436153965,https://www.finn.no/recommerce/forsale/item/436153965,Orbea Orca M30 str 57 m/Sram AXS,50000.0,45371.176,10.202125334082478,ok_deal,4.0,4,3,1,1,1,2.0,57.0,Som ny - Ikke synlig brukt,Orbea,SRAM Force AXS
94792146,https://www.finn.no/recommerce/forsale/item/94792146,Look 795 Light Dura Ace Di2 str M,24999.0,24831.541,0.674380153328495,ok_deal,3.0,5,4,1,0,1,5.0,54.0,,Look,Shimano Dura Ace Di2 9000
438680798,https://www.finn.no/recommerce/forsale/item/438680798,Van Rysel sykkel,10000.0,11092.161,-9.846242943421563,ok_deal,4.0,0,1,0,0,0,5.0,54.0,Som ny - Ikke synlig brukt,Van Rysel,
437504435,https://www.finn.no/recommerce/forsale/item/437504435,Scott Foil RC Pro,50000.0,14086.368,254.95309662260047,bad_deal,3.0,4,3,1,0,0,5.0,58.0,Pent brukt - I god stand,Scott,Shimano Ultegra
437512248,https://www.finn.no/recommerce/forsale/item/437512248,Factor Ostro Vam V2 2025 wattkrank,22025.0,49649.9,-55.63938559164349,good_deal,3.0,4,3,1,1,1,1.0,58.0,Pent brukt - I god stand,Factor,Shimano Ultegra Di2
447475933,https://www.finn.no/recommerce/forsale/item/447475933,Temposykkel L-XL ønskes kjøpt,20000.0,8503.326,135.2020797008891,bad_deal,3.0,0,1,0,0,0,5.0,54.0,Pent brukt - I god stand,,
418218504,https://www.finn.no/recommerce/forsale/item/418218504,Mavic Pro Carbon DISC karbon hjulsett inkl. Shimano kassett (11-32) og skiver og,6500.0,11002.537,-40.92271686626256,good_deal,3.0,0,1,0,1,0,5.0,54.0,Pent brukt - I god stand,Mavic,
447447001,https://www.finn.no/recommerce/forsale/item/447447001,Trek Landevei Sykkel M,10000.0,9444.94,5.8767927065778744,ok_deal,3.0,0,3,0,0,0,5.0,54.0,,Trek,
447440323,https://www.finn.no/recommerce/forsale/item/447440323,Cannondale caad,5500.0,10382.541,-47.02645535690267,good_deal,3.0,0,3,0,0,0,5.0,61.0,Pent brukt - I god stand,Cannondale,
418958788,https://www.finn.no/recommerce/forsale/item/418958788,"Trek Emonda SL7 Disc Ultegra di2 12 delt , karbonhjul (58cm 180-185cm)",38000.0,31066.273,22.319144832255038,bad_deal,3.0,4,3,0,1,1,2.0,58.0,Pent brukt - I god stand,Trek,Shimano Ultegra Di2
369078388,https://www.finn.no/recommerce/forsale/item/369078388,Boardman Elite Air 9.8 tempo-/triatlonsykkel. (STR M),26500.0,24479.258,8.254916072121008,ok_deal,3.0,4,1,0,0,1,5.0,54.0,Pent brukt - I god stand,Boardman,Shimano Ultegra Di2
447414498,https://www.finn.no/recommerce/forsale/item/447414498,Trek Domane AL 4 Gen 4,12000.0,20182.15,-40.54151927450589,good_deal,4.0,0,3,0,0,0,1.0,54.0,Som ny - Ikke synlig brukt,Trek,
447200568,https://www.finn.no/recommerce/forsale/item/447200568,Diamant Pinnacle R 2.5 - 54 cm,5000.0,7685.126,-34.93925779162747,good_deal,3.0,2,1,1,0,0,13.0,54.0,Pent brukt - I god stand,Diamant,SRAM Apex
401307778,https://www.finn.no/recommerce/forsale/item/401307778,"Fullkarbon, Shimano 105 gir & bremser | Principia RSL str 57",9900.0,9666.482,2.4157451276852866,ok_deal,2.0,3,1,1,0,0,5.0,57.0,Godt brukt - Synlig brukt,Principia,Shimano 105
428489575,https://www.finn.no/recommerce/forsale/item/428489575,Cannondale CAAD Landevei Sykkel Rød og Hvit,15000.0,9668.345,55.145481716115086,bad_deal,3.0,0,3,0,0,0,5.0,56.0,Pent brukt - I god stand,Cannondale,
399809512,https://www.finn.no/recommerce/forsale/item/399809512,LANDVEISSYKKEL,15000.0,9592.759,56.36794721767365,bad_deal,3.0,0,1,1,0,0,5.0,56.0,Pent brukt - I god stand,,
424430440,https://www.finn.no/recommerce/forsale/item/424430440,"Nakamura Pursuit SL 105, hel karbon landevei sykkel størrelse L",25000.0,10442.495,139.4063843884593,bad_deal,3.0,3,2,1,0,0,5.0,56.0,Pent brukt - I god stand,Nakamura,Shimano 105 R7000
429807823,https://www.finn.no/recommerce/forsale/item/429807823,Merida Landevei Sykkel Unisex,9500.0,5887.281,61.364819931341984,bad_deal,2.0,0,2,0,0,0,5.0,54.0,Godt brukt - Synlig brukt,Merida,
447248837,https://www.finn.no/recommerce/forsale/item/447248837,Ridley Noah SL Sram Red m. Quarq,17000.0,20334.338,-16.397572955460095,ok_deal,2.0,5,3,1,1,0,9.0,56.0,Godt brukt - Synlig brukt,Ridley,SRAM Red
423630236,https://www.finn.no/recommerce/forsale/item/423630236,Felt AR aero road advanced ultegra - str. 54/M,27500.0,22457.5,22.453523321830122,bad_deal,3.0,4,3,1,1,0,5.0,54.0,Pent brukt - I god stand,Felt,Shimano Ultegra 2x11
419486408,https://www.finn.no/recommerce/forsale/item/419486408,Lite brukt Merida Reacto 8000 12 x2 EL,45000.0,34243.406,31.412160552807155,bad_deal,3.0,4,2,1,1,1,3.0,52.0,Pent brukt - I god stand,Merida,Shimano Ultegra Di2
438432860,https://www.finn.no/recommerce/forsale/item/438432860,Specialized Tarmac SL3 Expert Double,5500.0,16522.812,-66.7126888960339,good_deal,3.0,0,4,1,0,0,5.0,54.0,,Specialized,
214028096,https://www.finn.no/recommerce/forsale/item/214028096,Landevei sykkel LeMond Tourmalet 2007,5500.0,7308.936,-24.749649284864464,good_deal,3.0,4,1,0,0,0,19.0,53.0,Pent brukt - I god stand,LeMond,Shimano Ultegra
428068001,https://www.finn.no/recommerce/forsale/item/428068001,Ghost Gravel / Landeveisykkel (str 56),27999.0,33079.656,-15.35885443186853,ok_deal,3.0,3,1,1,1,1,5.0,56.0,Pent brukt - I god stand,Ghost,SRAM Rival/GX AXS
447182735,https://www.finn.no/recommerce/forsale/item/447182735,Landeveissykkel eller ramme for person på 196 cm ønskes kjøpt,5000.0,6978.5215,-28.35158548705389,good_deal,2.0,0,1,0,0,0,5.0,54.0,Godt brukt - Synlig brukt,,
356134362,https://www.finn.no/recommerce/forsale/item/356134362,Scott Addict Rc15 22/23 L,40000.0,13740.612,191.10784230739353,bad_deal,3.0,0,3,0,0,0,4.0,56.0,Pent brukt - I god stand,Scott,
360839056,https://www.finn.no/recommerce/forsale/item/360839056,Orbea Orca Aero M20ltd Red/Carbon,48000.0,36657.875,30.940486866737366,bad_deal,3.0,4,3,1,1,1,5.0,54.0,Pent brukt - I god stand,Orbea,Shimano Ultegra Di2
447159496,https://www.finn.no/recommerce/forsale/item/447159496,"Cube Litening Super HPC Landeveissykkel, Str 53 cm",13500.0,11730.293,15.086639659934963,ok_deal,3.0,5,3,1,0,0,5.0,53.0,Pent brukt - I god stand,Cube,Shimano Dura Ace 7900
428336826,https://www.finn.no/recommerce/forsale/item/428336826,"Trek 5000 OCLV, karbonsykkel 60cm/XL",12000.0,14046.443,-14.569121214653565,ok_deal,3.0,3,3,1,0,0,5.0,60.0,,Trek,Shimano 105
368447764,https://www.finn.no/recommerce/forsale/item/368447764,Shimano Di2 testsykkel,14000.0,14783.57,-5.300277916204486,ok_deal,3.0,2,1,1,0,1,5.0,55.0,Pent brukt - I god stand,,Shimano Di2
426136425,https://www.finn.no/recommerce/forsale/item/426136425,TREK EL-SYKKEL XL,9000.0,12239.252,-26.466094214997632,good_deal,4.0,0,3,0,0,0,5.0,58.0,Som ny - Ikke synlig brukt,Trek,
428318645,https://www.finn.no/recommerce/forsale/item/428318645,Canyon Endurace CF,34000.0,42290.96,-19.604569756059355,ok_deal,3.0,4,3,1,0,1,1.0,52.0,Pent brukt - I god stand,Canyon,Shimano Ultegra Di2
447085804,https://www.finn.no/recommerce/forsale/item/447085804,Vipera landeveisykkel - MED NY SERVICE,5000.0,9349.719,-46.52245555514705,good_deal,3.0,0,1,0,0,0,5.0,54.0,Pent brukt - I god stand,Vipera,
423213699,https://www.finn.no/recommerce/forsale/item/423213699,Gekko Flow Gravel GRV 700C,9000.0,11365.109,-20.81026496940334,good_deal,4.0,0,1,0,0,0,5.0,56.0,Som ny - Ikke synlig brukt,Gekko,
447060031,https://www.finn.no/recommerce/forsale/item/447060031,Meget pen Canyon Ultimate CF SL 7 - Elektronisk gir,28000.0,33396.582,-16.15908486143967,ok_deal,3.0,3,3,1,0,1,2.0,52.0,Pent brukt - I god stand,Canyon,SRAM Rival eTap
438235605,https://www.finn.no/recommerce/forsale/item/438235605,"Cannondale SuperSix Hi-Mod 56"" di2",17000.0,29854.258,-43.05669862312877,good_deal,3.0,4,3,1,0,1,5.0,56.0,Pent brukt - I god stand,Cannondale,Shimano Ultegra Di2
446995240,https://www.finn.no/recommerce/forsale/item/446995240,Trek Domane AL 5 Gen 4,20000.0,18084.021,10.594869715679382,ok_deal,4.0,3,3,0,0,0,1.0,56.0,Som ny - Ikke synlig brukt,Trek,Shimano 105
446989925,https://www.finn.no/recommerce/forsale/item/446989925,Miyata one thousand 1000 56cm,9750.0,6738.2207,44.69695234942691,bad_deal,1.0,2,1,0,0,0,5.0,56.0,Må fikses - Noen mangler/ødelagte deler,Miyata,Shimano Deore XT
425942675,https://www.finn.no/recommerce/forsale/item/425942675,Look KG 186 vintage carbon sykkelramme,10000.0,12753.324,-21.589070986700463,good_deal,3.0,0,4,1,0,0,34.0,54.0,,Look,
432995374,https://www.finn.no/recommerce/forsale/item/432995374,Specialized Tarmac Comp Sagan Edition str. 56 med Ultegra Di2,25000.0,34731.13,-28.018464163711204,good_deal,3.0,4,4,1,0,1,5.0,56.0,Pent brukt - I god stand,Specialized,Shimano Ultegra Di2
357219902,https://www.finn.no/recommerce/forsale/item/357219902,1970 Peugeot PX10,7000.0,9109.351,-23.15588324368365,good_deal,3.0,0,1,0,0,0,5.0,54.0,,Peugeot,
440071641,https://www.finn.no/recommerce/forsale/item/440071641,Lite brukt FARA landeveissykkel limited edition,40000.0,34132.81,17.18930157808441,ok_deal,3.0,4,1,0,1,1,5.0,54.0,Pent brukt - I god stand,FARA,Shimano Ultegra R8170 Di2
426606783,https://www.finn.no/recommerce/forsale/item/426606783,Canyon Endurace CF 7 Di2 LN,28000.0,36597.13,-23.49126601781539,good_deal,4.0,3,3,1,0,1,1.0,54.0,Som ny - Ikke synlig brukt,Canyon,Shimano 105 Di2
446886741,https://www.finn.no/recommerce/forsale/item/446886741,Giant Propel Pro 0 disc 21 (Str. M),42000.0,39293.293,6.88847084769059,ok_deal,3.0,4,3,0,1,1,5.0,54.0,Pent brukt - I god stand,Giant,Shimano Ultegra Di2
446863424,https://www.finn.no/recommerce/forsale/item/446863424,Canyon ultimate CF 7 2026 - OPPGRADERT,47500.0,32824.285,44.70992977879254,bad_deal,3.0,4,3,1,0,0,0.0,54.0,Pent brukt - I god stand,Canyon,Shimano Ultegra
425683988,https://www.finn.no/recommerce/forsale/item/425683988,Gavia Daedalus,49000.0,22861.568,114.33350166418586,bad_deal,3.0,4,1,0,0,1,5.0,54.0,Pent brukt - I god stand,Gavia,Shimano Ultegra Di2
429247688,https://www.finn.no/recommerce/forsale/item/429247688,Liv EnviLiv Advanced 1 2023,39000.0,35845.2,8.801180771788761,ok_deal,4.0,3,1,1,1,1,3.0,52.0,Som ny - Ikke synlig brukt,Liv,SRAM Rival eTap AXS
431756635,https://www.finn.no/recommerce/forsale/item/431756635,Scott cr1 pro,6800.0,9817.516,-30.73604097268753,good_deal,2.0,0,3,1,0,0,5.0,54.0,Godt brukt - Synlig brukt,Scott,
427421854,https://www.finn.no/recommerce/forsale/item/427421854,"Flott sykkel selges , Bergen",12000.0,16352.498,-26.616716506544837,good_deal,3.0,0,3,0,0,0,5.0,50.0,Pent brukt - I god stand,Bianchi,
446739506,https://www.finn.no/recommerce/forsale/item/446739506,Canyon Ultimate CF SL 7 Disc,28000.0,14840.119,88.67773051329266,bad_deal,4.0,3,3,1,0,0,5.0,52.0,Som ny - Ikke synlig brukt,Canyon,Shimano 105 R7000
446661308,https://www.finn.no/recommerce/forsale/item/446661308,Landeveissykkel,35000.0,40537.844,-13.660923319336638,ok_deal,3.0,4,4,1,0,1,2.0,52.0,Pent brukt - I god stand,Wilier,Shimano Ultegra Di2
446659808,https://www.finn.no/recommerce/forsale/item/446659808,Ridley Fenix Disc,23000.0,15220.491,51.11207438214686,bad_deal,3.0,3,3,0,0,0,5.0,52.0,Pent brukt - I god stand,Ridley,Shimano 105
437608804,https://www.finn.no/recommerce/forsale/item/437608804,Scott Addict Rc 15 2024 L,39999.0,41784.215,-4.272462341163338,ok_deal,3.0,4,3,1,0,1,2.0,56.0,Pent brukt - I god stand,Scott,Shimano Ultegra Di2
416836266,https://www.finn.no/recommerce/forsale/item/416836266,Trek Émonda SL7 2023 Ultegra Di2 Lett Karbonracer (54),40000.0,45779.09,-12.623863566258715,ok_deal,3.0,4,3,1,1,1,3.0,54.0,Pent brukt - I god stand,Trek,Shimano Ultegra Di2
433770108,https://www.finn.no/recommerce/forsale/item/433770108,Colnago V3 – Ultegra | Str. 50s | Pent brukt |,28000.0,30026.984,-6.7505426108911415,ok_deal,3.0,4,4,1,0,0,4.0,54.0,Pent brukt - I god stand,Colnago,Shimano Ultegra
437756373,https://www.finn.no/recommerce/forsale/item/437756373,2025 Giant Propel Advanced pro 0 Ultegra Di2 Str L,50000.0,49911.062,0.17819195894697692,ok_deal,3.0,4,3,1,1,1,1.0,56.0,Pent brukt - I god stand,Giant,Shimano Ultegra Di2
446612426,https://www.finn.no/recommerce/forsale/item/446612426,Trek Domane SL 6 Gen 4 / 2025 - ramme 62,32000.0,37353.004,-14.330852532463451,ok_deal,4.0,3,3,1,0,1,1.0,62.0,Som ny - Ikke synlig brukt,Trek,Shimano 105 R7170 Di2
417351925,https://www.finn.no/recommerce/forsale/item/417351925,Specialized Tarmac sl2 s-works,11000.0,11924.651,-7.754116566726801,ok_deal,3.0,5,4,1,0,0,18.0,56.0,,Specialized,Shimano Dura-Ace
446563126,https://www.finn.no/recommerce/forsale/item/446563126,Landeveissykkel Merckx Gara for 177-187cm,5000.0,6868.5713,-27.204657423269513,good_deal,2.0,3,1,0,0,0,5.0,54.0,Godt brukt - Synlig brukt,Merckx,Campagnolo Veloce
268003206,https://www.finn.no/recommerce/forsale/item/268003206,Landeveisykkel - Pinarello Dogma 65.1 think 2,30000.0,25377.31,18.215836719916897,ok_deal,3.0,0,4,0,0,1,5.0,52.0,Pent brukt - I god stand,Pinarello,
212403777,https://www.finn.no/recommerce/forsale/item/212403777,Giant TCR Advanced Pro 0 Disc str M/L,27000.0,29068.75,-7.116749086218017,ok_deal,3.0,4,3,1,0,1,5.0,54.0,Pent brukt - I god stand,Giant,Shimano Ultegra Di2
446441045,https://www.finn.no/recommerce/forsale/item/446441045,Tarmac sl6,19999.0,15800.091,26.575221797392505,bad_deal,4.0,2,4,0,0,0,1.0,58.0,Som ny - Ikke synlig brukt,Specialized,Shimano Tiagra
446412439,https://www.finn.no/recommerce/forsale/item/446412439,Giant tcr,9990.0,10440.194,-4.312126014626276,ok_deal,3.0,3,3,0,0,0,5.0,54.0,Pent brukt - I god stand,Giant,Shimano 105
446382474,https://www.finn.no/recommerce/forsale/item/446382474,Planet X Kaffeback landeveissykkel str M selges -,6500.0,10874.094,-40.22490379945455,good_deal,3.0,3,1,0,0,0,8.0,54.0,Pent brukt - I god stand,Planet X,Shimano 105
408521993,https://www.finn.no/recommerce/forsale/item/408521993,Dare Mafo stl L selges!,29000.0,42366.29,-31.549350576307628,good_deal,2.0,4,1,0,1,1,5.0,56.0,Godt brukt - Synlig brukt,Dare,Shimano Ultegra Di2
436179431,https://www.finn.no/recommerce/forsale/item/436179431,Nishiki Race Champion – Fullkarbon landeveissykkel (klar for ny eier!),8000.0,9680.7,-17.36134950368893,ok_deal,3.0,3,2,1,0,0,5.0,54.0,Pent brukt - I god stand,Nishiki,Shimano 105
446301126,https://www.finn.no/recommerce/forsale/item/446301126,SCOTT Addict RC 10 Str M 2025 mod,55000.0,43888.324,25.318068026171897,bad_deal,3.0,4,3,1,0,1,1.0,54.0,Pent brukt - I god stand,Scott,Shimano Ultegra Di2
429321107,https://www.finn.no/recommerce/forsale/item/429321107,Hard rocx landeveissykkel carbon,6900.0,10032.369,-31.222626447633473,good_deal,3.0,4,1,1,0,0,5.0,54.0,Pent brukt - I god stand,Hard Rocx,Shimano Ultegra
418474424,https://www.finn.no/recommerce/forsale/item/418474424,Cannondale Supersix evo HI-mod 2017 str51,27000.0,27487.77,-1.774496583636842,ok_deal,3.0,4,3,1,1,1,9.0,51.0,Pent brukt - I god stand,Cannondale,Shimano Ultegra Di2
421864749,https://www.finn.no/recommerce/forsale/item/421864749,Cannondale Synapse L 2015,12000.0,8689.58,38.09643149740451,bad_deal,2.0,4,3,0,0,0,11.0,56.0,Godt brukt - Synlig brukt,Cannondale,Shimano Ultegra
446225053,https://www.finn.no/recommerce/forsale/item/446225053,Scott Addict RC 20 - XL - SRAM Force - Wattmåler - Reynolds AR58 karbonhjul,37000.0,34592.656,6.959117948625296,ok_deal,3.0,4,3,1,1,1,5.0,58.0,Pent brukt - I god stand,Scott,SRAM Force AXS eTap
422495132,https://www.finn.no/recommerce/forsale/item/422495132,Flott Carbon landeveissykkel NY PRIS,12000.0,8951.547,34.05504286095804,bad_deal,3.0,0,1,1,0,0,5.0,54.0,Pent brukt - I god stand,Diamand,
363876564,https://www.finn.no/recommerce/forsale/item/363876564,Colnago CT1 Titano - 57cm Chorus 11 speed,16000.0,16521.883,-3.158736921346264,ok_deal,4.0,4,4,0,0,0,5.0,57.0,Som ny - Ikke synlig brukt,Colnago,Campagnolo Chorus 11 speed
427118745,https://www.finn.no/recommerce/forsale/item/427118745,Cervelo sykkel carbón,30000.0,16555.922,81.20404424776255,bad_deal,3.0,0,4,1,0,0,5.0,58.0,Pent brukt - I god stand,Cervelo,
446155392,https://www.finn.no/recommerce/forsale/item/446155392,"Specialized S Works Roubaix 2014, Kom med bud!",40000.0,20802.844,92.2814038345118,bad_deal,3.0,5,4,1,1,1,12.0,58.0,Pent brukt - I god stand,Specialized,Shimano Dura-Ace Di2
418372399,https://www.finn.no/recommerce/forsale/item/418372399,Ridley Gravelbike,13500.0,13511.541,-0.08541598335566426,ok_deal,3.0,3,3,0,0,0,7.0,54.0,Pent brukt - I god stand,Ridley,SRAM Rival
437300427,https://www.finn.no/recommerce/forsale/item/437300427,Caad 12 Ultegra - 58cm med rs-81 hjulsett,15000.0,11172.94,34.252930948630684,bad_deal,3.0,4,3,0,0,0,5.0,58.0,Pent brukt - I god stand,Cannondale,Shimano Ultegra
446109915,https://www.finn.no/recommerce/forsale/item/446109915,BH Racer Allround Quartz Landeveissykkel,15000.0,12006.133,24.936149168556433,bad_deal,4.0,3,1,0,0,0,5.0,56.0,Som ny - Ikke synlig brukt,BH,Shimano 105
421700622,https://www.finn.no/recommerce/forsale/item/421700622,Orbea avant H30 2025,21000.0,21162.766,-0.7691132051650267,ok_deal,3.0,3,3,0,0,0,1.0,49.0,Pent brukt - I god stand,Orbea,Shimano 105 R7100
446100026,https://www.finn.no/recommerce/forsale/item/446100026,2025 Specialized Tarmac SL8 Expert str 49,53000.0,32828.543,61.44487451194993,bad_deal,3.0,3,4,1,1,1,1.0,49.0,Pent brukt - I god stand,Specialized,SRAM Rival eTap AXS
436462520,https://www.finn.no/recommerce/forsale/item/436462520,"Bianchi Oltre XR3 Ultegra 2018, størrelse 57 cm",25000.0,13764.747,81.62338815450843,bad_deal,2.0,4,3,1,0,0,8.0,57.0,Godt brukt - Synlig brukt,Bianchi,Shimano Ultegra
446076939,https://www.finn.no/recommerce/forsale/item/446076939,Trek Émonda SLR 7,55000.0,33205.297,65.63622426580096,bad_deal,4.0,4,3,1,0,1,5.0,60.0,Som ny - Ikke synlig brukt,Trek,Shimano Ultegra Di2
446046015,https://www.finn.no/recommerce/forsale/item/446046015,Cube Aerium C68X - AXS - Black Inc,40000.0,28362.953,41.029038209504144,bad_deal,3.0,5,3,1,1,1,5.0,52.0,Pent brukt - I god stand,Cube,SRAM Red AXS
383341276,https://www.finn.no/recommerce/forsale/item/383341276,Colnago C64,22000.0,14818.353,48.46454720257219,bad_deal,2.0,5,4,1,0,0,8.0,54.0,Godt brukt - Synlig brukt,Colnago,Campagnolo Record
436803757,https://www.finn.no/recommerce/forsale/item/436803757,Giant TCR landeveissykkel,7000.0,17029.15,-58.89401503052268,good_deal,3.0,4,3,0,0,0,5.0,52.0,Pent brukt - I god stand,Giant,Shimano Ultegra
371966487,https://www.finn.no/recommerce/forsale/item/371966487,Retro Peugeot racersykkel. (Samleobjekt),5000.0,9096.831,-45.03580455719739,good_deal,3.0,0,1,0,0,0,5.0,54.0,Pent brukt - I god stand,Peugeot,
433305164,https://www.finn.no/recommerce/forsale/item/433305164,DeRosa SK Pinifarina,29500.0,30951.883,-4.690773809448688,ok_deal,3.0,5,4,0,1,1,5.0,56.0,Pent brukt - I god stand,De Rosa,Campagnolo Super Record EPS
427038004,https://www.finn.no/recommerce/forsale/item/427038004,Vipera r888,7000.0,10186.037,-31.27847537922911,good_deal,3.0,4,1,1,0,0,5.0,54.0,Pent brukt - I god stand,Vipera,Shimano Ultegra
436913286,https://www.finn.no/recommerce/forsale/item/436913286,Scott Addict RC 15 2024 | Ultegra Di2 12s | Carbon Syncros hjul,45000.0,45931.1,-2.0271701109389215,ok_deal,4.0,4,3,1,1,1,2.0,54.0,Som ny - Ikke synlig brukt,Scott,Shimano Ultegra Di2 12s
445855551,https://www.finn.no/recommerce/forsale/item/445855551,Endurace CF 7,20000.0,13216.411,51.32701153905408,bad_deal,4.0,0,3,1,0,0,5.0,54.0,Som ny - Ikke synlig brukt,Canyon,
437033779,https://www.finn.no/recommerce/forsale/item/437033779,Ridley Fenix 7500 Aluminium,6000.0,9300.171,-35.48505650570307,good_deal,3.0,0,3,0,0,0,5.0,54.0,Pent brukt - I god stand,Ridley,
420394045,https://www.finn.no/recommerce/forsale/item/420394045,Specialized Venge Pro Race str 61,25000.0,22744.305,9.917627043308576,ok_deal,3.0,4,4,1,1,0,11.0,61.0,Pent brukt - I god stand,Specialized,Shimano Ultegra
427002155,https://www.finn.no/recommerce/forsale/item/427002155,Vipera Venus C7 HM Carbon,6000.0,9002.242,-33.34993799287851,good_deal,3.0,4,1,1,0,0,5.0,51.0,Pent brukt - I god stand,Vipera,Shimano Ultegra
445801192,https://www.finn.no/recommerce/forsale/item/445801192,Canyon Endurance CF 7 - strl XXS,22000.0,24557.828,-10.415530689361399,ok_deal,3.0,0,3,1,0,0,2.0,48.0,Pent brukt - I god stand,Canyon,
433409894,https://www.finn.no/recommerce/forsale/item/433409894,Scott Addict rc15 23/24 str 58,41000.0,40148.016,2.122108307812536,ok_deal,3.0,4,3,1,1,1,3.0,58.0,Pent brukt - I god stand,Scott,Shimano Ultegra Di2
445751855,https://www.finn.no/recommerce/forsale/item/445751855,Scott Contessa Solace 25,8000.0,12547.195,-36.24073108967953,good_deal,3.0,3,3,1,0,0,5.0,54.0,Pent brukt - I god stand,Scott,Shimano 105
445751439,https://www.finn.no/recommerce/forsale/item/445751439,Scott Plasma 10 Di2,24999.0,20724.01,20.62820025044547,bad_deal,3.0,4,3,0,0,1,8.0,56.0,Pent brukt - I god stand,Scott,Shimano Ultegra Di2
436281229,https://www.finn.no/recommerce/forsale/item/436281229,Ombygget Kona Cinder Cone selges!,10000.0,6509.21,53.62847503784827,bad_deal,3.0,2,1,0,0,0,30.0,54.0,Pent brukt - I god stand,Kona,Shimano
352899262,https://www.finn.no/recommerce/forsale/item/352899262,Scott Addict RC str 54,35000.0,37495.59,-6.65568898675688,ok_deal,5.0,3,3,1,0,1,5.0,54.0,Helt ny - Uåpnet/med lapp,Scott,Shimano 105 Di2
322572682,https://www.finn.no/recommerce/forsale/item/322572682,Sjelden Monark,6000.0,6506.572,-7.78554044554863,ok_deal,3.0,1,1,0,0,0,5.0,54.0,,Monark,Campagnolo
432352788,https://www.finn.no/recommerce/forsale/item/432352788,Cannondale XR800,13999.0,10356.708,35.168433728555115,bad_deal,3.0,3,3,0,0,0,5.0,54.0,Pent brukt - I god stand,Cannondale,Shimano 105
267863578,https://www.finn.no/recommerce/forsale/item/267863578,Vipera Race 9.5 Large,10000.0,9757.212,2.488293664992391,ok_deal,3.0,5,1,0,0,0,5.0,56.0,Pent brukt - I god stand,Vipera,Shimano Dura Ace
416937615,https://www.finn.no/recommerce/forsale/item/416937615,Meget pen karbonracer: Isaac Boson DISC SRAM RED FFWD karbon hjul S,23999.0,27309.014,-12.120590335651398,ok_deal,3.0,5,1,1,1,0,5.0,52.0,Pent brukt - I god stand,Isaac,SRAM Red
432590362,https://www.finn.no/recommerce/forsale/item/432590362,PENT BRUKT SCOTT SPEEDSTER 40 LANDEVEISSYKKEL SELGES,5500.0,9808.081,-43.92379131724826,good_deal,3.0,2,3,0,0,0,5.0,56.0,Pent brukt - I god stand,Scott,Shimano Tiagra/Sora
436730461,https://www.finn.no/recommerce/forsale/item/436730461,SCULTURA ENDURANCE 4000 M,24000.0,8056.995,197.8778024676005,bad_deal,3.0,0,2,0,0,0,5.0,54.0,Pent brukt - I god stand,Merida,
445588419,https://www.finn.no/recommerce/forsale/item/445588419,Scott Addict SL med wattmåler selges,18000.0,22152.54,-18.745205914248682,ok_deal,3.0,5,3,1,1,0,5.0,52.0,Pent brukt - I god stand,Scott,SRAM Red
426801994,https://www.finn.no/recommerce/forsale/item/426801994,Eddy Merckx,9500.0,21654.053,-56.12830486498675,good_deal,3.0,4,3,0,1,0,5.0,56.0,Pent brukt - I god stand,Eddy Merckx,Shimano Ultegra
445514029,https://www.finn.no/recommerce/forsale/item/445514029,Cannondale Supersix Evo 3 (2024) - størrelse 56,39000.0,38480.426,1.350229910925695,ok_deal,3.0,3,3,1,1,1,2.0,56.0,Pent brukt - I god stand,Cannondale,Shimano 105 Di2
272508184,https://www.finn.no/recommerce/forsale/item/272508184,COLNAGO c40 racingsykkel,15000.0,16841.068,-10.932016426084532,ok_deal,3.0,0,4,1,0,0,5.0,59.0,Pent brukt - I god stand,Colnago,
445178762,https://www.finn.no/recommerce/forsale/item/445178762,Landeveisykel,6000.0,7639.923,-21.46517554463402,good_deal,3.0,2,2,0,0,0,12.0,54.0,Pent brukt - I god stand,Merida,Shimano Tiagra
396832101,https://www.finn.no/recommerce/forsale/item/396832101,Før pris 28k. Pris kan diskuteres. Trygg Handel !,17999.0,6748.5312,166.7098859474052,bad_deal,3.0,2,1,0,0,0,5.0,54.0,Pent brukt - I god stand,,Shimano
426748824,https://www.finn.no/recommerce/forsale/item/426748824,Head Cyclone Landeveissykkel,10000.0,9253.886,8.062713098034514,ok_deal,3.0,0,1,0,0,0,5.0,56.0,Pent brukt - I god stand,Head,
445154343,https://www.finn.no/recommerce/forsale/item/445154343,BMC RoadRacer SL01 - new Shimano 105 set!,15000.0,13921.808,7.744629235368775,ok_deal,3.0,3,4,1,0,0,5.0,54.0,Pent brukt - I god stand,BMC,Shimano 105 R7000
375820692,https://www.finn.no/recommerce/forsale/item/375820692,"Landveisykkel i full karbon, veldig pen.",12500.0,14137.567,-11.583091620156265,ok_deal,3.0,4,3,1,0,0,5.0,54.0,Pent brukt - I god stand,Trek,Shimano Ultegra
445382326,https://www.finn.no/recommerce/forsale/item/445382326,Giant TCR M/L Advanced 0 Compact 2021,53000.0,14035.944,277.60195346670974,bad_deal,3.0,4,3,1,0,0,5.0,54.0,Pent brukt - I god stand,Giant,Shimano Ultegra
426621564,https://www.finn.no/recommerce/forsale/item/426621564,Kjempetilbud på Ridley fenix SL med shimano di2 elektronisk gir,18000.0,20307.904,-11.364561616681158,ok_deal,3.0,2,3,0,0,1,5.0,54.0,Pent brukt - I god stand,Ridley,Shimano Di2
436052126,https://www.finn.no/recommerce/forsale/item/436052126,"Specialized Crux CX, 58 cm Landeveisykkel.",18000.0,15018.341,19.853452624105902,ok_deal,3.0,0,4,0,0,0,5.0,58.0,Pent brukt - I god stand,Specialized,
353203730,https://www.finn.no/recommerce/forsale/item/353203730,W Evans touring bicycle (sykkel),9500.0,8742.685,8.662275569898895,ok_deal,3.0,2,1,0,0,0,5.0,58.0,Pent brukt - I god stand,F W Evans,Shimano 500
414524142,https://www.finn.no/recommerce/forsale/item/414524142,DARE TSRf temposykkel,35000.0,26143.057,33.87875978362742,bad_deal,3.0,4,1,0,0,1,7.0,54.0,Pent brukt - I god stand,DARE,Shimano Ultegra Di2
421610851,https://www.finn.no/recommerce/forsale/item/421610851,Specialized S-Works Tarmac SL4 56 cm,20000.0,34325.18,-41.733735461599686,good_deal,3.0,5,4,1,1,1,5.0,56.0,Pent brukt - I god stand,Specialized,Shimano Dura-Ace Di2
359502695,https://www.finn.no/recommerce/forsale/item/359502695,Merida Scultura 904,11500.0,15741.807,-26.946123386359844,good_deal,2.0,3,2,1,1,0,5.0,56.0,Godt brukt - Synlig brukt,Merida,Shimano 105
435378565,https://www.finn.no/recommerce/forsale/item/435378565,Trek Madone Project 1 inkl Dura Ace wattmåler Str 54,52000.0,35617.09,45.99732945089233,bad_deal,3.0,5,3,1,1,1,5.0,54.0,Pent brukt - I god stand,Trek,Shimano Dura-Ace Di2
354501756,https://www.finn.no/recommerce/forsale/item/354501756,Monoc Vipera Pro,6000.0,9186.901,-34.68962210229047,good_deal,3.0,5,1,0,0,0,5.0,54.0,Pent brukt - I god stand,Monoc,Shimano Dura-Ace
445163679,https://www.finn.no/recommerce/forsale/item/445163679,Trek Speed Concept temposykkel / Triathlonsykkel. Størrelse Small,30000.0,15731.99,90.69424499418297,bad_deal,3.0,4,3,1,0,1,11.0,52.0,Pent brukt - I god stand,Trek,Shimano Ultegra Di2
445159854,https://www.finn.no/recommerce/forsale/item/445159854,Canyon Ultimate CF7 DI2 2025 Medium,35000.0,37081.97,-5.614504353952351,ok_deal,4.0,3,3,1,0,1,1.0,54.0,Som ny - Ikke synlig brukt,Canyon,Shimano 105 Di2
445157218,https://www.finn.no/recommerce/forsale/item/445157218,Cube Attain Pro black'n'orange (50cm / S),8500.0,14103.952,-39.733204490901024,good_deal,3.0,1,3,0,0,0,6.0,50.0,Pent brukt - I god stand,Cube,Shimano Sora R3000
221866058,https://www.finn.no/recommerce/forsale/item/221866058,Sport sykkel,8500.0,9951.555,-14.586210226260189,ok_deal,4.0,0,3,0,0,0,5.0,54.0,Som ny - Ikke synlig brukt,Trek,
445095674,https://www.finn.no/recommerce/forsale/item/445095674,Wilier Triestina Cento10SL,42000.0,43552.383,-3.5644038563475555,ok_deal,4.0,3,1,1,1,1,1.0,56.0,Som ny - Ikke synlig brukt,Wilier Triestina,Shimano 105 Di2
435388522,https://www.finn.no/recommerce/forsale/item/435388522,Vipera R656 Landeveissykkel,6200.0,10032.369,-38.200041155844566,good_deal,3.0,4,1,1,0,0,5.0,54.0,Pent brukt - I god stand,Vipera,Shimano Ultegra
80440889,https://www.finn.no/recommerce/forsale/item/80440889,Cannondale Six13 samleobjekt,20000.0,12361.375,61.794298773396974,bad_deal,3.0,5,3,1,0,0,21.0,54.0,,Cannondale,Campagnolo Record
341869578,https://www.finn.no/recommerce/forsale/item/341869578,Linskey sportive titansykkel (2019-modell) vurderes solgt,16500.0,9368.17,76.1283168174814,bad_deal,3.0,4,1,0,0,0,7.0,54.0,,Lynskey,Shimano Ultegra R8000
423758850,https://www.finn.no/recommerce/forsale/item/423758850,"Merida Scultura 6000 - Veil pris 37 999,- | Di2 12 delt - Small - Gi bud",29000.0,26774.89,8.310433107511527,ok_deal,4.0,3,2,1,0,1,1.0,52.0,Som ny - Ikke synlig brukt,Merida,Shimano 105 Di2
426293948,https://www.finn.no/recommerce/forsale/item/426293948,"Clemenso Super Record m/Columbus-rør, Shimano Ultegra/105 - kan sendes",5000.0,10997.25,-54.53408806747141,good_deal,3.0,4,1,0,0,0,5.0,56.0,Pent brukt - I god stand,Clemenso,Shimano Ultegra/105
434944871,https://www.finn.no/recommerce/forsale/item/434944871,RR Lite Carbon 18 - XL ramme,6999.0,8873.486,-21.124575604333927,good_deal,3.0,1,1,1,0,0,5.0,58.0,Pent brukt - I god stand,White,Shimano Sora
225590959,https://www.finn.no/recommerce/forsale/item/225590959,Ny pris - Pinarello Dogma 65.1 Think2,31000.0,20083.438,54.35604587113138,bad_deal,3.0,5,4,1,1,1,13.0,54.0,Pent brukt - I god stand,Pinarello,Shimano Dura-Ace 9000 Di2
379067829,https://www.finn.no/recommerce/forsale/item/379067829,Giant propel Advanced 1 kjørt 4 turer,35000.0,44690.37,-21.683353385949417,good_deal,4.0,3,3,1,1,1,3.0,54.0,Som ny - Ikke synlig brukt,Giant,SRAM Rival eTap AXS
444871222,https://www.finn.no/recommerce/forsale/item/444871222,Cervelo S5 VWD SPAM eTAP (str 54),28000.0,21623.963,29.485978780232326,bad_deal,3.0,2,4,1,0,1,5.0,54.0,Pent brukt - I god stand,Cervelo,SRAM eTap
444870973,https://www.finn.no/recommerce/forsale/item/444870973,Gavia Treviso str 54 - brukt 1 gang,12000.0,10896.675,10.12533837238012,ok_deal,4.0,2,1,0,0,0,1.0,54.0,Som ny - Ikke synlig brukt,Gavia,Shimano Tiagra
444857434,https://www.finn.no/recommerce/forsale/item/444857434,Winspace SLC 2.0 M 2024,28000.0,16331.099,71.45202922075495,bad_deal,3.0,5,1,0,0,0,2.0,54.0,Pent brukt - I god stand,Winspace,Shimano Dura-Ace
420275616,https://www.finn.no/recommerce/forsale/item/420275616,Isaac landeveissykkel med ultegra gruppesett selges,5500.0,7467.4497,-26.347009812181604,good_deal,2.0,4,1,0,0,0,5.0,58.0,Godt brukt - Synlig brukt,Isaac,Shimano Ultegra
444786355,https://www.finn.no/recommerce/forsale/item/444786355,Pen De Rosa Idol selges!,10990.0,16808.158,-34.6150847273872,good_deal,3.0,1,4,1,0,0,9.0,58.0,Pent brukt - I god stand,De Rosa,Campagnolo
444757208,https://www.finn.no/recommerce/forsale/item/444757208,"Ønsker å kjøpe: Canyon Ultimate CF Young Hero – pent brukt, størrelse 2XS",15000.0,10807.95,38.78672392944249,bad_deal,3.0,0,3,1,0,0,5.0,54.0,Pent brukt - I god stand,Canyon,
444723738,https://www.finn.no/recommerce/forsale/item/444723738,Cube Attain Pro str.50,8000.0,12309.058,-35.00720974098485,good_deal,2.0,0,3,0,0,0,8.0,50.0,Godt brukt - Synlig brukt,Cube,
432017251,https://www.finn.no/recommerce/forsale/item/432017251,Canondale Super Six EVO str 54,25000.0,35617.09,-29.808976225532536,good_deal,3.0,5,3,1,1,1,5.0,54.0,Pent brukt - I god stand,Cannondale,Shimano Dura-Ace Di2
424933096,https://www.finn.no/recommerce/forsale/item/424933096,Bianchi Oltre XR3,23500.0,15297.608,53.61878398194775,bad_deal,4.0,0,3,1,0,0,5.0,55.0,Som ny - Ikke synlig brukt,Bianchi,
387162139,https://www.finn.no/recommerce/forsale/item/387162139,Bianchi Oltre – Dura-Ace Di2 – 2 hjulsett,22500.0,18009.064,24.937084092092945,bad_deal,3.0,5,3,1,1,1,14.0,57.0,Pent brukt - I god stand,Bianchi,Shimano Dura-Ace Di2 7970
435009747,https://www.finn.no/recommerce/forsale/item/435009747,"White RC LTD Disc 105 2023 - Veilpris 17 990, STR L",12999.0,16683.17,-22.0831528967664,good_deal,3.0,3,1,0,0,0,3.0,56.0,Pent brukt - I god stand,White,Shimano 105 R7000
444639544,https://www.finn.no/recommerce/forsale/item/444639544,BMC SLR01 strl. 51,47000.0,25079.086,87.4071491964638,bad_deal,3.0,4,4,1,1,1,5.0,51.0,Pent brukt - I god stand,BMC,SRAM Force AXS
415045833,https://www.finn.no/recommerce/forsale/item/415045833,"Giant TCR Advanced PRO 1 str M - Ultegra - Wattmåler - Veil 39 999,-",22900.0,14038.515,63.12267054940026,bad_deal,3.0,4,3,1,0,0,5.0,54.0,Pent brukt - I god stand,Giant,Shimano Ultegra
434303090,https://www.finn.no/recommerce/forsale/item/434303090,Gavia Imperiale SR1 52,20000.0,22189.438,-9.867025696347644,ok_deal,3.0,5,1,0,0,1,5.0,52.0,,Gavia,Shimano Dura-Ace Di2 / Ultegra
414443834,https://www.finn.no/recommerce/forsale/item/414443834,Vipera R999 105,10000.0,9924.067,0.765136050154272,ok_deal,3.0,3,1,1,0,0,5.0,54.0,Pent brukt - I god stand,Vipera,Shimano 105
433524713,https://www.finn.no/recommerce/forsale/item/433524713,Colnago C96,17000.0,15884.977,7.019358405175488,ok_deal,2.0,3,4,0,0,0,30.0,54.0,Godt brukt - Synlig brukt,Colnago,Shimano 105/600
415905428,https://www.finn.no/recommerce/forsale/item/415905428,Nokia,22000.0,9577.812,129.6975665700315,bad_deal,5.0,0,1,0,0,0,5.0,54.0,Helt ny - Uåpnet/med lapp,Nokia,
435533322,https://www.finn.no/recommerce/forsale/item/435533322,Scott Addict R2,10000.0,11732.027,-14.763239915842016,ok_deal,3.0,4,3,1,0,0,14.0,54.0,Pent brukt - I god stand,Scott,Shimano Ultegra
444556954,https://www.finn.no/recommerce/forsale/item/444556954,Sykkel for bane/track,7000.0,7881.4194,-11.183511308087338,ok_deal,3.0,5,1,0,0,0,13.0,54.0,Pent brukt - I god stand,,Shimano Dura-Ace
444490831,https://www.finn.no/recommerce/forsale/item/444490831,Lapierre Audacio 300 landeveissykkel,7900.0,8010.621,-1.3809302981052012,ok_deal,3.0,2,3,0,0,0,5.0,56.0,Pent brukt - I god stand,Lapierre,Shimano Tiagra
425774764,https://www.finn.no/recommerce/forsale/item/425774764,Bianchi Impulso,8000.0,9564.721,-16.35929319518731,ok_deal,4.0,0,3,0,0,0,5.0,54.0,Som ny - Ikke synlig brukt,Bianchi,
417919603,https://www.finn.no/recommerce/forsale/item/417919603,Bianchi DI2 ( Team Rynkeby),15000.0,18405.205,-18.50131559888003,ok_deal,3.0,4,3,1,0,1,8.0,47.0,Pent brukt - I god stand,Bianchi,Shimano Ultegra Di2
444499673,https://www.finn.no/recommerce/forsale/item/444499673,Cannondale Supersix EVO Ultegra: Rask og lett! (Passer 170-175 cm),40000.0,21231.115,88.40272665110199,bad_deal,3.0,4,3,1,1,0,6.0,51.0,Pent brukt - I god stand,Cannondale,Shimano Ultegra
444451712,https://www.finn.no/recommerce/forsale/item/444451712,Scott Foil 40,6500.0,13394.002,-51.470814900967945,good_deal,2.0,3,3,1,0,0,5.0,54.0,Godt brukt - Synlig brukt,Scott,Shimano 105
407632986,https://www.finn.no/recommerce/forsale/item/407632986,Ny pris Meget pen s-works med di 2.,20000.0,23640.95,-15.401028042741649,ok_deal,3.0,5,4,1,1,1,14.0,56.0,Pent brukt - I god stand,Specialized,Shimano Dura-Ace Di2
444262836,https://www.finn.no/recommerce/forsale/item/444262836,Canyon Endurance CF6 - Medium,16500.0,8995.513,83.4247869896069,bad_deal,3.0,2,3,1,0,0,5.0,54.0,Pent brukt - I god stand,Canyon,Shimano Tiagra
435690787,https://www.finn.no/recommerce/forsale/item/435690787,Fuji Altamira c5 carbon landeveissykkel. Må hentes,7500.0,14235.092,-47.31330077094087,good_deal,3.0,3,3,1,0,0,5.0,54.0,Pent brukt - I god stand,Fuji,Shimano 105
410633180,https://www.finn.no/recommerce/forsale/item/410633180,Canyon Ultimate CF SL F8 strl. L,17000.0,14506.518,17.188704376817693,ok_deal,3.0,4,3,1,0,0,5.0,56.0,Pent brukt - I god stand,Canyon,Shimano Ultegra R8000
435212700,https://www.finn.no/recommerce/forsale/item/435212700,Merida sykkel,6500.0,10698.896,-39.24607075605599,good_deal,4.0,0,2,0,0,0,5.0,54.0,Som ny - Ikke synlig brukt,Merida,
425669311,https://www.finn.no/recommerce/forsale/item/425669311,Caad10,7000.0,7663.7812,-8.661276050905029,ok_deal,2.0,3,3,0,0,0,5.0,58.0,Godt brukt - Synlig brukt,Cannondale,Shimano 105
444353399,https://www.finn.no/recommerce/forsale/item/444353399,White RR Ultimate Carbon,8250.0,10186.037,-19.00677455409145,ok_deal,3.0,4,1,1,0,0,5.0,54.0,Pent brukt - I god stand,White,SRAM Force
417551110,https://www.finn.no/recommerce/forsale/item/417551110,"TREK Madone 5.9 SL (fullkarbon (OCLV 110), 62 cm (XL)) - tidligere toppmodell.",28000.0,18925.135,47.951390290008874,bad_deal,3.0,5,3,1,1,0,5.0,62.0,Pent brukt - I god stand,Trek,Shimano Dura-Ace
419756834,https://www.finn.no/recommerce/forsale/item/419756834,Orbea Orca M20 Ultergra di2 2020 (str. 57/L),35000.0,33263.902,5.2191641206408175,ok_deal,3.0,4,3,0,1,1,6.0,57.0,Pent brukt - I god stand,Orbea,Shimano Ultegra Di2
428195215,https://www.finn.no/recommerce/forsale/item/428195215,Orbea Orca OMX M21eLTD - SRAM Force eTap AXS,35000.0,35979.082,-2.7212535061333925,ok_deal,3.0,4,3,1,1,1,6.0,57.0,Pent brukt - I god stand,Orbea,SRAM Force eTap AXS
444294717,https://www.finn.no/recommerce/forsale/item/444294717,"Specialized Tarmac SL6 Sport (2019) – Str. 52 – Strøken, kun 700 km",21500.0,17806.797,20.74041250049358,bad_deal,3.0,3,4,1,0,0,7.0,52.0,Pent brukt - I god stand,Specialized,Shimano 105 R7000
444279316,https://www.finn.no/recommerce/forsale/item/444279316,Diamant R2,7500.0,9836.551,-23.753761183278087,good_deal,3.0,2,1,1,0,0,5.0,57.0,Pent brukt - I god stand,Diamant,SRAM
425567421,https://www.finn.no/recommerce/forsale/item/425567421,Fenix SLiC,25000.0,12019.997,107.98673954543685,bad_deal,3.0,3,3,1,0,0,5.0,54.0,Pent brukt - I god stand,Ridley,Shimano 105 R7000
444243894,https://www.finn.no/recommerce/forsale/item/444243894,"Cyclone Head, Landeveissykkel",5000.0,11549.231,-56.707075932491115,good_deal,4.0,0,1,0,0,0,5.0,56.0,Som ny - Ikke synlig brukt,Cyclone,
429742299,https://www.finn.no/recommerce/forsale/item/429742299,Fara f/Road 2024 56cm,40000.0,34031.07,17.539647247907876,ok_deal,3.0,3,1,1,1,1,2.0,56.0,Pent brukt - I god stand,Fara,SRAM Rival AXS
428045736,https://www.finn.no/recommerce/forsale/item/428045736,Trek Emonda SLR10 Team Issue,12500.0,21064.139,-40.65743586900092,good_deal,3.0,3,3,1,1,0,5.0,58.0,Pent brukt - I god stand,Trek,Shimano 105
349439852,https://www.finn.no/recommerce/forsale/item/349439852,Wilier Garda (elektriske gir) Karbonhjul Størrelse L,38000.0,45789.223,-17.011039289147682,ok_deal,4.0,3,4,0,1,1,3.0,56.0,Som ny - Ikke synlig brukt,Wilier,SRAM Rival AXS
444190080,https://www.finn.no/recommerce/forsale/item/444190080,Eddy Merckx Corsa Extra,7000.0,5768.448,21.34979297908155,bad_deal,2.0,1,3,0,0,0,5.0,59.0,Godt brukt - Synlig brukt,Eddy Merckx,Campagnolo
444156607,https://www.finn.no/recommerce/forsale/item/444156607,BMC TM01 🔥 Ultegra Di2 + carbonhjul (DT350) – str. S – BMC Team-look,29000.0,38111.367,-23.907216822408834,good_deal,3.0,4,4,0,1,1,5.0,52.0,Pent brukt - I god stand,BMC,Shimano Ultegra Di2
223403173,https://www.finn.no/recommerce/forsale/item/223403173,Scott landeveisykkel str M,13500.0,10994.765,22.785711487862788,bad_deal,3.0,4,3,0,0,0,19.0,54.0,Pent brukt - I god stand,Scott,Shimano Ultegra
444148493,https://www.finn.no/recommerce/forsale/item/444148493,Argon 18 Radon – lett landeveissykkel med karbon,9900.0,8844.04,11.93979172723686,ok_deal,3.0,3,1,0,0,0,5.0,54.0,Pent brukt - I god stand,Argon 18,SRAM Rival
357797245,https://www.finn.no/recommerce/forsale/item/357797245,Trek Speed Concept 9.9 2018,19000.0,17727.443,7.1784555439124835,ok_deal,3.0,2,3,1,0,1,8.0,54.0,,Trek,Shimano Di2
420601326,https://www.finn.no/recommerce/forsale/item/420601326,Cannondale system six Landeveissykkel Herre,11000.0,13752.636,-20.01533228822117,good_deal,3.0,5,3,1,0,0,5.0,56.0,Pent brukt - I god stand,Cannondale,Shimano Dura-Ace
435395493,https://www.finn.no/recommerce/forsale/item/435395493,Look 695 Aerolight DuraAce Di2,22000.0,32015.977,-31.28430751736499,good_deal,3.0,5,4,1,1,1,5.0,54.0,Pent brukt - I god stand,Look,Shimano Dura Ace Di2
444053307,https://www.finn.no/recommerce/forsale/item/444053307,Bianchi Superleggera HC 55cm Full Carbon,15000.0,13682.419,9.629737694436654,ok_deal,3.0,0,3,1,0,0,5.0,55.0,Pent brukt - I god stand,Bianchi,
424652454,https://www.finn.no/recommerce/forsale/item/424652454,BMC Team Machine slr01 dura ace di2 str. 56,35000.0,32369.479,8.126548850965353,ok_deal,3.0,5,4,1,1,1,7.0,56.0,Pent brukt - I god stand,BMC,Shimano Dura Ace Di2
443965093,https://www.finn.no/recommerce/forsale/item/443965093,"SpesialBygd Trek Emonda ALR - str. 52, 105 Di2",28250.0,35268.46,-19.900105507687353,ok_deal,3.0,3,3,0,0,1,5.0,52.0,Pent brukt - I god stand,Trek,Shimano 105 R7170 Di2
425338392,https://www.finn.no/recommerce/forsale/item/425338392,Trek sykkel,5000.0,10326.92,-51.58285299173523,good_deal,3.0,0,3,0,0,0,5.0,54.0,Pent brukt - I god stand,Trek,
434619245,https://www.finn.no/recommerce/forsale/item/434619245,Tantan x68,8000.0,9577.812,-16.47361215635218,ok_deal,5.0,0,1,0,0,0,5.0,54.0,Helt ny - Uåpnet/med lapp,Tantan,
453576942,https://www.finn.no/recommerce/forsale/item/453576942,CANNONDALE SYNAPSE HI-MOD - SRAM RED,23000.0,14790.72,55.50291280751226,bad_deal,3.0,5,3,1,0,0,5.0,54.0,,Cannondale,SRAM Red
304595981,https://www.finn.no/recommerce/forsale/item/304595981,"""Neo Vintage"" Peugeot landeveissykkel",18000.0,8924.14,101.70011574338783,bad_deal,3.0,3,1,0,0,0,5.0,54.0,Pent brukt - I god stand,Peugeot,Shimano 105 R7000
453545865,https://www.finn.no/recommerce/forsale/item/453545865,Trek Madone 4.5 karbon – lett landeveissykkel | Mye sykkel for pengene!,10000.0,9005.9,11.038314507784719,ok_deal,3.0,0,3,1,0,0,15.0,54.0,,Trek,
428373343,https://www.finn.no/recommerce/forsale/item/428373343,BMC TMR01 Carbon racersykkel,25000.0,30169.676,-17.13533754467085,ok_deal,3.0,5,4,1,1,1,5.0,52.0,Pent brukt - I god stand,BMC,SRAM Red eTap
453521898,https://www.finn.no/recommerce/forsale/item/453521898,Cannondale CAAD 10 54 cm Shimano 105,7500.0,10949.849,-31.50590248777162,good_deal,3.0,3,3,0,0,0,5.0,53.0,Pent brukt - I god stand,Cannondale,Shimano 105
453514649,https://www.finn.no/recommerce/forsale/item/453514649,Landeveisykkel Thompson R-8200 fult ultegra utstyrt,12000.0,10997.25,9.118188638068608,ok_deal,3.0,4,1,0,0,0,5.0,56.0,Pent brukt - I god stand,Thompson,Shimano Ultegra
453504659,https://www.finn.no/recommerce/forsale/item/453504659,DARE MR1 Landeveisykkel,18000.0,8815.466,104.18660076390513,bad_deal,3.0,4,1,0,0,0,5.0,56.0,Pent brukt - I god stand,DARE,Shimano Ultegra
426781505,https://www.finn.no/recommerce/forsale/item/426781505,Fondriest Tf 1 str. 45,14000.0,18620.592,-24.814419688049068,good_deal,3.0,4,1,1,0,1,5.0,45.0,Pent brukt - I god stand,Fondriest,Shimano Ultegra Di2
453482556,https://www.finn.no/recommerce/forsale/item/453482556,Focus Izalco Max Dura Ace,18000.0,13649.145,31.876396786543115,bad_deal,2.0,5,3,1,0,0,8.0,50.0,Godt brukt - Synlig brukt,Focus,Shimano Dura Ace
453479646,https://www.finn.no/recommerce/forsale/item/453479646,Merida landeveissykkel,6000.0,8211.521,-26.93193324261666,good_deal,3.0,0,2,0,0,0,5.0,52.0,Pent brukt - I god stand,Merida,
443837907,https://www.finn.no/recommerce/forsale/item/443837907,S-Works Aethos,45000.0,27670.018,62.630904996516925,bad_deal,3.0,5,4,1,1,1,5.0,54.0,Pent brukt - I god stand,Specialized,Shimano Dura-Ace Di2
453625500,https://www.finn.no/recommerce/forsale/item/453625500,Smykke selges. Canondale Caad 9,9000.0,7448.109,20.83604223413727,bad_deal,4.0,0,3,0,0,0,16.0,58.0,Som ny - Ikke synlig brukt,Cannondale,
449614078,https://www.finn.no/recommerce/forsale/item/449614078,FOCUS Izalco MAX 8.6 - Shimano 105 R7000 - str 52 (S) 2022 modell. Karbonhjul,19000.0,27901.117,-31.902368380746402,good_deal,3.0,3,3,1,1,0,4.0,52.0,Pent brukt - I god stand,Focus,Shimano 105 R7000
453610548,https://www.finn.no/recommerce/forsale/item/453610548,BOARDMAN Air 9.4 Di2 – Zipp 808/404 – Ultegra Di2 – Rotor – TT/Aero – Str L,24900.0,24145.832,3.123387787067935,ok_deal,3.0,4,1,1,1,1,11.0,56.0,Pent brukt - I god stand,Boardman,Shimano Ultegra Di2
424888521,https://www.finn.no/recommerce/forsale/item/424888521,Cervelo R3 disc,35000.0,39288.758,-10.9159923888851,ok_deal,4.0,3,1,1,1,1,5.0,56.0,Som ny - Ikke synlig brukt,Cervélo,SRAM Rival eTap AXS
453601804,https://www.finn.no/recommerce/forsale/item/453601804,Trek Domane SL 5 - Gen 4,28000.0,33562.137,-16.572653777560674,ok_deal,4.0,3,3,1,0,0,2.0,58.0,Som ny - Ikke synlig brukt,Trek,Shimano 105
453596680,https://www.finn.no/recommerce/forsale/item/453596680,"Orbea Orca landeveissykkel XS 28"" unisex",20000.0,15145.294,32.05422141172797,bad_deal,4.0,0,3,0,0,0,3.0,50.0,Som ny - Ikke synlig brukt,Orbea,
453665633,https://www.finn.no/recommerce/forsale/item/453665633,Trek Madone 5.2 54 cm,7000.0,14738.59,-52.50563266764359,good_deal,3.0,4,3,1,0,0,5.0,54.0,Pent brukt - I god stand,Trek,Shimano Ultegra
453653923,https://www.finn.no/recommerce/forsale/item/453653923,Argon 18 E-119 Tri+ Di2 - Zipp 808 - Rå temposykkel,30000.0,33767.65,-11.157568299354574,ok_deal,3.0,4,1,0,1,1,5.0,50.0,Pent brukt - I god stand,Argon 18,Shimano Ultegra Di2
426675042,https://www.finn.no/recommerce/forsale/item/426675042,"Giant TCR Advanced SL 0, Dura Ace Di2, str M, karbonhjul, kun 6,4kg",25000.0,30117.383,-16.991459199356683,ok_deal,3.0,5,3,1,1,1,9.0,54.0,Pent brukt - I god stand,Giant,Shimano Dura Ace Di2
453655446,https://www.finn.no/recommerce/forsale/item/453655446,Dare Vsru 2.0 str. M,37000.0,35788.324,3.3856734219904774,ok_deal,4.0,3,1,0,1,1,5.0,54.0,Som ny - Ikke synlig brukt,Dare,Shimano 105 Di2
280470639,https://www.finn.no/recommerce/forsale/item/280470639,PRINCIPIA HANDMADE 2003,5000.0,8767.21,-42.96931381502654,good_deal,3.0,0,1,0,0,0,23.0,54.0,,Principia,
453819266,https://www.finn.no/recommerce/forsale/item/453819266,Scott Addict RC15 Ultegra DI2 (12 delt) str 54/M,38000.0,42771.414,-11.155614484776539,ok_deal,4.0,4,3,1,1,1,5.0,54.0,Som ny - Ikke synlig brukt,Scott,Shimano Ultegra Di2
428513627,https://www.finn.no/recommerce/forsale/item/428513627,Vinter KUPP ! Cervelo Soloist Carbon Str:54 siste pris før den blir tatt av nett,9500.0,14539.747,-34.66186203887096,good_deal,3.0,5,4,1,0,0,5.0,54.0,Pent brukt - I god stand,Cervelo,Shimano Dura-Ace
453808711,https://www.finn.no/recommerce/forsale/item/453808711,Helt ny landeveissykkel / allround racersykkel,8000.0,7688.154,4.056190851146488,ok_deal,4.0,2,1,0,0,0,5.0,54.0,Som ny - Ikke synlig brukt,,Shimano
453806894,https://www.finn.no/recommerce/forsale/item/453806894,Trek Boone 5 Disc,15000.0,11708.988,28.106712891838903,bad_deal,3.0,3,3,1,0,0,11.0,58.0,Pent brukt - I god stand,Trek,Shimano 105
453802413,https://www.finn.no/recommerce/forsale/item/453802413,Cannondale SuperSix EVO Carbon - 58 - Ultegra/105,10000.0,13089.897,-23.60520752861727,good_deal,2.0,4,3,1,0,0,5.0,58.0,Godt brukt - Synlig brukt,Cannondale,Shimano Ultegra/105
363173389,https://www.finn.no/recommerce/forsale/item/363173389,Diamant Pinnacle R2.5,6000.0,8537.304,-29.720199688888343,good_deal,3.0,0,1,0,0,0,10.0,54.0,Pent brukt - I god stand,Diamant,
435545379,https://www.finn.no/recommerce/forsale/item/435545379,Head landeveissykkel + Sykkelrulle,5000.0,10135.189,-50.66693106108301,good_deal,3.0,0,1,0,0,0,5.0,56.0,Pent brukt - I god stand,Head,
453767488,https://www.finn.no/recommerce/forsale/item/453767488,Canyon Aeroad CF SLX 7 | Size M,54000.0,42009.133,28.543477060140752,bad_deal,4.0,3,3,1,1,1,1.0,54.0,Som ny - Ikke synlig brukt,Canyon,Shimano 105 Di2
298854160,https://www.finn.no/recommerce/forsale/item/298854160,Trek Madone 5.2 Ultegra,8800.0,13718.365,-35.852414995124434,good_deal,3.0,4,3,1,0,0,16.0,60.0,Pent brukt - I god stand,Trek,Shimano Ultegra
354908038,https://www.finn.no/recommerce/forsale/item/354908038,CANYON Ultimate CF SLX 9.0 Str. S - FULL DURA ACE,42000.0,22152.54,89.59451953341974,bad_deal,3.0,5,3,1,1,0,5.0,52.0,Pent brukt - I god stand,Canyon,Shimano Dura-Ace R9100
431497818,https://www.finn.no/recommerce/forsale/item/431497818,2018 Giant TCR Advanced SL0 disc,35000.0,29069.639,20.400533336737514,bad_deal,2.0,5,3,1,1,1,8.0,54.0,Godt brukt - Synlig brukt,Giant,SRAM Red eTap
453274796,https://www.finn.no/recommerce/forsale/item/453274796,Scott Speedster 10 (XL/58cm),10500.0,10861.811,-3.331033489431417,ok_deal,2.0,3,3,0,0,0,6.0,58.0,Godt brukt - Synlig brukt,Scott,Shimano 105 R7000
453728681,https://www.finn.no/recommerce/forsale/item/453728681,Trek landeveissykkel carbon,5000.0,11285.447,-55.69515427864529,good_deal,3.0,0,3,1,0,0,5.0,54.0,Pent brukt - I god stand,Trek,
453715442,https://www.finn.no/recommerce/forsale/item/453715442,"Bianchi Intenso landeveissykkel dame XS 28""/700c",14000.0,13505.229,3.6635550727821418,ok_deal,3.0,0,3,0,0,0,7.0,50.0,Pent brukt - I god stand,Bianchi,
434941259,https://www.finn.no/recommerce/forsale/item/434941259,Trek Emonda al 4,15000.0,10944.086,37.060327245808416,bad_deal,3.0,2,3,0,0,0,3.0,60.0,Pent brukt - I god stand,Trek,Shimano Tiagra
453713208,https://www.finn.no/recommerce/forsale/item/453713208,Colnago V3 105 Di2 (54-56),32000.0,37743.867,-15.218014516017192,ok_deal,4.0,3,4,1,1,1,5.0,54.0,Som ny - Ikke synlig brukt,Colnago,Shimano 105 Di2
453714275,https://www.finn.no/recommerce/forsale/item/453714275,Giant tcr landeveissykkel herre,12500.0,16561.924,-24.5256763059564,good_deal,3.0,0,3,0,1,0,5.0,54.0,Pent brukt - I god stand,Giant,
453707738,https://www.finn.no/recommerce/forsale/item/453707738,NOR KAPP AERO Carbon,11000.0,11248.89,-2.212570806684653,ok_deal,3.0,5,2,1,0,0,5.0,54.0,Pent brukt - I god stand,NOR,Shimano Dura-Ace
453702591,https://www.finn.no/recommerce/forsale/item/453702591,BMC Roadmachine five di2 strl 58,27500.0,42963.11,-35.991597442427896,good_deal,3.0,3,4,1,0,1,3.0,58.0,Pent brukt - I god stand,BMC,Shimano 105 Di2 7170
453665681,https://www.finn.no/recommerce/forsale/item/453665681,Basso Venta Disc Di2 – Italiensk karbonracer – Klar til sesong,22000.0,40529.375,-45.71838327139267,good_deal,3.0,4,1,1,1,1,7.0,56.0,Pent brukt - I god stand,Basso,Shimano Ultegra Di2 R8000
453672705,https://www.finn.no/recommerce/forsale/item/453672705,Jamis Xenith karbon TT sykkel,12000.0,10090.984,18.918031720765597,ok_deal,4.0,0,1,1,0,0,13.0,54.0,Som ny - Ikke synlig brukt,Jamis,
420385673,https://www.finn.no/recommerce/forsale/item/420385673,Ønskes kjøpt: Landeveissykkel str. ca. 58–61 (191 cm) – Bodø/Salten,5000.0,9034.877,-44.658903204314356,good_deal,3.0,0,1,0,0,0,5.0,54.0,Pent brukt - I god stand,,
