ad_id,source_url,scraped_at,title,price_nok,tilstand,merke,kjonn,sykkeltype,brand,model,year,framesize,wheel_size,groupset,carbon_frame,carbon_wheels,electronic_shifting,description,location
"450736924","https://www.finn.no/recommerce/forsale/item/450736924","2026-03-02T15:24:19.843Z","CANYON Aeroad CF SLX 8.0 DI2","52000","Som ny - Ikke synlig brukt","Canyon","Unisex","Landevei","Canyon","Aeroad CF SLX 8.0 Di2","","L","","Shimano Ultegra Di2","true","true","true","Nydelig CANYON Aeroad CF SLX 8.0 DI2 luftes for salg med to sett med felger og dekk. EiT sett med ultegra treningssett og EiT par med fullkarbon sett. er blitt lagret inne etter hver bruk og vaskes og god vedlikehold. Ser ikke at den er brukt. Størrelse L. Mye utstyr selges med sykkelen på grunn av bolig. Inkludert Garmin sykkelcomputer. Pris er diskuterbart.","5582 Ølensvåg"
"413731731","https://www.finn.no/recommerce/forsale/item/413731731","2026-03-02T15:24:36.501Z","BMC TEAM MACHINE SLR FOUR - SYKKELPAKKE MED WAHOO KICKR CORE OG KOFFERT","45000","Pent brukt - I god stand","Andre merker","Herre","Landevei","BMC","Teammachine SLR Four","","58","700c","SRAM Rival AXS","true","false","true","Fantastisk sykkel med masse tilbehør søker ny eier. Den er 1,5 år gammel og har gått totalt ca. 3000 km. 790 KM. har vært på rulle. (medfølger) 2020 KM. har vært utendørs Det har aldri vært noe feil med den og den har hatt totalt 2 servicer i fjor. Den første servicen ble tatt når den gikk fra innendørs bruk til vei. Den andre ble utført i mai-måned. Den har blitt grundig vasket etter hver tur. Noen få bruksmerker har den, men den har aldri vært i velt eller krasj. Sykkelen har passet perfekt til meg som er 1.88 m. høy og veier 95 kg. Pedaler (EXUSTAR) følger med og her har jeg også et nytt cleats sett som passer til. Burde sees og prøves! Pakken inneholder følgende: 1. BMC TEAM MACHINE SLR FOUR STR. 58 2. WAHOO KICKR CORE M.SWIFT ADAPTER 3. B&W INTERNATIONAL HARD CASE SYKKELKOFFERT. 4. MASSE TILBEHØR MEDFØLGER, SOM: 2 STK. SHIMANO CLEATS, EXUSTAR CLEATS, 2 SLANGER, NY OG UBRUKT SETETASKE, SPIUK SYKKELSKO STR. 45. 1. Litt om sykkelen: BMC Teammachine SLR FOUR har en lett og stiv karbonramme med Aerocore Design, som gir optimal aerodynamikk og ytelse. Rammen har Stealth Dropout Design, TCC Race Compliance Level, PF86 kranklager, flat mount-skivebremsfeste og en 12x142mm gjennomgående aksel. Den er også optimalisert for Aerocore flaskeholdere for å redusere luftmotstanden ytterligere. GIR Sykkelen er utstyrt med et SRAM RIVAL AXS 2x12 girsystem, med et 48-35T kjedehjul og en 10-36T kassett. Dette gir deg et bredt spekter av girvalg for å takle ulike terreng og stigninger. SRAM RIVAL 12-speed kjede og eTap AXS HRD girskiftere sørger for presis og sømløs giring. BREMSER BMC Teammachine SLR FOUR har kraftige SRAM Rival eTap AXS HRD-skivebremser med Centerline X rotorer i størrelse 160/160 mm. Dette gir deg pålitelig bremseytelse under alle forhold, slik at du kan sykle med selvsikkerhet og kontroll. DEKK Sykkelen er utstyrt med slitesterke Vittoria Rubino-dekk i 25mm bredde, som gir godt grep og komfort på veien. Med en dekklaring på 30mm målt bredde, har sykkelen plass til litt bredere dekk for ekstra komfort og grep på variert underlag. GAFFEL Teammachine SLR FOUR har en Teammachine SLR karbongaffel med TCC Race Compliance Level, intern kabelføring, flat mount-skivebremsfeste, Stealth Dropout Design og en 12x100mm gjennomgående aksel. Dette gir responsiv styring og stabilitet under ritt og trening. 2. Litt om Wahoo Kickr Core: Kickr Core Zwift Bundle – Den Ultimate Innendørs Treningsløsningen Oppdag Kickr Core Zwift Bundle, en perfekt pakke for syklister som ønsker å ta treningen sin til neste nivå. Denne bundlen inkluderer Kickr Core sykkelrulle med Zwift Cog, og gir deg alt du trenger for en realistisk og motiverende treningsopplevelse. Hva Inkluderer Bundlen? Kickr Core sykkelrulle er utstyrt med avansert teknologi som gir presis motstandsjustering og en autentisk syklingopplevelse. Med en robust stålkonstruksjon er den laget for å tåle intensive treningsøkter og gir stabilitet under alle forhold. Realistisk Motstand og Integrasjon med Zwift Med Kickr Core kan du enkelt koble deg til Zwift, hvor rullen automatisk tilpasser motstanden basert på ruten og programvaren. Dette gir en unik mulighet til å trene i et virtuelt miljø, konkurrere med andre og delta i ritt fra hele verden. Mål Fremgangen Din Nøyaktig Bundlen gir deg tilgang til viktige sykkeldata som watt, kadens og hastighet, noe som hjelper deg med å overvåke prestasjonen din og tilpasse treningsøktene for best mulig fremgang. Enkel Oppsett og Bruk Kickr Core er enkel å installere og er kompatibel med de fleste sykler, noe som gjør det til en praktisk løsning for enhver syklist. Ta Treningen Din til Neste Nivå Med Kickr Core Zwift Bundle får du en komplett løsning for innendørs sykling. Opplev fordelene med effektiv trening hjemme, og bli en del av det voksende Zwift-fellesskapet. Bestill din bundle i dag og start reisen mot bedre prestasjoner! Funksjoner: Zwift Cog: Kompatibel med nesten alle 8-12-delte sykler, låser opp maksimal kompatibilitet og holder vedlikeholdet til et minimum. Zwift Click: Kontrollerer de virtuelle girene og festes på et hvilket som helst styre sømløst. Gir intuitivt virtuelt gir med fingertuppene. Virtuell giring: Stillegående, jevn og konsekvent - den virtuelle giringen gjør sykkelen din til en smart sykkel. Automatisk motstand matcher realistisk gradienten til den virtuelle veien. Du glir ned bakker og vil føle hver stigning. Leverer er uovertruffen innendørs sykkelopplevelse. Kraftmåler: I hjertet av Wahoo Kickr Core Zwift One lgiger kraftmåleren, som øker treningen din med skreddersydde treningsøkter og nøyaktige treningsdata. Spesifikasjoner: Maksimal kraft: 1800 watt Maksimal simulert stigning: 16% Maksimal simulert nedstigning: 10% Produktvekt: 18kg Drivverk: Remdrift Motstandstype: Elektromagnetisk Kraft nøyaktighet: +/-2% Tilkobling: ANT+, ANT+ FE-C og opptil tre Bluetooth tilkoblinger Inkluderer: Forhåndsinnstalert Zwift COG (14T enkelt drev) Kompatible aksling typer: 130/135mm QR, 12x142, og 12x148 Thru Axle Adaptere inkludert: 130/135mm QR adapter å nav spacer, 12x142/148 adapter å nav spacer Maksimal ryttervekt: 113kg Zwift Click: Bluetooth-kommunikasjon; CR2032 batteridrevet Vis hele beskrivelsen NB: Knappen for å vise hele beskrivelsen har kun en visuell effekt.","3121 Nøtterøy"
"453463150","https://www.finn.no/recommerce/forsale/item/453463150","2026-03-02T15:24:37.732Z","Trek Madone Two Series landeveissykkel 52 cm unisex rød","7000","Pent brukt - I god stand","Trek","Unisex","Landevei","Trek","Madone Two Series","","52cm","700c","Shimano","false","false","false","Trek Madone Two Series landeveissykkel i unisex-størrelse med 52 cm ramme. Sykkelen har lett ramme med H2-geometri, egnet for landeveiskjøring. Den er utstyrt med Shimano-komponenter, blant annet krank og bakgir, samt smale landeveisdekk tilpasset asfalt. Fargekombinasjonen er hovedsakelig rød med hvite og svarte detaljer. Passer for syklister som ønsker en landeveissykkel til trening og turbruk på vei.","7506 Stjørdal"
"453447889","https://www.finn.no/recommerce/forsale/item/453447889","2026-03-02T15:24:38.884Z","Ridley karbon landeveissykkel","7000","Som ny - Ikke synlig brukt","","Unisex","Landevei","Ridley","","","","","","true","false","false","Lite brukt, som ny Ridley karbon landeveissykkel selges.","0590 Oslo"
"426259765","https://www.finn.no/recommerce/forsale/item/426259765","2026-03-02T15:24:40.221Z","Nor Kapp Superlight – Ultegra Di2","14000","Godt brukt - Synlig brukt","","Unisex","Landevei","Nor","Kapp Superlight","","","","Shimano Ultegra Di2","false","false","true","Selger en Nor Kapp Superlight landeveissykkel med Shimano Ultegra Di2 og 11-delt kassett. Dette er en lett og responsiv sykkel som passer svært godt både til strukturert trening og lange turer. Sykkelen veier ca. 7,3 kg uten pedaler og passer rytter mellom 170–180 cm. Gruppesettet har fått flere oppgraderinger de siste årene: – Krank byttet for 2 år siden – Kjede byttet for 1 år siden – Bakgir byttet for 1 år siden – Styrelager byttet for 1 år siden Sykkelen er noen år gammel og har normale bruksmerker. Bremseklossene begynner å bli slitt og bør byttes på sikt. Det er også noe kast i bakhjulet (se bilde 7 og 8), noe som kan justeres eller tas i forbindelse med service. Ekstra stem, computer-feste og lader følger med. Alt i alt en lett og solid landeveissykkel med gode komponenter og mye bruk igjen. Klar for ny eier 🚴 Vis hele beskrivelsen NB: Knappen for å vise hele beskrivelsen har kun en visuell effekt.","4032 Stavanger"
"453439240","https://www.finn.no/recommerce/forsale/item/453439240","2026-03-02T15:24:41.303Z","Cinelli landeveissykkel 57 cm 27,5"" rød","6700","Pent brukt - I god stand","","","Landevei","Cinelli","","","57cm","27.5""","","false","false","false","Cinelli landeveissykkel med rammehøyde 57 cm og 27,5"" hjul. Sykkelen har klassisk racergeometri med bukkestyre og felgbremser. Rammen er i lett materiale egnet for landeveiskjøring. Utstyrt med dobbel krank og girsystem tilpasset trening og turbruk på asfalt. Passer for brukere som ønsker en tradisjonell landeveissykkel med smale dekk og effektiv sittestilling. Kan sendes etter avtale.","5221 Nesttun"
"453431578","https://www.finn.no/recommerce/forsale/item/453431578","2026-03-02T15:24:42.418Z","Giant OCR3 landeveissykkel L 28""/700c unisex gul","6000","Pent brukt - I god stand","Giant","Unisex","Landevei","Giant","OCR3","","L","700c","Campagnolo Centaur","false","false","false","Giant OCR3 landeveissykkel i størrelse L for unisex bruk. Sykkelen har 28""/700c hjul og klassisk racersykkelgeometri med bukkestyre. Rammen er i gul farge med detaljer i grått og svart. Sykkelen er utstyrt med felgbremser foran og bak, og har girsystem med bakgir fra Campagnolo Centaur. Pedaler med tåklips er montert. Passer til landeveissykling og trening på asfalt. Dekk har bare gått en sesong ( Continental ) Bremseklosser ble også byttet da. Jeg er 194 cm høy, den passet fint til meg.","1814 Askim"
"438286422","https://www.finn.no/recommerce/forsale/item/438286422","2026-03-02T15:24:43.850Z","Merida Ride Disc CF 7000 Karbon Ram Shimano Ultegra komponenter 59cm (L/XL)","14999","Som ny - Ikke synlig brukt","Merida","Unisex","Landevei","Merida","Ride Disc CF 7000","2017","59cm","700c","Shimano Ultegra","true","false","false","RIDE DISC 7000 Karbon Ram Ultegra komponenter Str. 59cm (L/XL) En fantastisk lett carbon sykkel for asfalt og grusveier. 2017 ubruket 6 år. Endurance bike with high-end components and shimano mechanical disc brakes. Weight quoted 8,4 kg Fork Carbon Wheels 700c Aluminum Drivetrain 2 × 11 Groupset Ultegra Brakes Shimano Mechanical Disc Geometry frame size 59cm Wheels 700c Stack 634 Reach 401 Stack/Reach Ratio 1,58 Top Tube Length 585 Seat Tube Length 590 Seat Tube Angle 73,0 Head Tube Length 230 Head Tube Angle 73,0 BB Drop 69 BB Height 267 Front Center 617 Chainstay Length 412 Wheelbase 1.019 Rake 37 Trail 65 Standover Height 897 Frame RIDE DISC CF2 BB Standard: BB86/BB92, Press Fit Fork Race carbon disc 15 Bottom Bracket BB86/BB92, press-fit Headset FSA No. 55EP Handlebar FSA Energy Compact OS Saddle Prologo Scratch 2 T2.0 Rear Derailleur Shimano Ultegra GS Front Derailleur Shimano Ultegra D Crank Shimano Ultegra 50-34 (BB86) Shifters Shimano ST-RS685 Cassette Shimano CS-6800-11 11-32 Chain KMC X11EL Brakes Shimano RS785 160 / Shimano RS785 160 Type: Shimano Mechanical Disc Brake Levers Shimano RS685 Rims DT Swiss R24 Spline cen/disc F15 https://99spokes.com/en-EU/bikes/merida/2016/ride-disc-7000 Vis hele beskrivelsen NB: Knappen for å vise hele beskrivelsen har kun en visuell effekt.","1365 Blommenholm"
"453431234","https://www.finn.no/recommerce/forsale/item/453431234","2026-03-02T15:24:45.199Z","Helt ny Cube Norge sykkel – 0 km, keramisk beskyttelse","53000","Helt ny - Uåpnet/med lapp","Cube","Herre","Landevei","Cube","Litening AERO C:68X Race","2025","","700c","Shimano Ultegra Di2","true","true","true","Beskrivelsen er hentet fra Cube Norge. Hos CUBE vet vi at hvert sekund teller. Derfor har vi bygget Litening AERO C:68X Race rundt en UCI-godkjent ramme som reduserer luftmotstanden med hele 30 % – og utstyrt den med en Shimano Ultegra-krank med wattmåler. Newmen Advanced STREEM-hjulene har aeroprofiler med lavere høyde foran for å redusere effekten av sidevind. De nye Shimano Ultegra Di2 2x12-girene byr på et bredt spekter og kompromissløs pålitelighet. Kombinert med matchende Ultegra hydrauliske skivebremser kan du bremse senere – og dermed sykle enda raskere. Det er ingen tvil – dette er fart. Regler er regler. En racersykkel må være innenfor UCI-standardene for å kunne delta i ritt. Men å designe en ramme som er betydelig mer aerodynamisk – uten å bryte reglene? Det er helt lovlig. Den lette karbonrammen til Litening AERO C:68X, bygget i vårt premium C:68X®-materiale, er utviklet gjennom omfattende CFD-analyser og vindtunneltester. Resultatet er en 30 % reduksjon i luftmotstand, i en fullt UCI-godkjent ramme der gaffel, stem, styre og setepinne er elegant integrert. Den er også svært komfortabel, klar for wattmåler, og har klaring for dekk opptil 28 mm. Men aller mest er den ekstremt rask. Spesifikasjoner: FRAME Litening C:68X® Aero Monocoque Advanced Twin Mold Technology, Aero Optimized Tubes, Full Internal Cable Routing, Flat Mount Disc SIZE 50cm, 52cm, 54cm, 56cm, 58cm, 60cm RIGID FORK Litening C:68X® Aero, Integrated Cable Routing, Flat Mount Disc BRAKE SYSTEM Shimano Ultegra BR-R8170, Hydr. Disc Brake, Flat Mount (160/160) REAR DERAILLEUR Shimano Ultegra Di2 RD-R8150-DGS. 12-Speed FRONT DERAILLEUR Shimano Ultegra Di2 FD-R8150-F SHIFT/ BRAKE LEVERS Shimano Ultegra Di2 ST-R8170 CRANKSET Shimano Ultegra FC-R8100-P, Powermeter, Hollowtech ll, 52x36T CASSETTE Shimano Ultegra CS-R8100, 11-30T CHAIN Shimano CN-M8100 WHEELSET Newmen Advanced SL.R 50/65 Streem, Carbon TYRES Schwalbe Pro One, Tubeless Easy, 28-622 INTEGRATED BAR/ STEM ICR Aero Cockpit System, Integrated Cable Routing, Aero Spacer System, Garmin/Wahoo Mount Interface HANDLEBAR TAPE ACID Bartape RD SEAT POST Litening C:68X® Aero, Comfort Flex SADDLE Natural Fit Nuance SLT Road Carbon HEADSET ACROS, Top Integrated 1 1/8"", Bottom Integrated 1 1/4"" WEIGHT 7,8 kg COLOUR teamline Selger den fordi den er for stor og ikke passer. Kjøpskvittering fra Cube Norge (kjøpt i september 2025, aldri brukt på asfalt). Garanti og alt inkluder.Jeg har betalt 59.000kr med frakt. Den som kjøper sparer 10.000 kr. Har keramisk behandling fra Muc-Off Har Cube- og Trek-flasker med holdere, Garmin GPS-feste og pedaler. Vis hele beskrivelsen NB: Knappen for å vise hele beskrivelsen har kun en visuell effekt.","5212 Søfteland"
"453415559","https://www.finn.no/recommerce/forsale/item/453415559","2026-03-02T15:24:46.341Z","Pinarello Prince (som Ny) Di2 el-gir, full-carbon","29000","Som ny - Ikke synlig brukt","","Unisex","Landevei","Pinarello","Prince Ticr Disc","2021","M","","Shimano Ultegra Di2","true","true","true","Sykkelen er som Ny og bare testet. Sykkelen er kun brukt 3 ganger. Nypris er 69 999kr Pinarello Prince Ticr Disc 2021 Str: M - Fullcarbon, nesten alt på sykkelen er carbon. Til og med spilene er i carbon. - Shimnao Ultegra Di2 El- gir - Racing gemoteri Sykkelen kan fraktes Link til sykkelen: https://www.aktivute.no/landevei-racing/104817/pinarello-prince-ticr-disc-2021-54-5-cm-racing-geometri-farge-214-hvit?srsltid=AfmBOoqLz6yIBL1ba_cNyStNWbV6osu_0FMfye2CMpff85GCOJc_ow42 Søkeord: specialized, trek, medium, 54, 53, 52, 51, 51, 49, karbon, elektriske gir, sram axs Vis hele beskrivelsen NB: Knappen for å vise hele beskrivelsen har kun en visuell effekt.","5535 Haugesund"
"453407263","https://www.finn.no/recommerce/forsale/item/453407263","2026-03-02T15:24:47.456Z","Landeveissykkel","15000","Pent brukt - I god stand","Canyon","Unisex","Landevei","Canyon","","","","700c","","false","false","false","Selger en pen og velholdt Canyon landeveissykkel i hvit utførelse. Lett og responsiv sykkel som passer perfekt til både trening, ritt og lange turer. Sykkelen er oppgradert med tempobøyle som enkelt kan tas av om ønskelig. Følger også med et par med treningshjul samt de som er på sykkelen, flaskeholdere og feste til garminklokke. Har stått på rulle den siste tiden. Passet fint meg som er 186cm høy. Utstyr: • Canyon aluminiumsramme • Karbongaffel • Mekanisk giring • Dype hjul (aero-profil) • Ritchey styre, stem og setepinne • Flaskeholdere følger med Sykkelen fungerer som den skal og girer og bremser fint. Normal bruksslitasje må påregnes. Passer fint til deg som vil ha en rask landeveissykkel uten å betale nypris. Vis hele beskrivelsen NB: Knappen for å vise hele beskrivelsen har kun en visuell effekt.","9020 Tromsdalen"
"453403484","https://www.finn.no/recommerce/forsale/item/453403484","2026-03-02T15:24:48.554Z","Giant Propel str Large","33000","Pent brukt - I god stand","Giant","Unisex","Landevei","Giant","Propel","","Large","","SRAM Red/Force","false","false","true","Pent brukt Giant Propel str Large Sram Red/Force trådløse gir. Wattmåler i krank. Mavic Allroad hjul Sykkelen framstår i super stand. Selges gjennom sykkelbutikken Sykkologen på Lillehammer, hvor sykkelen også er gjennomgått.","2609 Lillehammer"
"453402919","https://www.finn.no/recommerce/forsale/item/453402919","2026-03-02T15:24:49.642Z","Hardrocx Super Electra Disc 2019 - landeveissykkel","35000","Godt brukt - Synlig brukt","","Unisex","Landevei","Hardrocx","Super Electra Disc","2019","54 cm","700c","Shimano Ultegra Di2","true","true","true","Her har du komplett sykkel med wattmåler, elektrisk gir, skivebrems og karbonhjul! Flere bilder kommer! Høydepunkter: Stages Wattmåler L krankarm Dura-Ace Komplett 11-delt Ultegra Di2 elektrisk gir Unaas 55mm karbonhjul med GP5000 skinwall dekk Nyservet med nye hjul-lagre, kranklager, styrelager, kjede og bremseklosser. Nypris ca 70.000 Ramme: RR8 Disc karbon Gaffel: HR RR Carbon P3 Disc Hjulsett: Unaas LTD 55mm karbonhjul Disc - DT E-1800 Spline DB23 Gir bak: Shimano Ultegra Di2 Frikrans: Shimano Ultegra inkl Oval drev Pedaler: Selges uten Styre: Ritchey WCS EVO Curve Sadelpinne: Ritchey WCS Carbon Sadel: Selle Italia SLS Utveksling: 11/32 – 36/52T Rammestørrelser: 54 cm Vekt: Ca 8 kg. m/ slanger sykkel, landevei, karbon, wattmåler, karbonhjul, skivebrems, disc, unaas, hardrocx, stages, triatlon, karbonramme, ultegra, shimano, di2, elektrisk Vis hele beskrivelsen NB: Knappen for å vise hele beskrivelsen har kun en visuell effekt.","7017 Trondheim"
"416600931","https://www.finn.no/recommerce/forsale/item/416600931","2026-03-02T15:24:50.695Z","Bianchi Sempre B4P Monoque - str 56","13000","Pent brukt - I god stand","Bianchi","Herre","Landevei","Bianchi","Sempre B4P Monoque","2013","56","700c","","true","false","false","Selger en Bianchi Sempre B4P monoque sykkel fra 2013. Kjøpt fra G-sport Hamar i sin tid. Veldig mye sykkel igjen for en entusiast som kanskje har lyst å teste en sykkel, men ikke legge hele feriebudsjettet i potten ;) Selges med orginale Bianchi felger fra Reparto Corso og 25mm dekk. Sykkelen fremstår brukt, men fin. Selges uten pedaler, men med drikkeflaske holdere. Dette er en fullkarbon utgave fra Bianchi i str 56. Passer fint for høyde 177-187cm! Kom å ta en titt om du ønsker","2616 Lismarka"
"453397732","https://www.finn.no/recommerce/forsale/item/453397732","2026-03-02T15:24:51.755Z","Canyon Inflite 8.0 str Large","10000","Pent brukt - I god stand","Canyon","Herre","Landevei","Canyon","Inflite 8.0","","L","","Shimano 105/Ultegra","false","false","false","Allround landeveissykjel med god klaring til brede dekk. Det gir mulighet til å gjøre den til en gravelsykkel og dermed den perfekte pendlersykkel. Nå står det continental 4 season 28 mm på den. Sykkelen blir brukt til treningsturer og oppleves komfortabel og responsiv. Lett å vedlikeholde og helt klar for sesongen. 105 og Ultegra komponerer. Selges som på bildene.","4003 Stavanger"
"429230265","https://www.finn.no/recommerce/forsale/item/429230265","2026-03-02T15:24:52.835Z","Nakamura Pursuit SL karbon racersykkel","25000","Pent brukt - I god stand","","Unisex","Landevei","Nakamura","Pursuit SL","2022","L","700c","","true","false","false","Ny i 22 og lite brukt. Loggført 700 km. Fremstår svært pen og uten mangler. Størrelse L. Følgende oppgraderinger/påkostninger er gjort: Pro Discovery styre med Pro styretape. Pro Stealth sete. Panaracer Gravelking 32 mm tubeless. Stages wattmåler. Ritchey setepinne karbon. Selges uten flaskeholder i stål.","7603 Levanger"
"401208177","https://www.finn.no/recommerce/forsale/item/401208177","2026-03-02T15:24:53.986Z","Cannondale Synapse 52”","9000","","Cannondale","Herre","Landevei","Cannondale","Synapse","","52","","Shimano Ultegra","true","false","false","Selger landeveisykkel pga innkjøp av ny. Sykkelen har karbonramme, karbonkrank og uti fra hva jeg kan se så er den utsyrt med ultegra på gir og brems. Pedaler følger ikke med.","5170 Bjørndalstræ"
"453385442","https://www.finn.no/recommerce/forsale/item/453385442","2026-03-02T15:24:55.435Z","Cube GTC SL","12000","Pent brukt - I god stand","Cube","Unisex","Landevei","Cube","Agree GTC SL","","56","700c","Shimano Ultegra 6800","true","true","false","Godt vedlikeholdt Cube landeveissykkel selges. Komplett Ultegra 6800 gir og bremsepakke. Deda Zero 130mm stem. Originalt 110mm stem medfølger. Specialized Romin sete. Originalt Selle Italia medfølger. Conti GP 25mm dekk. Selges med to hjulsett; originalt DT Swiss og et karbon sett fra Aerlite (som avbildet) Størrelse 56. Jeg er 180 cm og passer godt, med det kortere stem’et passer den nok godt til de som er kortere også. Sykkelen er godt egnet til både nybegynnere og mer erfarne syklister. Review: https://www.bikeradar.com/reviews/bikes/road-bikes/cube-agree-gtc-sl-review/ Vis hele beskrivelsen NB: Knappen for å vise hele beskrivelsen har kun en visuell effekt.","6520 Frei"
"367125996","https://www.finn.no/recommerce/forsale/item/367125996","2026-03-02T15:24:56.513Z","Colnago Landeveissykkel","21000","Pent brukt - I god stand","","","Landevei","Colnago","","","L","","","false","false","false","Selger min fars gamle Colnago landeveissykkel. Rammestørrelse L, 173 - 188 cm. Pent brukt. Send melding ved interesse.","0178 Oslo"
"359684041","https://www.finn.no/recommerce/forsale/item/359684041","2026-03-02T15:24:57.542Z","Ridley Helium RS - belgisk arbeidshest med retro look til salgs","13000","Pent brukt - I god stand","","Unisex","Landevei","Ridley","Helium RS","2015","Small (54)","700c","Campagnolo Chorus","true","false","false","Ridley Helium RS med Lotto sin retro lakkering fra Tour de France i 2014 til salgs. Rammen ble kjøpt i 2015, men hatt ulike grupper og hjul montert. Sykkelen ble bygget slik den står nå med mekanisk Campagnolo Chorus gruppe, Stages wattmåler og Campagnolo hjulsett i 2020. Spesifikasjoner - Ramme: Ridley Helium RS - Gaffel: Ridley 4ZA Helium - Styrelager: FSA No. 44 - Bakgir: Campagnolo Chorus - Forgir: Campagnolo Chorus - Hendler: Campagnolo Chorus - Krank: Campagnolo Chorus Ultra Torque 172,5 mm armer og 52/36 drev - Wattmåler: Stages Gen3 på venstre krankarm - Kranklager: Campagnolo IC15-RE46 - Kjede: Campagnolo Chorus 11-delt - Kassett: Campagnolo Chorus 12/29 - Bremser: Campagnolo Chorus Dual-pivot - Stem: Enve Carbon Road 100 mm (karbon) - Styre: Ritchey Comp Curve 40 cm senter-til-senter (aluminium) - Hjulsett: Campagnolo Zonda C17 clincher (aluminium) - Dekk: Continental GP 4000 S II 25 mm - Sete: Selle Italia SLR Titan - Setepinne: Ritchey Superlogic 1-bolt 27,2 x 350 mm og 25 mm setback (karbon) - Pedaler: Shimano Ultegra 6800 SPD-SL - Flaskeholdere: Arundel Stainless Ridley har brukt litt andre betegnelser på rammestørrelse enn andre produsenter. Rammen er i størrelse small, men målene og geometri tilsier at den kan sammenlignes med en 54-ramme. Rammen kan brukes med både mekaniske og elektriske grupper. Sykkelen er godt vedlikeholdt, men har noen bruksmerker her og der. Utover det fremstår den strøken. Sykkelen har alltid vært lagret inne og hyppig vasket. Eksisterende drivverk har gått svært kort, mange kilometer igjen før noe må byttes. Sykkelen selges med pedaler og flaskeholdere, men uten feste for computer. Akkurat nå står den uten styretape, men det vil bli lagt på helt ny sort Supacaz tape før den selges. Må hentes. GEOMETRI Stack = 545 mm Reach = 385 mm Stack to reach ratio = 1,42 Seterør (senter) = 470 mm Seterør (senter/topp) = 510 mm Overrør = 530 mm Overrør (virtuell/horisontalt målt) = 545 mm Styrerør = 145 mm Vinkel seterør = 73,5 grader Vinkel styrerør = 73 grader Kjedestag = 405 mm BB drop = 66 mm Akselavstand = 977 mm Stå-over-høyde = 750 mm Vis hele beskrivelsen NB: Knappen for å vise hele beskrivelsen har kun en visuell effekt.","1349 Rykkinn"
"453374186","https://www.finn.no/recommerce/forsale/item/453374186","2026-03-02T15:24:58.626Z","TREK MADONE 6.9 full karbon","14999","Godt brukt - Synlig brukt","Trek","Herre","Landevei","Trek","Madone 6.9","","M","700c","Shimano Dura-Ace","true","true","false","Trek landevei sykkel for herre. Sykkelen har en ramme og komponenter egnet for landeveissykling, og er designet for bruk på asfalt. Originalt DURA ACE gir system, men noen deler byttet ut i august med andre modeller fra shimano som er mer slite sterke og egnet for oss som vil begynne med sykling og ikke bruke masse penger på å bytte deler som er laget for å prestere, men heller tar et alternativ som holder og prestere mer enn bra nok. Det som er byttet ut er helt ubrukt og fikk ikke brukt sykkelen etter den var på service. Følgende: Det er derfor byttet følgende deler fordi det trengtes og det var ikke mulig å få tak i dura ace til denne sykkelen lenger: - Kasett - Girvaier venstre - Bakskifter - Fremdrev - Høyre bremse/gire hendel I tillegg: - Kommer med styreteip relativt ny - Karbon hjul - Full carbon ramme med vekt på under 7kg totalt på hele sykkelen - Følger med Look pedaler - Størrelsen ca M er egnet for 175-183 (litt smak og behag) Jeg er 180 og sitter veldig fint på denne. Skulle gjerne kjørt denne sykkelen til den falt fra hverandre men grunnet flytting og studie liv må jeg se meg nødt til å selge den :-( Du vil og få med på kjøpet: - 3 stk GP4000 dekk der 2 av de er helt nye og 1 er brukt men har fortsatt en del km igjen i seg - 1 stk styreteip i tilfelle det må byttes etterhvert - Computeren som er vist på bildene - 1 stk frem drev av typen dura ace, brukt men fint å ha i reserve (se siste bilde) Vis hele beskrivelsen NB: Knappen for å vise hele beskrivelsen har kun en visuell effekt.","4630 Kristiansand S"
"443830414","https://www.finn.no/recommerce/forsale/item/443830414","2026-03-02T15:24:59.711Z","Canyon Speedmax CF Small","35000","Pent brukt - I god stand","Canyon","Unisex","Landevei","Canyon","Speedmax CF","","S","","Shimano Di2","true","true","true","Canyon Speedmax Small Beautiful and fast triathlon bike. Integrated breaks. Di2. I am selling because, as can be seen on the picture, I have the same bike in M am keeping that one. The bike comes with both sets of wheels, including a disk wheel + tri spoke from HED which is extremely fast. The other set is in carbon and extremely lightweight, better for steep courses. A few components will be switched between the two bikes, I will soon update the pictures.","4014 Stavanger"
"453363922","https://www.finn.no/recommerce/forsale/item/453363922","2026-03-02T15:25:00.911Z","S-works Aethos - Størrelse 54 - Vurderes solgt","25000","Som ny - Ikke synlig brukt","Specialized","Unisex","Landevei","Specialized","S-Works Aethos","","54","","Shimano Dura-Ace Di2","true","false","true","Vuderes solgt, lite brukt. Kan enkelt bygge en sykkel godt under uci grensa med denne ramma. Pris: Rammesett 25000 kr (nypris 70000) Evnt med specialized originalt s-works karbon styre, specialized karbon sete, dura ace di2 11 delt gruppe med quarq wattkrank 45000 kr","4024 Stavanger"
"453265918","https://www.finn.no/recommerce/forsale/item/453265918","2026-03-02T15:25:02.033Z","Cannondale Synapse Di2 + Interaktiv rulle Elite Direto","22000","Pent brukt - I god stand","Cannondale","Unisex","Landevei","Cannondale","Synapse","2017","54","700c","Shimano Ultegra Di2","true","false","true","Pent brukt og godt ivaretatt comfortracer av type Cannondale Synapse. 2017 modell kjøpt ny 2017/2018. Carbonramme, størrelse 54, passer ryttere 170-180 cm. Problemfri giring med elektronisk girsystem Di2. Lader følger selvfølgelig med. Skiftet batteri på girsystem tidlig 2025. Gjennomgående Ultegra komponentgruppe. Hydrauliske bremser. Oppgradert med Fizik Antares R1 sadel og Mavic Ksyrium Elite hjulsett. Orginalt hjulsett Mavic Aksium følger med, også god kassett på disse. Clincher dekk Continantal grandprix 4000/5000 med 28mm bredde. Oppgradert fremdrev med utveksling 52-36. 11-delt kassett bak med 11-32, dekker det meste av utfordringer med høy fart og bratte bakker. Selges pga overgang til ny sykkel. Var inne til service sommeren 2024 på Sykkelbutikken i Bergen. Overhalt gir- og bremsesystem, byttet kranklager og bakhjul, skiftet styretape. Etter dette kun brukt på 2 langturer og vinteren 24/25 på rulle. Ingen skader og kun små bruksmerker. Selges som en står med 2 Aerlite carbon flaskeholdere, Look Keo2max pedaler og sadeltaske med div utstyr. Selges fortrinnsvis samlet med Elite Direto Interactiv rulle, med kassett og oppbevaringsbag for 22000.- Ta kontakt for eventuelt mer informasjon. Vis hele beskrivelsen NB: Knappen for å vise hele beskrivelsen har kun en visuell effekt.","5239 Rådal"
"453356733","https://www.finn.no/recommerce/forsale/item/453356733","2026-03-02T15:25:03.106Z","Strøken vintage Eddy Merckx","7900","Pent brukt - I god stand","","","Landevei","Eddy Merckx","Mexico","1982","60","700c","Campagnolo","false","false","false","Nyoppusset perle fra 1982 i størrelse CT 60. Eddy Merckx Mexico med Columbus rør. Alt er Campagnolo! Denne må sees! Selges nå til en veldig bra pris! Dette er en ekte klassiker som blir stadig mer ettertraktet blant sykkelentusiaster. Denne må sees og oppleves! Perfekt for deg som ønsker en autentisk racersykkel. Følger med flott veggoppheng hvis du vil henge den på veggen! Denne er flott på veggen i en klesbutikk, barbersalong eller restaurant! Kan følge med kult oppheng i eik. Her er alle deler tatt fra hverandre for full overhaling med rens, puss, polering og smøring. Sykkelen består av mesteparten Campagnolo deler med unntak av bakbrems, styrelager, kranklager og hjulsett. Det er satt på nytt kjede, nytt Selle Italia Turbo sete, ny styretape og nye hoods til bremsehendler. Hjul nye pariser dekk (lime dekk)! Mot et tillegg i pris kan det følge med ett hjulsett til med nye clincher dekk (med slange). Kan også følge med ny hvit lær-reim (styretape) som er enda flottere enn den som er montert. Vis hele beskrivelsen NB: Knappen for å vise hele beskrivelsen har kun en visuell effekt.","3936 Porsgrunn"
"453353964","https://www.finn.no/recommerce/forsale/item/453353964","2026-03-02T15:25:04.214Z","Cannondale Supersix Evo karbon","12500","Som ny - Ikke synlig brukt","Cannondale","Herre","Landevei","Cannondale","Supersix Evo","","52cm","","SRAM Red","true","false","false","Cannondale Supersix EVO karbon sykkel Mavic Ksyrium hjul Sram Red grupsett 6,8 kg 52cm rammestørrelse","1166 Oslo"
"452315470","https://www.finn.no/recommerce/forsale/item/452315470","2026-03-02T15:25:05.355Z","(Strøken) Felt Fr 2021 di2 el-gir, carbon-hjul","26000","Pent brukt - I god stand","","Herre","Landevei","Felt","FR","2021","58","700c","Shimano Ultegra Di2","true","true","true","Strøken Felt FR 2021 Ultegra Di2 Fullcarbon landeveisykkel med elektronisk gir Selger en svært velholdt og påkostet Felt FR 2021 med Shimano Ultegra Di2 elektronisk girsystem. Dette er en lett, rask og responsiv fullcarbon landeveisykkel som kombinerer topp ytelse med høy komfort. Ramme størrelse: 58 (tilsvarer ofte 56 i andre merker). Passer rytter fra ca. 175–195 cm, avhengig av kroppslengde og preferanser. Nypris er 60 000 kr Sykkelen fremstår som meget pen og er klar for ny sesong. Oppgradert til OQUO carbonhjul foran Shimano Ultegra Di2 elektronisk gir – presise og raske girskift Alt av slitedeler er i svært god stand. Kjede er helt nytt, og kassetten som står på er nesten ubrukt. Det følger også med en ekstra helt ny 34T sive for fremgir. Har også et komplett Raynolds carbonfelgsett som er som Nytt og passer til denne sykkelen: nypris på felgsettet er 20 000kr og kan følge med ekstra for bare 6900. Pedaller kan følge med. - Sykkelen kan sendes Komponenter: Ramme: Felt FR 3.0, UHC Ultimate + TeXtreme carbon Shimano ultegra di2 el-gir OQUO orbea frem felg i karbon Gaffel: Felt FR 3.0, UHC Advanced + TeXtreme carbon fiber Brems foran: Shimano Ultegra BR-R8170, 2-piston, Hydraulic disc brake Brems bak: Shimano Ultegra BR-R8170, 2-piston, Hydraulic disc brake Bremseskive foran: Shimano RT-MT800, 160 mm, Center lock Bremseskive bak: Shimano RT-MT800, 140 mm, Center lock Bakgir: Shimano Ultegra Di2, RD-R8050 Shadow, 24-S Framgir: Shimano Ultegra Di2, FD-R8050, Brazed-On Kranksett: Shimano Ultegra, FC-R8100, 52/36 T Hendler: Shimano Ultrega Di2, ST-R8170 Kranklager: Feimin, Stem: Devox StemR.A1, -7 ° Styrelager: IS (IS-2), IS (NO.44), IS (NO.42) Styre: Devox DBar.C1 31,8 mm, 380 mm, Devox DBar.C1 31,8 mm, 400 mm Devox DBar.C1 31,8 mm, 420 mm, Devox DBar.C1 31,8 mm, 440 mm Styretape: Felt VelvetGel tape with 3M reflective base and Felt Bubble-Tech F-Wing bar end plugs Sete: Prologo Dimension 143 T4.0 Setepinne: Devox Post.C2, 294 mm, Devox Post.C2, 344 mm Søkeord: Landevei, orbea, trek madone, specialized, canyon, Vis hele beskrivelsen NB: Knappen for å vise hele beskrivelsen har kun en visuell effekt.","5535 Haugesund"
"453348241","https://www.finn.no/recommerce/forsale/item/453348241","2026-03-02T15:25:06.436Z","Focus Cayo Alu 105","9000","Godt brukt - Synlig brukt","","Unisex","Landevei","Focus","Cayo Alu 105","2017","60cm","700c","Shimano 105","false","false","false","Shimano 105 gruppesett 25mm hjul Alu ramme og karbon gaffel 60cm /XL ramme Vekt: 9,5kg Trolig en 2017 modell Kjøpte den brukt i fjor og brukt den et par ganger ute samt noe på rulle. En eier før dette, som stort sett har latt den stå å støve i bod. Grunnet flere år med lite bruk må gir og bremser gås over.","3425 Reistad"
"453345858","https://www.finn.no/recommerce/forsale/item/453345858","2026-03-02T15:25:07.559Z","Giant TCR Racersykkel","5500","Pent brukt - I god stand","Giant","Dame","Landevei","Giant","TCR","","M","","Shimano 105","true","false","false","God stand, Carbonramme, str M. - Gear fremme og bak: Shimano 105 Nytt sete(dame). Originalt Giant sete følger med Selger også smartrulle utenom (Elite Direto) til 4500kr (se egen annonse) Må hentes eller evt møtes i nærheten","4820 Froland"
"453336156","https://www.finn.no/recommerce/forsale/item/453336156","2026-03-02T15:25:08.560Z","Orbea Orca landeveissykkel 51 cm 28""/700c unisex","22000","Pent brukt - I god stand","Orbea","Unisex","Landevei","Orbea","Orca OMX M30iLTD","2025","51 cm","700c","Shimano 105 Di2","true","false","true","Orbea Orca OMX landeveissykkel med rammehøyde 51 cm. Kjøpt februar 2025. Sykkelen har hatt en liten sprekk eller litt dyp ripe i downtuben. Dette er fikset. ( se bilde med 4iii logo.) Selges uten hjulsett, sete og flaskeholder. Kassett, skiver, og nytt kranksett følger med. Orbea ORCA M30iLTD toppmodell 4iii, wattmåler. Ny på garanti høst 2025. 105 di2 gruppesett Karbon styre Karbon setepinne","4027 Stavanger"
"452661512","https://www.finn.no/recommerce/forsale/item/452661512","2026-03-02T15:25:09.802Z","Scott Addict RC20 | KARBON OPPGRADERINGER","38000","Pent brukt - I god stand","Scott","Herre","Landevei","Scott","Addict RC 20","","","700c","SRAM Force AXS","true","true","true","SCOTT Addict RC 20 er en lett, rask og rittklar aerodynamisk landeveissykkel med elektronisk giring. Fullt integrerte kabler og race-klare spesifikasjoner kombineres for å gi deg den beste maskinen til en massespurt, sprinte opp en fjelletappe eller vinne ditt lokale klubbritt. SRAM Force AXS - High end elektrisk-girgruppe som er kronprins i SRAM hierarkiet, dette er gruppen for deg som vil ha toppnivå-ytelse uten å betale for de siste, marginale grammene. Under mitt eie så har jeg gjort noen oppgraderinger: -Jeg har skiftet til karbonfelger fra Elitewheels. Disse har jeg satt på 32mm Continental dekk, med TPU tuber. Noe som er fantastisk å kjøre med. Sett mye tester før jeg valgte denne oppgraderingen som viser at dette slettes ikke taper noe ""tid"", dette gir sykkelen et mye fetere uttrykk og bedre grep på veien. -Jeg har også oppgradert cockpiten, til integrert karbonstyre med stem. Isteden for det originale todelte settet med aluminium. Karbonstyret er 38cm bredt for full aero. -Byttet setepinne til en kortere og lettere setepinne uten setback, dette gjør at geometrien blir litt mindre aggressiv. -Kommer til å sette på originalt sete, fra Syncros før eventuell levering. Om ikke det er et veldig sterkt ønske om å overta setet som står på sykkelen i dag. Jeg er 185 og sykkelen er utrolig komfortabel. Så det gjør meg litt vondt å skulle gå over på en mer aggressiv sykkel. NB selges uten pedaler og flaskeholdere. Det er wattpedaler fra Garmin, de heter Vector og er den utgaven med måler i ene pedalen. Kan diskuteres om disse eventuelt skal følge med til et pristillegg. Vis hele beskrivelsen NB: Knappen for å vise hele beskrivelsen har kun en visuell effekt.","6014 Ålesund"
"453325380","https://www.finn.no/recommerce/forsale/item/453325380","2026-03-02T15:25:10.834Z","Ønsker å kjøpe landeveissykkel, L eller XL","30000","","","","Landevei","","","","L","","","false","false","false","Ønsker å kjøpe landeveissykkel, med skivebrems, Er 193cm høy Hadde sett for meg mellom 20-30 000kr isj","5052 Bergen"
"453185631","https://www.finn.no/recommerce/forsale/item/453185631","2026-03-02T15:25:12.221Z","White RR Ultimate karbon 8kg/str58cm","8500","","","Unisex","Landevei","White","RR Ultimate","","58cm","","Shimano Ultegra/SRAM Force","true","false","false","Lett og kvikk landeveissykkel selges. Sykkelen er i bra stand. Har ikke vært på turen denne sesongen. Noe bruksmerker, men ikke skader i karbonet. Nye deler som kjede, kassett, wirer, sete og styretape Shimano ultegra/sram Force Størrelse XL, antar passer ca fra 185cm","5118 Ulset"
"453310478","https://www.finn.no/recommerce/forsale/item/453310478","2026-03-02T15:25:13.638Z","Wilier Garda – Carbon Landeveissykkel – Shimano 105 12-delt","20500","Godt brukt - Synlig brukt","","Herre","Landevei","Wilier","Garda Disc","","M","700c","Shimano 105 R7100","true","false","false","Selger en Wilier Garda Disc – en moderne og svært elegant carbon landeveissykkel fra italienske Wilier Triestina. Garda er utviklet for deg som ønsker en rask, komfortabel og stressfri sykkelopplevelse med moderne løsninger som skjult kabelføring og plass til brede dekk. Om modellen Garda er plassert over GTR Team og under Cento10 SL i Wilier sitt sortiment – og gir deg ekstremt mye sykkel for pengene. ✔ Carbon monocoque ramme ✔ Innvendig kabelføring (rent og moderne uttrykk) ✔ Komfortabel endurance-geometri ✔ Klarering for opptil 32 mm dekk ✔ Skivebremser Wilier beskriver den selv som en sykkel for en “stress-free ride” – perfekt for lange turer, trening og raske økter. Spesifikasjoner: Ramme: Garda Disc – Carbon Monocoque Gaffel: Carbon Monocoque Girgruppe: Shimano 105 R7100 – 12-delt (mekanisk) Krank: 50/34T Kassett: 11-34T Bremser: Shimano 105 hydrauliske skivebremser Hjulsett: Shimano RS171 Disc Dekk: Continental Grand prix 5000 700x28 (syklet på en gang) Sete: Prologo Kappa Den nye 12-delte Shimano 105 gir en perfekt kombinasjon av presisjon, driftssikkerhet og pris. Tilstand Sykkelen er i meget god stand og fungerer helt som den skal. Det er noen kosmetiske riper bak på rammen, men dette er kun estetisk og påvirker ikke funksjon eller ytelse. Ellers fremstår sykkelen pen og godt vedlikeholdt. Størrelse: M / 169 - 178 cm Kan hentes etter avtale. Ta kontakt ved spørsmål eller for visning 😊 Vis hele beskrivelsen NB: Knappen for å vise hele beskrivelsen har kun en visuell effekt.","1367 Snarøya"
"415488301","https://www.finn.no/recommerce/forsale/item/415488301","2026-03-02T15:25:14.662Z","Speedwell Titanium","8000","Pent brukt - I god stand","Andre merker","","Landevei","Speedwell","Titanium","","53cm","","Campagnolo","false","false","false","70-talls titansykkel med fullt Campagnolo gruppesett. Håndbygde hjul med clincher felger og Campagnolo nav. Det er 53 cm fra senter av krank til toppen av seterør. Tilsvarer størrelse small. kan hentes i Oslo/Kongsberg. Som en kuriositet kan det nevnes at sykkel av samme type ble brukt i musikkvideoen til Kraftwerks Tour de France: https://www.cyclingweekly.com/news/kraftwerks-tour-de-france-bike-just-sold-for-usd57-600","0459 Oslo"
"453291962","https://www.finn.no/recommerce/forsale/item/453291962","2026-03-02T15:25:15.712Z","Trek landeveissykkel L 28""/700c unisex","7000","Godt brukt - Synlig brukt","Trek","Unisex","Landevei","Trek","","","L","700c","","false","false","false","Selger en pent brukt Trek landeveissykkel. Den har noen vanlige bruksmerker. Men ingenting i veien med sykkelen. Hadde den på service hos Trek i fjor hvor jeg fikk nye dekk og de ordnet giring. En strålende førstegangs sykkel. Følger ikke med pedaler. Størrelse L (56,6)","5251 Søreidgrend"
"453298052","https://www.finn.no/recommerce/forsale/item/453298052","2026-03-02T15:25:16.714Z","Par søker par!","40000","Pent brukt - I god stand","Giant","Unisex","Landevei","Giant","","","","","","false","false","false","To glade, lekre og spreke turvenner søker likesinnede. Vi matcher hverandre veldig godt uten å se ut som to like joggedresser. Noe vi håper også gjelder de vi søker. Vi er like gamle, velholdt og tilbringer hver natt sammen. Vi vil helst unngå å skilles og håper å treffe noen som vil ha oss begge samtidig. Vi er ikke kravstore, bare vi kan oppleve den gode pleie, vask og oljer vi er vant til. Vi er vant til at det lukter det samme av oss. Og vi liker ikke å være skitne om natten. Det hender at jeg får urolige episoder i såkalt rolige stunder, men jeg roer meg veldig når han da legger seg slik at han ser meg bakfra. Ingen allergier av betydning utover at jeg ikke liker regn og fare for våt asfalt. Han tåler regn og våt asfalt. Hvis vi en sjelden gang har vært syke har vi vært hos den samme flinke doktoren. Vi er vant til å bli filmet døgnet rundt, og liker det. Hvis vi finner noen som tar oss begge to samtidig, kan god pris oppnås. Ønsket damehøyde: 158 cm – 169 cm Ønsket herrehøyde: 176 cm – 187 cm Billett merk: Vi vil fortsatt bo sammen. Detaljer om hver av oss ser dere i våre eiers to andre annonser. Spøk/humor til side: Syklene selges selvfølgelig også hver for seg, men hadde vært flott hvis noen ville ha begge to, Kona og jeg har hatt stor glede av syklene og synes liksom ""de hører sammen"". Derfor denne litt humoristiske tilnærmingen. Selges de samlet skal vi få til en bra pris og det blir en fin historie :-) NB: Pris er p.r stk, hvis hver for seg. Vis hele beskrivelsen NB: Knappen for å vise hele beskrivelsen har kun en visuell effekt.","3125 Tønsberg"
"452022860","https://www.finn.no/recommerce/forsale/item/452022860","2026-03-02T15:25:17.707Z","Specialized S-works tarmac. Med Enve Classic 25","22000","Pent brukt - I god stand","Specialized","Unisex","Landevei","Specialized","S-Works Tarmac","2015","54","700c","Shimano Ultegra Di2 6870","true","true","true","Vurderer å selge en helt strøken specialized S-works tarmac. Størrelse 54 passer ryttere mellom 165-178. 2015 mod,men ble kjøpt i 16 og tatt i bruk på sommeren. Har ikke vært brukt i det hele tatt de siste 4 år er ellers minimalt brukt. Stått tørt og varm hele tiden. Ikke vært i velt kun ubetydelige bruksmerker. Dekkene er så godt som nye med helt nye innerslange. Helt nytt krank drev,kassett,kjede og batteri (deler for ca 5000,-)Meget vellholdt og lett fullcarbon sykkel. Kun 6,86kg. Utstyrt med fult Shimano Ultegra Di2 6870 gruppesett og Specialized S-works krank. Hjulene som følger med er ENVE Classic 25 clincher med Chris King nav (nypris hjulsett ca 25000.-) 2 stk flaskeholdere og lader til di2 medfølger. fantastisk sykkel. Anbefales på det sterkeste. Kom gjerne med bud.","4560 Vanse"
"413906084","https://www.finn.no/recommerce/forsale/item/413906084","2026-03-02T15:25:18.846Z","Fin retro racer","5000","","Andre merker","Unisex","Landevei","Moser","","","58cm","","","false","false","false","Sykkelen var toppmodellen til Moser (italiensk) når den kom ut. Ramme størrelse er 58cm.","3517 Hønefoss"
"453270845","https://www.finn.no/recommerce/forsale/item/453270845","2026-03-02T15:25:19.798Z","Specialized Dolce sport","5000","Pent brukt - I god stand","Specialized","","Landevei","Specialized","Dolce Sport","","","","","false","false","false","Brukt på rulle de siste to årene, kjøpte den brukt på finn, så vet ikke så mye om sykkelen. Fin sykkel formå teste landevei. Hentes på Bekkestua. Passer til meg 150-155 cm","1357 Bekkestua"
"453274680","https://www.finn.no/recommerce/forsale/item/453274680","2026-03-02T15:25:20.810Z","RESERVERT: Trek Project One i fantastisk tilstand","9500","Pent brukt - I god stand","Trek","Unisex","Landevei","Trek","Project One","","","","Shimano Ultegra","false","false","false","Denne temposykkel er ikke som de andre! Passer fint unisex for en mellom 162-175cm. Mange justeringsmuligheter! Alt av original Bontager deler/hjul, pluss oppgradert sete for best komfort over lengre distanser. Ultegra komponenter. Ekstra sett med karbonhjul kan følge med. De er svært lite brukt (kun i noen få triathlonløp). Du kan få med M Uvex hjelm med for en digg sett! Sykkelen har aerodynamisk rammedesign tilpasset landeveiskjøring og tempo/triathlon, med integrert styre og bøyler. Rammen har målemarkeringer på bilder for bedre oversikt over geometri og passform. Denne sykkelen har blitt passet på og kun brukt på konkuransedager. Alltid vasket etter og rett på rulleren innendørs. Har fått skade som betyr at triatlon-livet er over for meg. Så jeg håper en annen kan få like mye glede fra min “baby”.","4016 Stavanger"
"453262361","https://www.finn.no/recommerce/forsale/item/453262361","2026-03-02T15:25:21.809Z","Trek Domane Alu 2","9900","Pent brukt - I god stand","Trek","Herre","Landevei","Trek","Domane Alu 2","2023","56","","Shimano Claris R2000","false","false","false","Trek Domane Alu 2 2023 modell i god stand. Sykkelen er brukt i totalt 2 sesonger og så si utelukkende i fint vær. Vedlikeholdt godt, men aldri tatt inn på verksted for noe større. Total distanse gått < 600km Sykkelen er som original med unntak av setet som er fra en Van Rysel, hvilket har passet meg bedre enn orginalsetet. STRL: 56 (passer best 178-183cm) TREK MADONE ALU 2: Generelt er denne modellen veldig allsidig og komfortabel. Perfekt som en inngangsykkel til landevei eller for en mer allrounder. Sykkelen er i aluminium, men har karbongaffel som gjør rammen kapabel til å tåle alt. Girsystem: Shimano Claris R2000 (8-speed) • Kranksett: Shimano RS200, 50/34T kompakt • Kassett: Shimano HG31, 11-32, 8-speed • Skiftere/veiv: Shimano Claris R2000, mekaniske • Bakgir: Shimano Claris R2000 medium cage • Pedaler: Kan inkluderes om ønskelig Vis hele beskrivelsen NB: Knappen for å vise hele beskrivelsen har kun en visuell effekt.","5057 Bergen"
"418855503","https://www.finn.no/recommerce/forsale/item/418855503","2026-03-02T15:25:22.792Z","Bianchi fullkarbon dura-ace landeveissykkel","19999","Pent brukt - I god stand","Bianchi","","Landevei","Bianchi","928 Nove Due Otto SL IASP","","L","700c","Shimano Dura-Ace","true","false","false","Selger min Bianchi 928 Nove Due Otto SL IASP, en high-end italiensk landeveissykkel som kombinerer ytelse, eleganse og innovasjon. Denne modellen er laget for rytteren som vil ha det beste – enten du jakter på personlige rekorder, konkurrerer, eller bare ønsker en fantastisk sykkelopplevelse. Bianchi nove due Otto superleggera hors category landeveissykkel var toppmodellen til bianchi. Veier 6-7 kg, med en ramme vekt på kun noen hundre gram. Er utstyrt med dura-ace gir og bremsesystem, drevet er campognole super record. Fulcrum felger følger med + integral pedaler. Ny pris var på 8000$-12000$. Sykkelen er pent brukt og nylig vært på service hos bikeshop av forrige eier. Sykkelen er L med fixed Seat post, kan kuttes for justering. Passer for 185-194cm. Pris kan diskuteres ved rask handel. Sykkelcomputer kan også medfølge for en pris. Vis hele beskrivelsen NB: Knappen for å vise hele beskrivelsen har kun en visuell effekt.","5018 Bergen"
"453261427","https://www.finn.no/recommerce/forsale/item/453261427","2026-03-02T15:25:23.772Z","Ridley Noah RS - karbon Ultegra DI2 (M)","12500","Pent brukt - I god stand","","Unisex","Landevei","Ridley","Noah RS","2013","M","","Shimano Ultegra Di2","true","false","true","Ridley Noah 2013 Di2 , med Ridleys FAST‑teknologi (F‑Brake, F‑Splitfork, F‑Surface), har full karbonramme, intern kabelføring Ultegra Di2 10‑speed Ramme: 50/40/30‑ton high‑modulus karbonfiber for høy stivhet og lav vekt. BB30 kranklager og aero nedrør for maksimal kraftoverføring. Girsystem: Shimano Ultegra Di2, 2×10‑speed. Kranksett: Ultegra 6700, ofte 50/34 kompakt. Kassett: Ultegra 6700 12–25. Bremser: Ultegra 6700 (felgbremser). Integrert setemast (ISP) med maks kuttelengde på 70 mm. Str: M https://www.bikeroar.com/products/ridley/noah-1303am-ultegra-di2/specs","3117 Tønsberg"
"453260852","https://www.finn.no/recommerce/forsale/item/453260852","2026-03-02T15:25:24.745Z","Landeveissykling","8000","Pent brukt - I god stand","","Herre","Landevei","","","","","","","true","false","false","Karbonracer Grei lett og rask sykkel. Blir ikke brukt og samler bare støv Nye dekk og slanger i fjor","3244 Sandefjord"
"453254362","https://www.finn.no/recommerce/forsale/item/453254362","2026-03-02T15:25:25.709Z","Quintana Roo SRSix","49999","Som ny - Ikke synlig brukt","","Unisex","Landevei","Quintana Roo","SRSix","2025","54","700c","Shimano Ultegra Di2","true","false","true","Blir begrenset med tid og litt for seriøst for meg med denne, derfor lufter jeg den nå for salg. 2025 ramme, den har hatt en tur på veien. Resten av utstyret er en sesong gammelt. Lakk: Prism – dekalene er Holo Silver Hjul: VANQUISH RC4 PERFORMANCE (40mm) Krank: FSA K-Force carbon kranksett (172.5mm) Gir: Elektronisk Shimano Ultegra Di2 Bremser: FSA K-Force WE Hydraulic Disc Brake - Flat Mount Styre: Vision Metron 5D ACR 3k karbonstyre (med integrert feste til computer) Computer mount: FSA integrert holder Dette er en aero-inspirert landeveissykkel med karbonramme, elektronisk girsystem og gode allround-egenskaper. Ramme: Quintana Roo SRSix, karbon, aero-design, integrert kabelføring, (Str. 54) - jeg er en 180cm og sitter fint på denne. Vil tro 175-185 sitter fint, avhengig av posisjon og preferanser. Pedaler følger ikke med. Ønsker du å få sykkelen tilsendt kan vi nok få det til men i utgangspunktet fint om den blir hentet. Åpen for fornuftige bud :) Det tas forbehold om mulige skrivefeil i annonsen. Vis hele beskrivelsen NB: Knappen for å vise hele beskrivelsen har kun en visuell effekt.","4024 Stavanger"
"74061242","https://www.finn.no/recommerce/forsale/item/74061242","2026-03-02T15:25:26.687Z","Pinarello Radius - 1997","25000","Pent brukt - I god stand","","","Landevei","Pinarello","Radius","1997","56","","Shimano 600","false","false","false","Rammestørrelse 56 Dario Pegoretti ramme Shimano 600 Gruppesett Fulcrum 7 Hjulsett Look pedaler Noen skrammer i lakken","3023 Drammen"
"453221710","https://www.finn.no/recommerce/forsale/item/453221710","2026-03-02T15:25:27.745Z","Canyon Ultimate CF SL 7 etap","33000","Pent brukt - I god stand","","Unisex","Landevei","Canyon","Ultimate CF SL 7 eTap","2023","L","","SRAM Rival eTap AXS","true","false","true","Vurderer du en lynrask klatresykkel som kombinerer topp ytelse med moderne teknologi? Jeg selger min trofaste Canyon Ultimate CF SL 7 eTap fra 2023. Den har deltatt i ritt som både Randsfjorden rundt, Vättarnrundan og Jotunheimen rundt. Sykkelen er velholdt, hyppig vasket og lagret innendørs både sommer og vinter. Dette er ""sweet spot""-modellen i Canyon-universet. Du får den fantastiske kjørefølelsen til Ultimate-rammen kombinert med SRAM Rival eTap AXS. Det betyr 100% trådløs giring som er lynrask og presis hver eneste gang. Høydepunkter: • Ramme: Ultimate CF SL (Karbon) – lett, stiv og responsiv. • Girsystem: SRAM Rival eTap AXS 12-delt – helt trådløst. • Wattmåler: Integrert Quarq wattmåler i kranken (uvurderlig for strukturert trening!). • Integrert cockpit: Canyon CP0018 Aerocockpit (justerbar i bredde og høyde). • Hjulsett: DT Swiss P 1800 spline db. • Vekt: Ca. 8 kg. Tilstand: Sykkelen er i meget god stand. Den har noen få bruksmerker, men har aldri vært i velt. Gjennomført service hos Claes Henrik i Drøbak i september 2025 med bytte av slitedeler. Sykkelen har gått med voksede kjeder siste året. Spesifikasjoner: • Størrelse: L • Årsmodell: 2023 • Farge: Deep Polar Hva følger med? • Lader til eTap-batterier. • Originalt Canyon verktøysett/momentnøkkel. • Garmin GPS-feste til cockpiten • Pumpe • 2 stk ferdig voksede kjeder Flaskeholdere og pedaler medfølger ikke. Sykkelen må hentes. Vis hele beskrivelsen NB: Knappen for å vise hele beskrivelsen har kun en visuell effekt.","1430 Ås"
"453220271","https://www.finn.no/recommerce/forsale/item/453220271","2026-03-02T15:25:28.724Z","Eddy Merckx LXM","16000","Pent brukt - I god stand","","Unisex","Landevei","Eddy Merckx","LXM","","52","","","true","true","false","Selger en Eddy Merckx LXM fullkarbon landeveissykkel. Sykkelen har karbonramme, karbon gaffel og karbon styre. Den leveres med karbon aerohjul med tubular-dekk, og vanlige Mavic-hjul følger også med. Stem er byttet for å gi en mer liggende og aggressiv sittestilling, og det originale karbon-stemmet følger med. Jeg tror rammestørrelsen er 52(S). Jeg er 178cm høy, og det har fungert fint. Sykkelen er veldig fint brukt, kun brukt på finværsdager og har alltid vært lagret innendørs. Åpen for bud.","5308 Kleppestø"
"453219014","https://www.finn.no/recommerce/forsale/item/453219014","2026-03-02T15:25:29.751Z","Vipera Race9 Pro Carbon","8500","Godt brukt - Synlig brukt","","Herre","Landevei","Vipera","Race9 Pro Carbon","","","700c","SRAM R2C","true","false","false","Selger en pen og velholdt Vipera Race9 Pro Carbon landeveissykkel. Dette er en lett og resposniv karbonracer som passer godt til både trening, ritt og lange turer. Sykkel fremstår som godt tatt vare på og fungerer som den skal. Ruller lett og gir mye sykkel for pengene. Spesifikasjoner: Karbonramme Karbongaffel SRAM R2C krank Felgbremser Mavic Ksyrium hjulsett Continental Grand Prix 5000 Dekk (Har kun montert bakhjul, men følger med fremhjul også, begge disse er ubrukt). Zefal flaskeholdere Pedaler følger med Normal slitasje, drivverk fungerer fint og er klar til bruk. Kan hentes i Sandnes. Send gjerne melding ved spørsmål. Vis hele beskrivelsen NB: Knappen for å vise hele beskrivelsen har kun en visuell effekt.","4329 Sandnes"
"421567923","https://www.finn.no/recommerce/forsale/item/421567923","2026-03-02T15:25:30.679Z","Ny pris. Scott Foil 10 2018","16000","Pent brukt - I god stand","Scott","","Landevei","Scott","Foil 10","2018","52","","Shimano Ultegra R8050 Di2","true","false","true","Selger en Scott Foil 10 2018, sykkelen er i strl 52(s). Se str. guide under bilder. Sykkelen er utstyrt med full Ultegra R8050 di2 gruppe! Den er nesten ikke brukt de tre siste årene, og er jevnlig og bra vedlikeholdt. Lagret innendørs. Nypris på sykkelen er 49 990,- Litt info om sykkelen: - Foil FO1 Aero ramme i HMF karbon fiber - HMF karbon gaffel - Shimano Ultegra DI2 gruppe - Syncros karbon setepinne - Syncros komponenter - Syncros RR2,0 hjulsett Det er opprinnelige 120mm stem. Da jeg er litt kort i overkroppen har jeg satt på et på 90 mm. Begge kan medfølge. Styret må tapes opp på nytt. Pedaler og flaskeholdere følger ikke med. Det et bare å ta kontakt om det skulle være noe! Vis hele beskrivelsen NB: Knappen for å vise hele beskrivelsen har kun en visuell effekt.","2611 Lillehammer"
"453213072","https://www.finn.no/recommerce/forsale/item/453213072","2026-03-02T15:25:31.644Z","Wilier Triestina","11500","Pent brukt - I god stand","","Unisex","Landevei","Wilier Triestina","60 TON","","","","Shimano 105","true","true","false","🚵 ♂️ Wilier Triestina – 60 TON karbonmodell Lett og stiv landeveissykkel som selges uten skade kun bruksmerker som er naturlige Kommer med karbon felger av høy kvalitet Mekaniske bremser og gear. Gear er shimano 105 og campagnolo krank Selges uten pedaler og flaskeholder","4514 Mandal"
"453212267","https://www.finn.no/recommerce/forsale/item/453212267","2026-03-02T15:25:32.625Z","Team Rynkeby, Bianchi","8500","Pent brukt - I god stand","Bianchi","Unisex","Landevei","Bianchi","Team Rynkeby","","58","","Shimano 105","false","false","false","Pent brukt team Rynkeby sykkel Brukt to turer t/r Paris i 2023/2024 samt noen treningsturer Ramne str 58(large). Er selv 191 cm Følger med hjulsett nesten ikke brukt alu, shimano RS. Shimano 105 gear std Bremser mekanisk shimano","4514 Mandal"
"453205043","https://www.finn.no/recommerce/forsale/item/453205043","2026-03-02T15:25:33.640Z","White RR Ultimate 7,2kg Di2","10000","Pent brukt - I god stand","","","Landevei","White","RR Ultimate","","54/L","","Shimano Di2","true","false","true","Kjempefin racer i karbon. Di2 elektrisk gir med ekstra skifter slik at du kan gire i oppreist stilling. Sykkelen er i svært god stand, og ser knappast brukt ut. Montert sladrespeil i venstre bukk slik at man alltid har full kontroll på trafikk bak. Selgast då eg berre syklar på grus no. Pedaler og flaskeholder inkludert. Anbefalt høgde er 178-190. Str 54/L","6065 Ulsteinvik"
"452658781","https://www.finn.no/recommerce/forsale/item/452658781","2026-03-02T15:25:34.646Z","Ubrukt Rynkeby Bianchi landeveissykkel 53 cm 2026","21000","Helt ny - Uåpnet/med lapp","Bianchi","Unisex","Landevei","Bianchi","Infinito XE ICR","2026","53 cm","700c","Shimano 105 12-speed","false","false","false","Team Rynkeby Bianchi Infinito XE ICR 105 12sp Disc Brake Selger sykkelen da jeg måtte trekke meg fra prosjektet. Sykkelen ble hentet på Spinn Sandnes i Februar 2026. Ikke brukt eller prøvd. Er lagret inne. Send gjerne en melding viss du lurer på noe.","4306 Sandnes"
"424881903","https://www.finn.no/recommerce/forsale/item/424881903","2026-03-02T15:25:35.611Z","Trek SLR Landevei Unisex - str 54","8000","Pent brukt - I god stand","Trek","Unisex","Landevei","Trek","SLR","","54","","Shimano Dura-Ace","false","false","false","Trek SLR / M / 54 str Selger denne grunnet endret behov for sykkel. Kjøpte denne brukt for 1,5 år siden. Har blitt brukt til og fra jobb i Oslo. Den har ikke gått langturer med meg. Forrige eier opplyser at den har stått tørt lagret i sin levetid. Hos meg bor den i sykkelbod hele året. I 2022 ble alt av lager, vaier osv byttet ut, ink oppgradering til dura-ace utenom krank. Fantastisk god geometri, passer til 170-180 ca. Er selv 171, forrige eier var 175. Må hentes.","0169 Oslo"
"453184869","https://www.finn.no/recommerce/forsale/item/453184869","2026-03-02T15:25:36.599Z","Scott Addict RC10 2022 mod str 58/XL","45000","Pent brukt - I god stand","Scott","Unisex","Landevei","Scott","Addict RC 10","2022","58/XL","","SRAM Force AXS","true","false","true","Pent brukt og godt vedlikeholdt Scott Addict RC 10 2022 modell str 58/XL Scott Addict RC er en lett og gjennomført karbonramme med aerodynamisk utforming og intern kabelføring. Passer godt for både klatringer og raske turer på asfalt. Sykkelen er satt opp med SRAMs trådløse elektroniske girgruppe med wattmåler i krank og hydrauliske skivebremser, som gir deg det beste fra begge verdener. SRAM Force byr på effektive og presise girskift. Ingen kabler og waiere. AXS gir enkel tilpassing i en egen app på telefonen. SRAM hydrauliske skivebremser sikrer full kontroll med en betryggende bremsekraft under alle værforhold. Oppgradert med SYNCROS Creston iC SL styre inkl Garminfeste for mer aerodynamikk (Nypris 6499) ellers er alt orginalt og satt opp slangeløst. Sykkelen passer for personer 185 cm – 197 cm Selges uten pedaler og flaskeholdere. Vis hele beskrivelsen NB: Knappen for å vise hele beskrivelsen har kun en visuell effekt.","1463 Fjellhamar"
"347815850","https://www.finn.no/recommerce/forsale/item/347815850","2026-03-02T15:25:37.528Z","Cannondale SuperSix EVO Hi-MOD Disc Ultegra Di2 - ramme 60","45000","Som ny - Ikke synlig brukt","Cannondale","Herre","Landevei","Cannondale","SuperSix EVO Hi-MOD Disc Ultegra Di2","2021","60","700c","Shimano Ultegra Di2","true","false","true","Toppmodellen til Cannondale ! Farge: Deep Teal SuperSix EVO Hi-MOD Disc Ultegra Di2 2021 modell tatt ut i 2022 Nypris var kr 90.000 Størrelse 60. (Rytter høyde: 187-198) Sykkelen framstår som ny (ny ramme i 2025 (garantisak)) Drivverk/11-delt - Nytt ultegra bakgir for 11-34 kassett - Ultegra kassett 11-32 - Ultegra krank 50-34 - Ultegra kjede - Ceramicspeedlager i krank Hjulsett: Hollowgram 45SL Dekk; Vittoria Corsa, 700x25c (nye) Flaskeholdere Shimano pedaler Brakett for Garmin komputer Ellers er spesifikasjon av sykkelen som beskrevet på Cannodales nettside Autentiske bilder kommer, men sykkelen er lik som på illustrasjon. Vis hele beskrivelsen NB: Knappen for å vise hele beskrivelsen har kun en visuell effekt.","5252 Søreidgrend"
"453164079","https://www.finn.no/recommerce/forsale/item/453164079","2026-03-02T15:25:38.535Z","Ridley Falcn med Ultegra Di2","40000","Pent brukt - I god stand","","Unisex","Landevei","Ridley","Falcn","2025","XS","700c","Shimano Ultegra Di2","true","false","true","2025 mod Ridley Falcn med Ultegra Di2 Str XS, passer fra 160-168cm Deda styre og stem 165mm krankarmer DT Swiss hjulsett Schwalbe dekk Krans og kjede er lite brukt Spesielt design som det finnes kun to av i Norge Kan selges med Zipp hjulsett for tillegg i pris Selges uten pedaler Noe bruksmerker Nypris ca 70.000kr Vis hele beskrivelsen NB: Knappen for å vise hele beskrivelsen har kun en visuell effekt.","0495 Oslo"
"453156391","https://www.finn.no/recommerce/forsale/item/453156391","2026-03-02T15:25:39.482Z","Bianchi landeveissykkel.","8000","Pent brukt - I god stand","Bianchi","Unisex","Landevei","Bianchi","","","L","","Shimano Ultegra","false","false","false","Bianchi landeveissykkel selges. Meget pen, lite brukt senere år. Karbon i gaflene. Byttet kassett/kjede/wirer/klosser - teipet opp styret på nytt. selges med pedaler/ flaskeholdere/ pumpe/sykkelkomputer. Gir/bremser/pedaler er av ultegra kvalitet. Størrelse på sykkelen er ""large"" og passer for høyde ca. 175 - 185 cm. Jeg er 181 cm.","7054 Ranheim"
"453148410","https://www.finn.no/recommerce/forsale/item/453148410","2026-03-02T15:25:40.556Z","RIDLEY FENIX DISC 105 Di2","30000","Pent brukt - I god stand","","Herre","Landevei","Ridley","Fenix Disc 105 Di2","2025","M","700c","Shimano 105 Di2","true","false","true","RIDLEY FENIX DISC 105 Di2 Str: M 178-186cm Meget pent brukt og vedlikeholdt. Brukt ca 500km, vasket og smørt opp etter hver tur. Sykkelen hadde en 5mm lakkskade som ble reparert før jeg kjøpte den. Kjøpt på Spinn i Sandnes juli 2025, men selges da jeg har kjøpt terrengsykkel. Nypris: 43.000kr Selges 30.000kr uten pedaler og Garmin feste. Fantastisk sykkel med elektroniske Di2 gir. Ridley er lokalisert sentralt i sykkelgale Belgia, etablert av Jochim Aerts da han som aktiv rytter ikke var fornøyd med eget utstyr og derfor startet å bygge sine egne sykler. Takket være konstant fokus på innovasjon og utvikling har Ridley klart å være med i front helt fra starten av. Nå blir syklene brukt på de største og viktigste rittene i verden av Uno-X Mobility både på herre og damefronten! Ridley har oppgradert til livstidsgaranti (10 år) på ramme og gaffel for sykler kjøpt etter 1/1-26, husk registrering for å aktivere! PLATTFORM BESKRIVELSE Vår Fenix er den typiske ""allround""-sykkelen. Den tilbyr den perfekte blandingen mellom ytelse, vekt, styrke, stivhet og spesielt komfort for lange dager i salen. Dens unike diamantformede rør skaper forsterkede kanter for en robust ramme med økt slagmotstand. Mens Fenix håndterer toppkonkurranse på dyktig måte, er den også perfekt egnet for deltidssyklister eller fritidsryttere når det gjelder ytelse, komfort og kostnad. Det er den optimale sykkelen for å takle din neste Gran Fondo. DETALJBESKRIVELSE Leter du etter en ""endurancesykkel"" med høy ytelse, men med en mindre betydelig pris? Møt Fenix Disc: den er et rimeligere søsken til vår Fenix SLiC. Med denne allround landeveissykkelen vil du kunne takle alt, fra bratte stigninger og lange utforkjøringer til utfordrende brostein. Fenix Disc har lignende kjørekvalitet og egenskaper som Fenix SLiC. Rammen tilbyr intern kabelføring for et ryddigere utseende, den har det samme diamantformede underrør som gir ekstra stivhet og holdbarhet, og den har samme geometri. Vi bestemte oss for å fokusere på å holde utsalgsprisen nede under utviklingen av Fenix Disc og samtidig opprettholde stivheten og kjørekomforten til Elite-nivå Fenix SLiC, ved å bruke andre komponenter og en annen karbonfiberteknologi. På grunn av denne modifiserte karbonopplegget er Fenix Disc-rammen bare 120 gram tyngre enn vår Fenix SLiC-ramme. Høyde < 162 cm XXS 162 - 170 cm XS 170 - 178 cm S 178 - 186 cm M 186 - 194 cm L > 194 cm XL *Størrelsene er anbefalinger og kan i enkelte tilfeller overskrides Spesifikasjoner Design: FEN01Bs Ramme: Fenix, 24T UD Carbon, TA 12x142mm, Flatmount Gaffel: Fenix, 30-24T HM UD Carbon, TA 12x100mm Gir/bremse hendler: Shimano 105 Di2 2x12 Bremser: Shimano 105 Disc Gir foran: Shimano 105 Di2 2x12 Gir bak: Shimano 105 Di2 12s Kassett: Shimano 105 11-34 12s Kjede: Shimano 105 12s Kranksett: Shimano 105 50/34 172,5 Hjulsett: Forza Norte clincher/TLR Dekk: GP5000 28mm Sal: Selle Italia Model X Styr: Forza Stratos Stem: Forza Stratos Salpinne: Forza Stratos 27,2/350mm Vis hele beskrivelsen NB: Knappen for å vise hele beskrivelsen har kun en visuell effekt.","4310 Hommersåk"
"404962681","https://www.finn.no/recommerce/forsale/item/404962681","2026-03-02T15:25:41.509Z","Basso Diamante rammesett","12500","Godt brukt - Synlig brukt","","","Landevei","Basso","Diamante","","53cm","","","true","false","false","Selger et Basso Diamante rammesett, med styre. En rask og stiv italiensk sykkel laget i Italia. Rammesettet har kabler ferdig trekt gjennom, så girgruppen kan raskt bare monteres på. Str: 53cm Sete: Bontrager Pro vibe aero alloy pursuit styre (40cm) Nytt styrelager er montert Følger med girøre og ekstra spacere. NB! Ramme har en liten skade på overør ved stem, se bilde. Dette har skjedd fordi sykkelen er designet slik at stemmen er går i et med top tuben. Stemmen har gått borti når rammen når styret er snudd helt til siden. Har sjekket denne skaden opp hos Sykkelbutikken, Trek Bergen og Bikeshop, hvor alle sier den er ubetydelig og påvirker ikke kjøreegenskapene. Har selv ikke merket noe til det annet at det er kosmetisk. Kan evt. bli fikset hos en carbon reparatør. Helt nede bak med kassetten hoppet kjedet av og tok med seg litt lakk. Selges som den står på bilde 4 og 5. Kan sendes mot kjøper betaler frakt. Vis hele beskrivelsen NB: Knappen for å vise hele beskrivelsen har kun en visuell effekt.","5251 Søreidgrend"
"443653545","https://www.finn.no/recommerce/forsale/item/443653545","2026-03-02T15:25:43.409Z","Eddy Merckx Landevei Alu Team","8500","Pent brukt - I god stand","","","Landevei","Eddy Merckx","Alu Team","","58","","Campagnolo Athena","false","false","false","Eddy Merckx Alu Team Selger en Eddy Merckx Alu Team str 58. Har 11 delt Campagnolo med Athena skiftere og krank. Chorus bremser og Record bakgir. Strøkent Most felgsett med Continental 5000 dekk. 11/29 kassett. Har litt kakkelering under på overrør og noen bruksmerker. Har brukt det jeg hadde tilgjengelig av Campagnolo. Selges ferdig pruta for kr 8500","4700 Vennesla"
"453130912","https://www.finn.no/recommerce/forsale/item/453130912","2026-03-02T15:25:44.415Z","Nakamura Pursuit 4.0","6500","Pent brukt - I god stand","","Unisex","Landevei","Nakamura","Pursuit 4.0","","51cm","","Shimano 105","false","false","false","Sykkelen ble kjøpt brukt i fjor. Forrige eier hadde knapt brukt den og i vårt eie har den kun vært brukt en tur. Sykkelen har 11 delt Shimano 105 girsystem. Sykkelen fremstår meget pen. Sykkelen er størrelse 51cm som i følge Nakamura passer ryttere med høyde 165-175 cm.","4633 Kristiansand S"
"453125086","https://www.finn.no/recommerce/forsale/item/453125086","2026-03-02T15:25:45.399Z","Merckx landeveissykkel 28""/700c rød","12000","Pent brukt - I god stand","","","Landevei","Merckx","","","","700c","","false","false","false","Merckx landeveissykkel med 28""/700c hjul. Sykkelen har klassisk racergeometri med bukkestyre og felgbremser foran og bak. Rammen er lakkert i rødt med kontrastfelt, og sykkelen er utstyrt med smale landeveisdekk og tradisjonelle landeveispedaler. Setet er et smalt racersete. Passer til bruk på asfalt og andre faste underlag der man ønsker en lett og effektiv landeveissykkel. Selges sammen med ny reserve dekk. En av de gamle originale dekkene er byttet","1473 Lørenskog"
"453119118","https://www.finn.no/recommerce/forsale/item/453119118","2026-03-02T15:25:46.368Z","Gekko Firm RCE 105","16000","Pent brukt - I god stand","","Unisex","Landevei","Gekko","Firm RCE 105","2024","L","700c","Shimano 105","false","false","false","Selger min Gekko Firm RCE 105. Den ble kjøpt i august 2024 på Anton Sport. Jeg har tatt godt vare på sykkelen. Den har aldri vært i bakken, og har blitt svært pent vedlikeholdt. Rammen er strøken. Har blitt brukt 50/50 utendørs og inne på rulle. Størrelse L. Passer bra for meg på 181! Litt info om sykkelen: - Gir/Drivverk: SHIMANO FC-R7100 - Krank: Shimano FC-R7100 - 105 - 52-36T - Framgir: SHIMANO FD-R7100 - 105 - Bakgir: SHIMANO RD-R7100-GS - 105 - 12speed - Kassett: CS-R7100, 105, 12-SPEED, 11-34 - Kjede: KMC X12EL - Stem: EASTON EA50 - Styre: EASTON EA50 - Forbrems: Shimano 105 hydraulisk 160mm rotor - Bakrems: Shimano 105 hydraulisk 160mm rotor - Framhjul: ALEX RIM ATD-470 - Bakhjul: ALEX RIM ATD-470 - Dekk: SCHWALBE ONE perf - TI. Schwalbe ONE Vis hele beskrivelsen NB: Knappen for å vise hele beskrivelsen har kun en visuell effekt.","0655 Oslo"
"450377271","https://www.finn.no/recommerce/forsale/item/450377271","2026-03-02T15:25:47.326Z","Orbea orca aero 2022 str 53/54 (m)","38000","Pent brukt - I god stand","Orbea","Unisex","Landevei","Orbea","Orca Aero","2022","53/54 (M)","700c","SRAM Force eTap AXS","true","false","true","Orbea Orca Aero 2022-modell er en fremtredende landeveissykkel, designet for både konkurranse og entusiaster som ønsker å oppnå topp ytelse. Her er en mer detaljert oversikt over egenskapene og funksjonene som gjør denne modellen bemerkelsesverdig: Design og Bygg - Aerodynamisk Ramme: Rammedesignen er utviklet for å minimere luftmotstand, noe som gjør sykkelen raskere i høyere hastigheter. Den er optimalisert for både klatring og flate strekninger. - Karbonmateriale: Bygget i OMR karbon, som er en lett og sterk materiale. Dette gir en høy stivhet-til-vekt-forhold, som forbedrer kraftoverføringen. - Integrerte Komponenter: Styre og kabler er integrert for et renere utseende og bedre aerodynamikk. - Geometri: Den har en aggressiv geometri som gir god kontroll og respons, særlig i svinger og nedoverbakke. Passer for ryttere som regelmessig konkurrerer eller har et mer aktivt bruksområde. - Kombinasjon av Komfort og Ytelse: Rammeoppsettet tillater også tilstrekkelig komfort for lange turer, noe som gjør den ideell både for konkurranser og helgeturer. Gruppesett og Komponenter - SRAM Force eTap AXS: Et trådløst elektrisk drivetrain som gir sømløs girskift og nøyaktighet. Det omfatter hydrauliske skivebremser, som gir utmerket bremsekraft og modulering under varierende forhold. - Hjul: oppgradert med HUNT hjulsett - Nypris ca 12000. Oppgradert med karbonstyre fra Unaas, og damesete med Nypris ca 2000kr. Nypris før nytt hjulsett/ oppgraderinger ca 57000kr Vis hele beskrivelsen NB: Knappen for å vise hele beskrivelsen har kun en visuell effekt.","0168 Oslo"
"453099816","https://www.finn.no/recommerce/forsale/item/453099816","2026-03-02T15:25:48.323Z","Vipera Team Issue (2014) - mangler giroppheng / gear deraillur hanger","10000","Må fikses - Noen mangler/ødelagte deler","","Unisex","Landevei","Vipera","Team Issue","2014","","","Campagnolo Record","true","false","false","Vipera Team Issue fra 2014 selges. Fullkarbon. Campagnolo record. Felgbrems. Mangler giroppheng (gear deraillur hanger), samt slanger og dekk. Fantastisk god sykkel som trenger litt kjærlighet. Pris kan diskuteres ved rask beslutning. Må hentes på Mathopen. Kan ev. leveres i Bergen etter avtale.","5174 Mathopen"
"453099962","https://www.finn.no/recommerce/forsale/item/453099962","2026-03-02T15:25:49.295Z","Merida Ride Carbonramme, wattmåler, ultegra 2x11 speed. Oppgraderte hjul.","14000","Pent brukt - I god stand","Merida","Unisex","Landevei","Merida","Ride","","S/M","","Shimano Ultegra","true","false","false","Selger en lite brukt Merida Ride, oppgradert med ultegra girgeuppe 2x11 speed, Mavic Cosmic Elite hjul og stage wattmåler. Ultegra Pedalene, computer feste og flaskeholdere følger med. Veldig bra stand. Str S/M Tar imot bud. Jeg kan levere imellom Lillehammer og Hellerud.","2656 Follebu"
"453101673","https://www.finn.no/recommerce/forsale/item/453101673","2026-03-02T15:25:50.262Z","Ny Ridley Helium Di2","33900","Helt ny - Uåpnet/med lapp","","","Landevei","Ridley","Helium 105 Di2","","M","28''","Shimano 105 Di2","true","false","true","Ikke rullet en meter. Selges grunnet endret behov. Størrelse M, anbefalt for 170–190 cm kroppshøyde Sett med nye karbonhjul kan følge med. Da er prisen 39500. Informasjon om sykkelen: Sporty allround landeveissykkel. Lett og robust karbonkonstruksjon. Shimano 105 Di2 24-speed girgruppe.. Vittoria Rubino Pro dekk. Ridley Helium 105 Di2 er den beste ytelsessykkelen for enhver utfordring. Utrolig lett, stiv og behagelig. Helium landeveissykkelen har den unike ovale rørformen som perfekt balanserer stivhet, vekt og komfort. I tillegg er alle kabler fullt integrert i Helium takket være F-Steerer-teknologien. Dette gir det et rent utseende som er nærmest vedlikeholdsfritt. Det du vil føle er hvor lett, reaktiv, stiv og komfortabel den er å sykle - fra første til siste pedalslag. Ved første øyekast ser rørene til Helium veldig klassiske ut - som vanlige runde rør. Men ved nærmere ettersyn vil du raskt legge merke til at vi faktisk valgte litt ovale profiler. Tverrsnittet er litt større på den vertikale aksen enn på den horisontale aksen. På denne måten maksimerer Ridley både kraftoverføring og komfort, samtidig som man holder vekten så lav som mulig. For ekstra komfort er setestagene koblet lavere ned på seterøret. På grunn av dette lavere kontaktpunktet kan både seterøret og setepinnen mer effektivt filtrere ut vibrasjoner. I tillegg kan setestagene gi mer vertikal fleksibilitet. Alt dette resulterer i en mer komfortabel sykkeltur. Kabler foran på sykkelen din har stor innvirkning på dens aerodynamiske ytelse. På baksiden har det å kvitte seg med kabler foran en aerofordel på hele 10 til 14 %, avhengig av sykkelen. Styrerøret lar alle kabler passere gjennom styret og stammen, langs det flate frontområdet på styrerøret og ned i rammen. Her er kablene helt skjult for vinden - og for øyet ditt, og etterlater deg en ren sykkel som gir deg fart. HOVEDKOMPONENTER - Ramme: Helium Carbon Frame - Gaffel: Helium Disc, 12mm TA - Bremser: Shimano 105 hydrauliske bremser - Hjulsett: Forza Norte DB - Dekk: Vittoria Rubino Pro - Hjulstørrelse i tommer: 28'' DRIVVERK - Antall gir: 24 - Fremre girskifter: Shimano 105 DI2 - Bakgir: Shimano 105 DI2 - Girspak: Shimano 105 DI2 - Kassett: Shimano 105 11-34T 12sp - Krank og kranklager: Shimano 105 50/34 - Kjede: KMC X-12 COCKPIT - Sete: Selle Italia SLS - Setepinne: Forza Cirrus karbonlegering, 27,2 mm x 350 mm - Styre: Deda Zero2 - Stem: Deda Superbox Størrelsesanbefalinger: - M, 170–190 cm kroppshøyde Vis hele beskrivelsen NB: Knappen for å vise hele beskrivelsen har kun en visuell effekt.","4048 Hafrsfjord"
"413442428","https://www.finn.no/recommerce/forsale/item/413442428","2026-03-02T15:25:51.229Z","Argon 18 E119 2025 modell - Utleie","5000","Som ny - Ikke synlig brukt","","Unisex","Landevei","Argon 18","E119","2025","Medium 54-56","700c","Shimano Ultegra Di2 R8150","true","true","true","Leie til konkurranse? Uke og minimumspris settes til 5000,- Anbefaler noen treningstimer på sykkel før konkurranse. Enkel bikefit ved behov og vask er inkludert :) Du må ha avklart at forsikringen din dekker eventuelle skader/tap ved før leie. Depositum blir vi enige om. Riigges opp med Aero flaske på ramme, på styret og bak sete. Trenger du noe annet utstyr så har jeg det meste:) DT Swiss Platehjul har jeg også 🚀 Dette er Str Medium 54-56 og stilt inn til meg på 183cm- 85kg. Gode justeringsmuligheter. Wheels :DT Swiss ARC1400 Dicut Wheelset Tires: GP 5000 28mm Tubes: Latex Group : Shimano Ultegra Di2 R8150 Shimano Ultegra 52/36 Powermeter Cassette: Shimano Ultegra 11-30 12s Vis hele beskrivelsen NB: Knappen for å vise hele beskrivelsen har kun en visuell effekt.","1362 Hosle"
"419766394","https://www.finn.no/recommerce/forsale/item/419766394","2026-03-02T15:25:52.196Z","Ny pris: Giant TCR Advanced (2012) – fullkarbon med Ultegragruppe","12500","Pent brukt - I god stand","Giant","","Landevei","Giant","TCR Advanced","2012","L","700c","Shimano Ultegra","true","false","false","Selger en svært pent brukt Giant TCR Advanced str L landeveissykkel, lite brukt . Full karbonramme, Shimano Ultegra-gir, bremser og pedaler. DT Swiss R1800 hjulsett (også lett og stivt).C4 karbon flaskeholdere. Polar CS500 computer medfølger ved hurtig avgjørelse. Meget pen, alltid lagret innendørs, topp stand. Perfekt som første racersykkel eller for deg som vil ha kvalitet til fornuftig pris. Pris kan diskuteres ved hurtig avgjørelse.","3728 Skien"
"453056164","https://www.finn.no/recommerce/forsale/item/453056164","2026-03-02T15:25:53.154Z","Fuji landeveisykkel 56 cm 28""/700c Unisex, Hentes i Trondheim.","7500","Pent brukt - I god stand","","Unisex","Landevei","Fuji","","","56cm","700c","Shimano 105","false","false","false","Fuji landeveisykkel for unisex med rammehøyde 56 cm og 28""/700c hjul. Sykkelen har racerstyre og smale landeveisdekk tilpasset trening og pendling på asfalt. Drivverket er utstyrt med Shimano 105 bakgir og krank fra Oval Concepts. Rammen er utformet for effektiv sittestilling på landevei. Passer til voksne ryttere som ønsker en landeveissykkel med 56 cm ramme og 28""/700c hjulstørrelse. Hentes i Trondheim. Forbehold om feil i tekst.","7031 Trondheim"
"443490053","https://www.finn.no/recommerce/forsale/item/443490053","2026-03-02T15:25:54.216Z","Trek Landevei sykkel Domane størrelse S 52","22000","Som ny - Ikke synlig brukt","Trek","Unisex","Landevei","Trek","Domane","","S 52","","Shimano 105","false","false","false","Trek Domane Very good condition Shimano 105 Tubeless tires Size S 52 Trek Landevei sykkel designet for unisex bruk. Sykkelen har et lett og aerodynamisk rammeverk, egnet for landeveissykling. Den er utstyrt med skivebremser og har en moderne design med grå og røde detaljer. Kun personlig møte i Oslo","1482 Nittedal"
"453039786","https://www.finn.no/recommerce/forsale/item/453039786","2026-03-02T15:25:55.160Z","Giant TCR adv 0","34000","Pent brukt - I god stand","Giant","Unisex","Landevei","Giant","TCR Advanced Pro 0","","M/L","700c","Shimano Ultegra Di2","true","true","true","Rå landeveissykkel selges – markedets beste allround-sykkel Jeg selger min Giant TCR Advanced Pro 0, en lett, stiv og ekstremt allsidig landeveissykkel som leverer like bra på ritt som på lange turer og raske treningsøkter. Sykkelen er utstyrt med Shimano Ultegra Di2 elektroniske gir og hydrauliske skivebremser – presist, raskt og driftssikkert. Den har ny original Shimano Ultegra krank med Giant PowerPro wattmåler. Hjulsettet er Giant SLR 1 42 mm karbonhjul, satt opp tubeless med Continental GP5000 32 mm dekk. Med dette oppsettet er du klar for alt. Vært i lite bruk i det siste, pga skader. Nylig oppgradert: Nyere kjede Nyere styretape (Supacaz Super Sticky) Nye bremseklosser Frontmontert computerbrakett medfølger Merk: Lader til wattkrank og Di2-gir ble dessverre borte under flytting. Størrelse: M/L – passer ca. 175–187 cm ifølge Giant. Jeg er 180 cm og den passer meg fint. send en melding om du lurer på noe. Må ikke selges Vis hele beskrivelsen NB: Knappen for å vise hele beskrivelsen har kun en visuell effekt.","3133 Duken"
"453030748","https://www.finn.no/recommerce/forsale/item/453030748","2026-03-02T15:25:56.132Z","Dare VSRU -helt strøken","45000","Som ny - Ikke synlig brukt","","","Landevei","Dare","VSRU20","2023","XS","700c","Shimano Ultegra Di2","false","true","true","Helt strøken landeveissykkel – DARE VSRU20 med Ultegra Di2. 2023 modell. Str XS- Dare er store i størrelse og den passer for høyde 170 cm pluss/minus ca 10 cm avhengig av sittestilling. Minimalt brukt- først av kvinnelig landslagsløper på skøyter og så av kona i fjor høst. Framstår så og si som ny, overhodet ingen skader eller feil. Spesifikasjoner: Ramme: VSRU20 – aerodynamisk og responsiv, perfekt for både trening og ritt Girgruppe: Shimano Ultegra Di2 12-delt – elektronisk giring som gir presise og pålitelige girskift Hjulsett: Helt nye 50 mm Superteam S-ALL Carbon D28-50 DISC Brake karbonhjul med 3,3 mm karboneiker-clincher tubeless ready- veid til 1370 g med felttape. Et meget godt hjulsett målt opp imot det aller meste. https://superteamwheels.com/products/s-all-carbon-d28-50-disc-brake?srsltid=AfmBOoqAD5heqeoJuIyGPzDSj-o1omJOsXaEe74oR7_itw13gdlnx94n Dekk: Contiental GP 5000 Drivverk: Ny ""Pogacar"" Ultegra krank med 165 mm krankarmer. 52/36. Nytt kjede. Ny kassett 11-34. Bremseskiver: Dura Ace 160mm/140 mm. Nytt sete: Selle Italia SLR LTD SUPERFLOW Lader til Di2 følger med. Sykkelen bør sees og ønsker at kjøper henter. Jeg reiser til Mallorca 12 mars og blir til slutten av april- kona er hjemme i deler av denne perioden. Vis hele beskrivelsen NB: Knappen for å vise hele beskrivelsen har kun en visuell effekt.","2450 Rena"
"423787714","https://www.finn.no/recommerce/forsale/item/423787714","2026-03-02T15:25:57.102Z","Merida Scultura Endurance 8000 - 2025-modell","39999","Som ny - Ikke synlig brukt","Merida","Unisex","Landevei","Merida","Scultura Endurance 8000","2025","Medium","700c","Shimano Ultegra Di2","true","true","true","Størrelse: Medium Nypris: 60 000 kr (kjøpt juni 2025) Kun syklet 50 km på asfalt– sykkelen er så godt som ny. Veldig fin sykkel med et bredt bruksområde. Utstyr: - Vision SC30 karbonhjulsett - Shimano Ultegra Di2 elektronisk girsystem (2x12) med ladekabel - Montert med grovere 35 mm dekk - perfekt til innslag av grus, f.eks. i Nordmarka (Pirelli Cinturato Gravel m) - 32 mm landeveisdekk følger med (Continental Grand Prix 5000s TR) NB! (1) Må hentes sentralt i Oslo NB! (2) Pedaler og flaskeholdere følger ikke med Beskrivelse (fra Merida-bikes.com): SCULTURA ENDURANCE toppmodell, utstyrt med de nyeste komponentene for maksimal ytelse. Vår høyt anerkjente SCULTURA ENDURANCE kombinerer komfort og ytelse sømløst, og gir den fritidsorienterte syklisten det perfekte verktøyet for oppgaven. Den test- og prisbelønte, lette karbonrammen på 8000 tilbyr klasseledende fleksibilitet, som i kombinasjon med dekk opptil 35 mm bredde gir suveren komfort, selv på de lengste turene. SCULTURA ENDURANCE er det perfekte valget for syklister som ønsker å nyte mange timer på setet samtidig som de er opptatt av komfort. Brede dekk tryller bort ujevnheter selv på landeveier med dårlig asfalt, mens et lengre styrerør gir en mer avslappet kjørestilling. Den ble umiddelbart populær blant den internasjonale sykkelpressen og fikk ikke bare en ""komfort""-pris fra RennRad, men også mye skryt som excellent comfort, confidence inspiring, lively feel og enjoyable fra anerkjente sykkelmagasiner som Gran Fondo, Cyclingnews, Cyclingtips og Road.cc. Sammenlignet med sin navnebror SCULTURA, har ENDURANCE en mer komfortorientert geometri, bredere dekk og sømløs integrasjon. Den plasseres mellom lettvektsrittmaskinen SCULTURA og eventyrsykkelen SILEX. Vis hele beskrivelsen NB: Knappen for å vise hele beskrivelsen har kun en visuell effekt.","0667 Oslo"
"434182755","https://www.finn.no/recommerce/forsale/item/434182755","2026-03-02T15:25:58.184Z","S-works aethos","54000","Pent brukt - I god stand","Specialized","Unisex","Landevei","Specialized","S-Works Aethos","","56","700c","SRAM Force AXS","true","true","true","Lufter min specialized s-works aethos for salg. Sykkelen ble kjøpt brukt av meg i vår og har toalt rullet 1800km ca. Sykkelen er i størrelse 56 og passer personer mellom 175-185cm. S-works aethos er en sykkel som byr på lav vekt og fantastiske kjøregenskaper. Rammevekt i størrelse 56 er på kun 564gran og slik sykkeln står i dag veier den ca. 6.5kg Krank: Sram red 48-35 12s Fremgir: Sram force AXS Bakgir: Sram force AXS Bremses: Sram Rival Setepinne: Roval alpinist 27.2mm Sete: Fizik arione Styre: kocevlo 400mm Stem: s-works 100mm Hjulsett: Hunt 50 carbon Dekk: Continental GP 5000 S tr Pris er diskuterbar ved rask handel Vis hele beskrivelsen NB: Knappen for å vise hele beskrivelsen har kun en visuell effekt.","0267 Oslo"
"453005360","https://www.finn.no/recommerce/forsale/item/453005360","2026-03-02T15:25:59.326Z","Bottecchia 8AVIO Revolution – Str 58 – Shimano 105 – Karbon","15000","Pent brukt - I god stand","","Unisex","Landevei","Bottecchia","8AVIO Revolution","2020","58","700c","Shimano 105","true","false","false","Selger en meget pen og velholdt Bottecchia 8AVIO Revolution landeveissykkel i størrelse 58. Dette er en rask og komfortabel karbonracer som passer perfekt til både trening, ritt og lange turer. Garmin computer og garmin varia feste følger med. Spesifikasjoner: • Størrelse: 58 (passer typisk ca. 180–190 cm, avhengig av benlengde) • Ramme: Full karbon • Girgruppe: Shimano 105 (2x11) • Skivebremser • Hjul: Fulcrum • Kjøpt ny i 2020 • Kun én eier • Selges uten pedaler Sykkelen er pent brukt og fremstår som godt vedlikeholdt. Ingen kjente skader på ramme. Normal bruksslitasje kan forekomme. Dette er en lett og responsiv sykkel med god kraftoverføring og stabil kjørefølelse – perfekt for deg som vil ha mye sykkel for pengene. Vis hele beskrivelsen NB: Knappen for å vise hele beskrivelsen har kun en visuell effekt.","2385 Brumunddal"
"451891818","https://www.finn.no/recommerce/forsale/item/451891818","2026-03-02T15:26:00.533Z","Gavia Imperiale Carbon (M)","18999","Pent brukt - I god stand","","","Landevei","Gavia","Imperiale Carbon","2025","M","700c","Shimano 105 R7100 Di2","true","false","true","Kjøpte denne i september i 2025, syklet ca 100 km bare med denne ute, så dekk er som nye. Selger da jeg skal kjøpe Tri sykkel Kun en liten ripe på bakgir, legger med bilde. Ellers er det en strøken sykkel, hvor aerobar kan følge med. Aerodynamisk overlegenhet: Rammen er laget av UD karbon og er svært lett og sterk. Den har en aerodynamisk design som reduserer luftmotstanden og gir deg en fordel i ritt og på trening. Rammen er også svært stiv, noe som gir deg god kraftoverføring og respons Spesifikasjoner: Ramme: 700C UD Carbon, Tapered head tube Gaffel: 700C UD Carbon, Carbon Steerer tube Dropout / Girøre: GAIM13 Styrelager: FSA NO.69, 1-1/2"" - 1-1/2"" Stem: Alloy 6061, (90 mm SM, 100 mm MD/LG, 110 mm XL) Styre: Alloy 6061, (400 mm SM, 420 mm MD/LG, 440 mm XL) Sete: Fizik Antares R7 Setepinne: Aero, Setepinneklemme integrert i ramme Hjulsett/felger: DT Swiss E1800 23 mm, Disc, Centerlock, 12 mm TA Nav/aksling - Foran: DT Swiss 12 x 100 mm TA, Aksling: GAIM16 Nav/aksling - Bak: DT Swiss 12 x 142 mm TA, Aksling: GAIM17 Dekk foran: Vittoria Zaffiro V 28-622 Dekk bak: Vittoria Zaffiro V 28-622 Bremser: Shimano 105 BR-R7170 + ST-R7120 Kranksett: Shimano FC-RS520 12s, 50/34T (170 mm S, 172,5 mm M/L, 175 mm XL) Kranklager: Shimano BB-RS500-PB, PressFit Road Framgir: Shimano FD-R7100 2s Bakgir: Shimano RD-R7100 12s Girskiftere: Shimano 105 ST-R7120 2x12s Kassett: Shimano CS-R7101 12s 11-34T Kjede: Shimano CN-M7100 114L Pedaler: Medfølger ikke Feste for skjermer eller bagasjebrett: Nei Annet: Tubelessready Vis hele beskrivelsen NB: Knappen for å vise hele beskrivelsen har kun en visuell effekt.","3322 Fiskum"
"443590694","https://www.finn.no/recommerce/forsale/item/443590694","2026-03-02T15:26:02.181Z","Rossetti Diablesse SRAM Red","19450","","","","Landevei","Rossetti","Diablesse","","51","","SRAM Red","true","true","false","Rossetti Diablesse SRAM Red med 60mm Rossettii Red Label carbon hjulsett clinchers. High modulus carbon som er veldig lett og sterkt.(samme som Cannondale Super Six EVO) Lett, rask og toppspekket landeveissykkel. Str 51. Hentes Stjørdal eller sendes","7512 Stjørdal"
"452997109","https://www.finn.no/recommerce/forsale/item/452997109","2026-03-02T15:26:03.313Z","Trek émonda alr 5 - lite brukt, mest kjørt på rulle","19500","Pent brukt - I god stand","Trek","Unisex","Landevei","Trek","Émonda ALR 5","","","","Shimano 105","false","false","false","Selger en veldig pen og lite brukt Trek Émonda ALR 5. Sykkelen har hovedsakelig blitt brukt innendørs på rulle og har derfor minimalt med slitasje fra utebruk. Dette er en lett, responsiv og rask landeveissykkel med aluminiumsramme i toppklasse og karbon-gaffel. Perfekt både til trening, ritt og lange turer. Spesifikasjoner: • Shimano 105 girgruppe (presis og driftssikker) • Lett og stiv Alpha Aluminum-ramme • Karbon-gaffel for komfort og kontroll • Klar for både utebruk og rulle Sykkelen er godt vedlikeholdt og fremstår som veldig pen. Det er et lite kosmetisk merke på venstre hendel, men dette har ingen betydning for funksjon. Kun normal, minimal bruksslitasje ellers. Ta kontakt ved spørsmål eller for visning/prøvetur Vis hele beskrivelsen NB: Knappen for å vise hele beskrivelsen har kun en visuell effekt.","5366 Misje"
"452982529","https://www.finn.no/recommerce/forsale/item/452982529","2026-03-02T15:26:04.399Z","En fantastisk Ridley Noah RS - karbon selges!","13300","Pent brukt - I god stand","","Unisex","Landevei","Ridley","Noah RS","","M","700c","Shimano Ultegra","true","false","false","Ridley Noah RS landeveissykkel. Størrelse M. Sykkelen er designet for landeveiskjøring og har en lett ramme som gir god ytelse. Egnet for syklister som ønsker en effektiv sykkelopplevelse på landeveien. Gir: Shimano Ultegra Pedaler / crank: Shimano Ultegra Nye, ubrukte dekk (23 mm) og slanger. Sykkelen har Garmin-fester for sykkelcomputer og baklykt/radar. Ekstra dekk (25 mm) og slanger følger med. Følger også med tempo-bøyler Pris kan diskuteres ved hurtig avgjørelse","4014 Stavanger"
"452974170","https://www.finn.no/recommerce/forsale/item/452974170","2026-03-02T15:26:05.477Z","Merida Jr 90 Ride xs","6000","Pent brukt - I god stand","Merida","Unisex","Landevei","Merida","Ride 90","","XS","700c","Shimano Claris","false","true","false","Merida Ride 90 er en lett landeveissykkel, takket være Ride aluminiumsramme og fullkarbongaffel. Shimano Claris girgruppe gir god presisjon og økt komfort. Selges med karbon-hjulsett og det originale hjulsettet medfølger også. Spesifikasjoner: - Type sykkel: Landevei, herre - Ramme: Ride Conoid Aluminium - Gaffel: Road carbon comp - Styre: Merida Compact road OS - Stem: Merida Comp 31.8 -7 - Setepinne: Merida road comp SB12 27.2 - Sete: Merida Race - Antall gir: 2 x 8 - Girhendler: Shimano Claris - Fremre girskifter: Shimano Claris D - Bakre girskifter: Shimano Claris GS - Bremser: Road Dual Pivot - Kassett: Sunrace CS-8S 11-32 - Kjede: KMC 8s - Kranksett: Merida Road SP-D 50-34 - Felger: Merida Comp 30 CW - Dekk: Kenda K1018 700 25 - Vekt: 9,73 kg Vis hele beskrivelsen NB: Knappen for å vise hele beskrivelsen har kun en visuell effekt.","3610 Kongsberg"
"452977082","https://www.finn.no/recommerce/forsale/item/452977082","2026-03-02T15:26:06.515Z","Fin sykkel selges","5100","Pent brukt - I god stand","","","Landevei","Fixie Inc","","2022","57cm","","","false","false","false","Bud mottatt Kjøpt ny av meg i 2022 Så og si ingen bruksmerker Large 57cm Har sykkeleske - sender ved vippsing Fixie inc landvei gravel cyclocross hybrid unisex","6016 Ålesund"
"445704037","https://www.finn.no/recommerce/forsale/item/445704037","2026-03-02T15:26:07.548Z","Cannondale Caad 10 - Str 54 cm - Shimano 105","7900","Pent brukt - I god stand","Cannondale","Unisex","Landevei","Cannondale","Caad 10","","54cm","700c","Shimano 105","false","false","false","Cannondale Caad 10 selges fordelaktig. God og lett aluminiumsramme som tåler det meste. Str 54 cm, passer deg mellom 171 - 182 cm ca. Spesifikasjoner: Fremgir: Shimano 105 Bakgir: Shimano 105 Skiftere: Shimano 105 Bremser: Tektro Hjul: Shimano RS Dekk: Lugano / Continental Krank: FSA Gossarmer 50/34 10 delt Stem: Cannondale Styre: Cannondale Setepinne: Cannondale Sadel: Selle Italia Diva Fremstår i god stand. Trenger en vask og ny olje på slitedeler. Hentes i Nevlunghavn (Stavern) eller kjøres hjem til deg mot tillegg i pris Vis hele beskrivelsen NB: Knappen for å vise hele beskrivelsen har kun en visuell effekt.","3296 Nevlunghavn"
"452943925","https://www.finn.no/recommerce/forsale/item/452943925","2026-03-02T15:26:08.610Z","Cannondale SuperSix EVO 3, str 54/M","42000","Pent brukt - I god stand","Cannondale","Unisex","Landevei","Cannondale","SuperSix EVO 3","2024","54/M","700c","","false","true","false","Selger en Cannondale SuperSix EVO 3 i str 54/M i fargen Jet Black, oppgradert med karbonhjul og karbonstyre. Sykkelen og hjulene ble kjøpt hos Anton Sport i August 24 og styret i Juni 25. Styre: Cannondale SystemBar R-One 380x110mm. Hjul: Cannondale Hollowgram R-45. Har jevnlig vært på service, kjede ble byttet og bremsene luftet i høst. Selges med Prologo Dimension 143, se bilde nr. 6 Det originale alu hjulsettet og styre følger med. Selges uten pedaler, men med flaskeholdere. Får dessverre ikke syklet så mye i år pga skade. Ta kontakt ved Spørsmål! Vis hele beskrivelsen NB: Knappen for å vise hele beskrivelsen har kun en visuell effekt.","1337 Sandvika"
"452959607","https://www.finn.no/recommerce/forsale/item/452959607","2026-03-02T15:26:09.660Z","Tandem sykkel","13000","Pent brukt - I god stand","","Herre","Landevei","TubRace","Vision","","","","","false","false","false","Tandem sykkel av merket TubRace Vision selges. Sykkelen er pent brukt og kjøpt for ca 9 år siden.","3275 Svarstad"
"434701251","https://www.finn.no/recommerce/forsale/item/434701251","2026-03-02T15:26:11.450Z","Bianchi Oltre Comp landeveissykkel str 55","50000","Pent brukt - I god stand","Bianchi","Herre","Landevei","Bianchi","Oltre Comp","2025","55","700c","Shimano 105 Di2","true","false","true","Denne råtassen (2025 modell) har rullet 16 mil til sammen i høst. Gjorde en rookie mistake å velta da jeg ikke fikk klikket ut pedalen på min andre tur. Derav en liten skramme på høyre side av styret, men kneet fikk kjørt seg mest. Dette er kun en liten estetisk skramme. Selger til satt pris. Pedaler og koppholder følger med. Kjøpt i august i år. Gratis førstegangsservice medfølger også. Spesifikasjoner om sykkelen står i lenken nedenfor. Lenke til bikeshop: https://bikeshop.no/bianchi/nybianchiytb26i/bianchi-oltre-comp-landeveissykkel-karbon-105-di2-2x12-velomann-hjul","1526 Moss"
"438559494","https://www.finn.no/recommerce/forsale/item/438559494","2026-03-02T15:26:12.594Z","Cervélo R5 Dura-Ace Di2 str. 54 - Toppmodell","30000","Pent brukt - I god stand","","Unisex","Landevei","Cervélo","R5","","54","700c","Shimano Dura-Ace R9150 Di2","true","true","true","Cervélo R5 Team Sunweb med Dura-Ace Di2 felgbrems i størrelse 54 (medium) selges. Kom med bud! Siste generasjons Cervélo R5 med felgbrems, som ble brukt av blant annet Søren Kragh Andersen til seier på etappe 14 i Tour de France i 2020. Størrelse 54 (M). Jeg er 182 og sitter aggressivt, med 76cm setehøyde. Har en del å gå på oppover og nedover. Som nevnt utstyrt med 11-delt Shimano Dura-Ace R9150 Di2, altså elektriske gir. 53/39 drev og 11/32 kassett (Ultegra kassett). Sykkelen har det råeste av komponenter, med Pro Vibe Aero Superlight styre (nypris 4999), Pro Griffon sete med karbonrails og Pro Vibe stem på 135mm. Elite flaskeholdere og Garmin computerfeste følger også med. Nesten ubrukte Reynolds Attack 30mm karbonhjul gir sykkelen en fin finish. Continental Grand Prix 5000 dekk (clincher), 28mm bak og 25mm foran. Hjulene er tubeless ready. Sykkelen har noen kosmetiske bruksmerker her og der (eksempler på bildene), men er ellers i god stand. NB: lader til Di2 følger ikke med. Kan overleveres i Oslo ved nærmere avtale. Sykkelen kan sees på Brokelandsheia ved E18 i Gjerstad. Jeg foretrekker å møtes for salg. Klatresykkel racersykkel racer s5 r5 cannondale aero canyon pinarello zipp enve giant dare bianchi merida sram etap factor Vis hele beskrivelsen NB: Knappen for å vise hele beskrivelsen har kun en visuell effekt.","4993 Sundebru"
"399845718","https://www.finn.no/recommerce/forsale/item/399845718","2026-03-02T15:26:14.795Z","Trek Emonda SL6 str. 54 med Zipp 808!","33000","Pent brukt - I god stand","Trek","Unisex","Landevei","Trek","Emonda SL6","","54","700c","Shimano Ultegra","true","true","false","Selger en pent og nokså lite brukt landevei sykkel! En meget lett Trek Emonda SL6 karbon sykkel selges med super snasne karbon hjul med 80mm profil fra Zipp! 2015-2016 modell. Gliset er blitt brukt alt for lite og selges ettersom jeg skal i militæret. Sykkelen er i størrelsen 54 og utstyrt med Ultegra gruppesett, mekaniske gir og felgbrems. Zipp 808 karbon hjul, Zipp stem og computerfeste, samt geniale Fidlock flasker med magnetisk feste. Jeg er 182 og passer akkurat sykkelen og har ettermontert et lengre stem. Er du 168-174 vil sykkelen passe for deg originalt, men med nytt stem tenker jeg 170-180 er mer passende. Jeg jobber på sykkelbutikk og har stått for godt vedlikehold gjennom et par sesonger med bruk. Dette inneholder vask av sykkel og drivlinje, samt smøring med premium olje. Kan sendes, men helst hentes eller levert i Kristiansand området! Ta gjerne kontakt med spørsmål om sykkelen eller pris! (Ettersom jeg er i militæret står sykkelen på Sykkelbutikken i Vågsbygd med mulighet for testtur!) Vis hele beskrivelsen NB: Knappen for å vise hele beskrivelsen har kun en visuell effekt.","4620 Kristiansand S"
"410560914","https://www.finn.no/recommerce/forsale/item/410560914","2026-03-02T15:26:15.911Z","Prorace Delta karbon landeveisykkel selges","8500","Pent brukt - I god stand","Andre merker","Herre","Landevei","Prorace","Delta","","XL","","","true","false","false","Har gått 100% over til grusracer, og selger derfor min trofaste landeveisykkel. Sykkelen heter Prorace Delta, og er i størrelse XL. Dette er et belgisk merke, og alt som kan være karbon, er karbon - eller carbon. Hjulene heter Fulcrum 3, og du får også med hjulene som satt på sykkelen da jeg kjøpte den hos Bikeshop. De heter Fulcrum 7 (tror jeg). Du får med to karbon flaskeholdere. Sykkelen fungerer perfekt, men jeg ville byttet krans, bremseklosser og kjede som sitter på det hjulsett som er på sykkelen nå. Kransen på ekstra-hjulsettet er nesten ikke brukt. Pedalene som sitter på sykkelen er Shimano i karbon (husker ikke modellen). Disse kan du få med på kjøpet, hvis du ønsker. Sykkelen må hentes i Drammen. Vis hele beskrivelsen NB: Knappen for å vise hele beskrivelsen har kun en visuell effekt.","3048 Drammen"
"442218680","https://www.finn.no/recommerce/forsale/item/442218680","2026-03-02T15:26:17.022Z","White S/52 Ultegra","6000","Pent brukt - I god stand","","Unisex","Landevei","White","","","S/52","","Shimano Ultegra","false","false","false","Veldig fin og begynner vennlig sykkel utstyrt med en god girgruppe Shimano ultegra mekanisk og endurance ramme for lange turer. Selges uten oedaler og flaskeholder Ta kontakt ved interesse / fler bilder","0585 Oslo"
"379766691","https://www.finn.no/recommerce/forsale/item/379766691","2026-03-02T15:26:18.104Z","Landeveissykkel i titan - 50 cm","35000","Pent brukt - I god stand","","","Landevei","Van Nicholas","Aquilo SE","","50cm","700c","","false","true","false","Uniq landeveissykkel - størrelse S - 50cm - i titan Van Nicholas Aquilo SE frame 3Al/2.5V titanium alloy - 50 cm - for height between 1,60 -1.74cm - 86,5x41mm Road Bottom Bracket Cassette - 12 speed - 10/33 Handlebar carbon - ENVE Wheelset - HUNT 36 Carbon Wide Aero - quick release - from July 2023 Tires - - 700x25mm Cane Creek - caliper brakes Fork carbon - ENVE Seatpost titan - Van Nicholas ø27.2x300mm Pedals - Look Stem - BBB Cycling RoadForce - Ø31.8mm 80mm (uten vannflaskestøtten fra bildene) Weight: 8 kg Hente fra Egersund Tusen takk, Cami Vis hele beskrivelsen NB: Knappen for å vise hele beskrivelsen har kun en visuell effekt.","4374 Egersund"
"452886840","https://www.finn.no/recommerce/forsale/item/452886840","2026-03-02T15:26:19.519Z","Merida scultura endurance 6000 Carbon Di2 XS NY!","29000","Helt ny - Uåpnet/med lapp","Merida","Unisex","Landevei","Merida","Scultura Endurance 6000","","XS","","Shimano Di2","true","false","true","Som ny! Brukt kun 3 ganger innendørs på sykkelrulle! Merida XS tilsvarer normal S størrelse. • Merida Scultura Endurance - en mindre aggressiv ramme, med plass til dekk 35mm • Klar for både asfalt og grus, en rask gravel Her vises Scultura Endurance 6000 som har alt du ønsker deg, karbon ramme/ gaffel/ setepinne, hydraulisk skivebrems, integrert og kabelfri styre/ stem og elektronisk gir 2x12. Enkelt forklart gir en Endurance noe høyere front (mindre drop) og dermed tilpasset et bredt publikum. I tillegg tillates dekk med større bredde og mønster for utvidet bruksområde, gjerne på både asfalt og grus. Summen blir mer opplevelse og en mer komfortabel langtur. Farge GRØNN (Silk Fog Green/ Green). Her snakker vi mye sykkel for pengene. Søkeord: Landeveissykkel Sykkel Landevei Merida Scott Specialised Orbea Racer Grusracer Shimano Di2 Vis hele beskrivelsen NB: Knappen for å vise hele beskrivelsen har kun en visuell effekt.","3160 Stokke"
"443327159","https://www.finn.no/recommerce/forsale/item/443327159","2026-03-02T15:26:21.276Z","Supersix EVO eTap AXS","35000","Pent brukt - I god stand","Cannondale","Herre","Landevei","Cannondale","Supersix EVO","","54","700c","SRAM Force eTap AXS","true","true","true","Selger den hvite hingsten jeg har kost meg på i etpar sesonger. Veldig komfortabel sykkel, samtidig stiv og responsiv når det trengs. Noen bruksmerker har den fått, men aldri noe fall eller harde smell. Størrelse 54 - jeg er 184 høy og passer helt fint til meg. Selges uten pedaler, har du spørsmål er det bare å ta kontakt! Spesifikasjoner hentet fra nettsiden til milslukeren: Ramme: All-New, BallisTec Carbon, integrated cable routing w/ Switchplate, 142x12 Speed Release thru-axle, SAVE, PF30a, flat mount disc, integrated seat binder Gaffel: All-New, BallisTec Carbon, SAVE, 1-1/8"" to 1-1/4"" steerer, integrated crown race, 12x100mm Speed Release thru-axle, flat mount disc, internal routing, 55mm offset (47-54cm) 45mm offset (56-62cm) Felger: HollowGram 35, Carbon Clincher Disc, 19mm inner, 35mm deep, tubeless ready Nav: (F) Cannondale HollowGram Sealed Bearing, straight pull, 12x100 / (R) Cannondale HollowGram Sealed Bearing, straight pull, 12x142 Eiker: Formula Grand Forza Dekk: Vittoria Rubino Pro Bright Black, 700 x 25c Krank: SRAM Force eTap AXS, 48/3 Kranklager: SRAM PF30 Kjede: SRAM Force eTap AXS, 12-speed Kassett: SRAM XG-1270, 10-33, 12-speed Navgir: SRAM Force eTap AXS Krankgir: SRAM Force eTap AXS, braze-on Girhendler: SRAM Force eTap AXS HRD, 2x12 Styre: HollowGram SystemBar SAVE, Carbon, 8 deg. pitch adjust Styretape: Cannondale Grip Bar Tape w/Gel, 3.5mm Stem: All-New HollowGram KNØT, alloy w/ cable cover, -6° Styrelager: SuperSix, 1-1/4"" lower bearing, 25mm top cap Bremser: SRAM Force eTap AXS, 160/160mm Centerlock rotors Bremsehendler: SRAM Force eTap AXS Sete: Prologo Dimension STN NDR, steel rails Setepinne: All-New HollowGram 27 SL KNØT, carbon, 2 bolt Vekt ca: 8.0Kg. Vis hele beskrivelsen NB: Knappen for å vise hele beskrivelsen har kun en visuell effekt.","0884 Oslo"
"452873275","https://www.finn.no/recommerce/forsale/item/452873275","2026-03-02T15:26:22.700Z","Orbea Orca M30 landeveissykkel","22000","Som ny - Ikke synlig brukt","Orbea","Unisex","Landevei","Orbea","Orca M30","2024","51cm","700c","Shimano 105 R7100","true","false","false","Orbea Orca M30 2024 landeveissykkel for unisex med rammehøyde 51 cm og 28""/700c hjul. Den er registrert med orbea sin garanti, så sykkelen kommer også med fabrikkgaranti i behold. En allsidig og svært velholdt sykkel som selges grunnet en oppgradering til en annen modell. Sykkelen fremstår nærmest ny. Den er utstyrt med Shimano 105, 12-delt gir og kan også ha 32mm dekk, slik at den kjapt kan omstilles fra landeveistur til turer på f.eks grusstier i marka. Sykkelen selges med flaskeholdere, men ikke pedaler. Kan selges med pedaler mot et tillegg på kr 500. Specs: FRAME Orbea Orca carbon OMR 2024, monocoque construction, HS 1,5"", BB 386mm, powermeter compatible, Rear Thru Axle 12x142mm, thread M12x2 P1, internal cable routing. FORK Orbea Orca OMR ICR 2024, full carbon, 1-1/8"" - 1,5"" tappered head tube compatible, Thru axle 12x100mm, thread M12x2 P1. HEADSET FSA 1-1/2"" Integrated Aluminium Cup CRANKSET Shimano 105 R7100 34x50t SHIFTERS Shimano R7100 CASSETTE Shimano 105 R7100 11-34t 12-Speed REAR DERAILLEUR Shimano 105 R7100 FRONT DERAILLEUR Shimano 105 R7100 CHAIN Shimano M6100 HANDLEBAR OC Road Perfornace RP31-R, Rise 15, Reach 70, Drop 125 STEM OC Road Performance RP22, -5º BRAKES Shimano R7170 Hydraulic Disc WHEELS Alloy, Tubeless compatible, 700c, 19c, 28H TYRES Vittoria Zafiro V Rigid bead 700x28c FRONT WHEEL AXLE Orbea Thru Axle 12x100mm M12x2 P1 Solid REAR WHEEL AXLE Orbea Thru Axle 12x142mm M12x2 P1 Solid SEATPOST Carbon, 27.2mm, Setback 20 SADDLE Fizik Aliante R5 HANDLEBAR TAPE Orbea Eva Vis hele beskrivelsen NB: Knappen for å vise hele beskrivelsen har kun en visuell effekt.","0276 Oslo"
"430031616","https://www.finn.no/recommerce/forsale/item/430031616","2026-03-02T15:26:24.759Z","GIANT PROPEL ADVANCED 1 Carbon | str S |Ultegra Di2 | tempobøyle m/Di2 skifter","19990","Pent brukt - I god stand","Giant","","Landevei","Giant","Propel Advanced 1","","S","700c","Shimano Ultegra Di2","true","false","true","Strøken Giant Propel Advanced 1 med masse ekstrautstyr vurderes solgt. En sykkel som er ideell for trening og ritt, både Landevei og Triathlon. Sykkelen ble kjøpt brukt og satt opp til ambisiøs ungdom som kun har brukt den noen 2-3 treningsturer før interessen ble borte. Selges nå da den har stod ubrukt i hele fjorårssesongen og ikke forventes å bli brukt igjen. Bedre at andre får glede av den:-) Den har påmontert TT / tempobøyler med Di2 gir skiftere (verdi ca kr 4000,-) som kan enkelt kobles av/på styret ved behov. Rammestr. er Small, passer iflg Giant brukere mellom 165-175cm (se eget bilde med size guide) Sykkelen har aldri vært i velt og har vært meget godt og nøye vedlikeholdt, den fremstår som helt strøken! Så og si ingen riper eller merker, drivverk i god stand med hundrevis av km igjen. Den har nettopp vært på grundig service hvor alt er renset, sjekket og smurt, slik at den er klar til bruk for ny eier. Fremstår nå som helt strøken! Selges i utgangspunktet med Giant Alu clincher hjulsett med 25mm dekk og slange, men kan inkludere karbonhjul fra Velostrada med 28mm tubular dekk mot tillegg (se prisoversikt under). Tar forbehold om at Velostrada hjulene ikke blir solgt separat, da de ligger ute på egen annonse Begge hjulsett står med Ultegra 11-30t kassett (gir god utveksling og lette gir i bratte oppoverbakker) Nypris på sykkelen var nesten kr. 60 000,- 2 stk flaskeholdere, lader til Di2 (elektrisk gir) og seteveske med utstyr følger med (se eget bilde) Pris for sykkelen som avbildet med TT / tempobøyler og Alu hjulsett: kr. 19990,- Pris for sykkelen som avbildet med TT / tempobøyler og karbon hjulsett: kr. 24000,- Pris for sykkelen som avbildet med TT /tempobøyler og begge hjulsett: kr. 25500,- Kan være behjelpelig med å sende i sykkeleske om ønskelig, frakt kommer på ca 450,- i tillegg Ta kontakt for en hyggelig sykkelprat. Kan være behjelpelig med å sende om ønskelig. https://99spokes.com/en-EU/bikes/giant/2017/propel-advanced-pro-0 di2#TT#triatlon#triathlon#temposykkel#tempo#landeveissykkel# Vis hele beskrivelsen NB: Knappen for å vise hele beskrivelsen har kun en visuell effekt.","0284 Oslo"
"452873553","https://www.finn.no/recommerce/forsale/item/452873553","2026-03-02T15:26:26.597Z","Merida Scultura 100","10000","Som ny - Ikke synlig brukt","Merida","Unisex","Landevei","Merida","Scultura 100","","M/L","","Shimano Sora","false","false","false","Merida Scultura 100 vurderes solgt. Størrelse M/L Shimano Sora. Sykkelen har stått i utstilling, og har ikke vært i bruk. Med tanke på at sykkelen har stått ubrukt kan det være kjekt å gjennomføre justering av gir og bremser.","2007 Kjeller"
"452869835","https://www.finn.no/recommerce/forsale/item/452869835","2026-03-02T15:26:28.299Z","Specialized S-Work Tarmac SL5 (str 52, Red eTap, unass hjulsett","15000","Pent brukt - I god stand","Specialized","Unisex","Landevei","Specialized","S-Works Tarmac SL5","","52","700c","SRAM Red eTap","true","false","true","Mye god bruk igjen, men jeg har ikke tid til å få syklet så mye som ønsket. Kjøpt brukt i 2021 for 30k. Forrige eier hadde ikke brukt sykkelen særlig mye. Har de siste 2-3 årene stort sett vært lagret i tørr bod, med unntak av 2-3 turer på tørre veier. Hatt på service før bruk. Må hentes i Oslo","0783 Oslo"
"452789081","https://www.finn.no/recommerce/forsale/item/452789081","2026-03-02T15:26:30.053Z","Scott RC 15","29000","Pent brukt - I god stand","Scott","Unisex","Landevei","Scott","Addict RC 15","2020","S/52","","Shimano Ultegra Di2","true","false","true","Scott addict RC 15 2020 i størrelse small/52. Utstyrt med di2 og disc bremser er dette en fantastisk sykkel. Har byttet stem og styre. Zipp styre sitter på sykkelen. Det sitter også 90 mm stem på. Både originalt styre og originalt stem følger med, dersom det er ønskelig å bytte tilbake. Det er nye drev foran, ny kassett, kjede og dekk Sykkelen selges med, wattkrank og flakseholdere.","3070 Sande i Vestfold"
"410320647","https://www.finn.no/recommerce/forsale/item/410320647","2026-03-02T15:26:31.936Z","Scott Addict RC 15","44000","Pent brukt - I god stand","Scott","","Landevei","Scott","Addict RC 15","","56","","Shimano Ultegra Di2","true","false","true","Fint brukt Scott selges. Str 56/L. Ultegra Di2. Stiv og nydelig ramme. Oppbevart som den fortjener i stuen når den ikke er ute. Selges uten pedaler og flaskestativ. Test; https://www.cyclingweekly.com/reviews/road-bikes/scott-addict-rc-15 Test; https://www.cyclingnews.com/reviews/scott-addict-rc-15-review/","5035 Bergen"
"452796015","https://www.finn.no/recommerce/forsale/item/452796015","2026-03-02T15:26:34.049Z","BH Racer Allround Quartz 1.5","19800","Som ny - Ikke synlig brukt","","Herre","Landevei","BH","Quartz 1.5","2025","M","","Shimano 105","false","false","false","BH Racer Allround Quartz 1.5 – Som ny – Brukt bare på sykkelrulle Selger en BH Racer Allround Quartz 1.5 landeveissykkel i god stand. Sykkelen er bare brukt på sykkelrulle, så den er så god som ny – ingen synlige riper eller slitasje. Selges inkl / eks. Tempo styre etter ønske. Spesifikasjoner: • Hydroformet aluminiumsramme med spenstig og komfortabel geometri • Karbonfiber gaffel som gir stabil og smidig styring • Shimano 105 2×11 gir – pålitelig girskift • Hydrauliske Shimano 105 skivebremser for trygg bremsing i all slags vær • Komfortable 28 mm″ hjul og kvalitetsdekk Tilstand: Som ny Brukt: Kun på sykkelrulle Årsmodell: (Skriv 2025) Størrelse: M Kan hentes etter avtale eller sendes i trygg emballasje mot at kjøper betaler frakt. Ta gjerne kontakt ved spørsmål 😊 Vis hele beskrivelsen NB: Knappen for å vise hele beskrivelsen har kun en visuell effekt.","1367 Snarøya"
"452793309","https://www.finn.no/recommerce/forsale/item/452793309","2026-03-02T15:26:35.578Z","Date VSRu Team edition, S, ARC 1400","55000","Pent brukt - I god stand","","Unisex","Landevei","Dare","VSRu Team Edition","","S","","","false","false","false","Lufter denne for salg da den ikke brukes, send melding om det er noe du lurer på :) Må ikke selges, så besvarer ikke skambud.","0454 Oslo"
"452784168","https://www.finn.no/recommerce/forsale/item/452784168","2026-03-02T15:26:37.119Z","EDDY MERCKX EMX-1 Karbon","6500","Pent brukt - I god stand","","Unisex","Landevei","Eddy Merckx","EMX-1","","","","Shimano Ultegra","true","false","false","Pent brukt landeveissykkel karbon Shimano Ultegra 2x10 Fram gir Shimano 105 Bak gir Shimano 105 V bremser Shimano 105","3036 Drammen"
"452399831","https://www.finn.no/recommerce/forsale/item/452399831","2026-03-02T15:26:39.439Z","Giant TCR Advanced Pro Disc 1 AX 2022 i M","35000","Godt brukt - Synlig brukt","Giant","Herre","Landevei","Giant","TCR Advanced Pro Disc 1 AX","2022","M","700c","SRAM Rival AXS","true","true","true","Nydelig landeveissykkel selges. Kjøpt fra Olympia Sport i 2022, og kun vært i mitt eie siden. Morsom sykkel som trives både flatt og bratt. Veldig pen lakk! Godt vedlikeholdt, men noen bruksmerker er det. Har tatt bilder av det jeg kunne finne. Høydepunkter: • Karbonramme og karbonhjul • SRAM Rival AXS elektroniske gir • Integrert wattmåler (Giant Power Halo) • Særegen og pen lakk Oppsett: • Modell: Giant TCR Advanced Pro Disc 1 AX (2022) • Hjul: Giant SLR karbonhjul 50 mm • Dekk: Vittoria Corsa Pro 30 mm, satt opp tubeless • Computerfeste: Inkludert • Flaskeholdere: Inkludert • Pedaler: Ikke inkludert Spesifikasjoner kan leses her: https://www.giant-bicycles.com/no/tcr-advanced-pro-disc-1-ax-2022 Vis hele beskrivelsen NB: Knappen for å vise hele beskrivelsen har kun en visuell effekt.","6429 Molde"
"404520579","https://www.finn.no/recommerce/forsale/item/404520579","2026-03-02T15:26:41.133Z","Felt F2","8000","Pent brukt - I god stand","","","Landevei","Felt","F2","","56","","Shimano Dura Ace","true","false","false","Karbon ramme Dura Ace gruppe Str 56 Mavic hjul","2818 Gjøvik"
"452723466","https://www.finn.no/recommerce/forsale/item/452723466","2026-03-02T15:26:42.592Z","Specialized Roubaix herre 61 cm ramme 28""/700c hjul","19000","Som ny - Ikke synlig brukt","Specialized","Herre","Landevei","Specialized","Roubaix","2024","61cm","700c","Shimano Tiagra","true","false","false","Specialized landeveissykkel for herre med rammehøyde 61 cm og 28""/700c hjul. Sykkelen har drop-styre og skivebremser foran og bak. Rammen er i svart farge med Specialized-logo på underrøret. Pedalene er plattformpedaler fra Specialized. Hjulene er utstyrt med dekk som egner seg til bruk på vei og hardpakket underlag. Passer til landeveissykling, trening og pendling for høyere førere som trenger stor ramme. Demper i styret. Kjøpt hos Sykkelsport i Arendal høsten 2024 for kr 28k om jeg husker riktig. Ser ut som ny, kun noe korte turer i Arendalsområdet på tørre dager. Data kopiert fra Sykkelsport nettsiden: Frame FACT 10R, Rider First Engineered™ (RFE), FreeFoil Shape Library tubes, threaded BB, 12x142mm thru-axle, flat-mount disc Fork Future Shock 1.5 w/ Smooth Boot, 12x100mm, thru-axle, flat-mount disc Handlebars Specialized Hover Comp, Alloy, 125mm Drop, 75mm Reach w/Di2 Hole Stem Future Stem, Comp Tape Roubaix S-Wrap SeatPost S-Works Pave Front Brake Shimano Tiagra Disc 4720 Seat Binder Hidden drop clamp Rear Brake Shimano Tiagra Disc 4720 Shift Levers Shimano Tiagra Disc 4720, 10-speed Front DerailleurShimano Tiagra, braze-on Rear Derailleur Shimano Tiagra, 10-speed Cassette Shimano Tiagra, 10-speed, 11-34t Crankset Praxis Alba Chainrings 50/34T Bottom Bracket Praxis 68mm BSA Chain KMC X10, 10-Speed Front Whee lAxis Elite DiscRear Wheel Axis Elite Disc Front Tire Road Sport, 700×32 Saddle Body Geometry Power Sport, steel rails Rear Tire Road Sport, 700×32 Inner Tubes Presta valve, 48mm Vis hele beskrivelsen NB: Knappen for å vise hele beskrivelsen har kun en visuell effekt.","4836 Arendal"
"452721065","https://www.finn.no/recommerce/forsale/item/452721065","2026-03-02T15:26:44.217Z","Canyon Ultimate CF SL 7 AXS Aero","39000","Helt ny - Uåpnet/med lapp","Canyon","Unisex","Landevei","Canyon","Ultimate CF SL 7 AXS Aero","2025","L","","SRAM Rival eTap AXS","true","false","true","Ny Ultimate CF SL 7 AXS Large 8 kg 2025 modell ———————/————————— Pris med original DT Swiss alu hjulsett: 39.000kr Pris med Oquo RP45 Team karbon hjul 49.000kr ———————/————————— Farge: Ash Grey Sram Rival AXS 12s Strøken Oquo RP45 Team karbon hjul fra Orbea Canyon Ultimate CF SL Our latest 5th-generation Ultimate frame. Axle dimension: 12x142 mm Tyre clearance: 33 mm Material: Carbon (CF) Weight: 1,047 g Canyon FK0104 CF Carbon fork optimised for lightness, stiffness, and strength. Axle dimension: 12x100 mm Fork steer tube diameter: 1 1/4"" Tyre clearance: 33 mm Material: Carbon (CF) Weight: 355 g SRAM Rival eTap AXS RD 12s Weight: 328 g SRAM Rival XG-1250, 12-speed, 10-36 Number of sprockets: 12 Range: 10-36 SRAM Rival eTap AXS HRD 12s Number of pistons: 2 Weight: 479 g SRAM Paceline Size: 140 mm Weight: 159 g SRAM Paceline Size: 160 mm Weight: 159 g Canyon CP0018 Aerocockpit Aero design, reinforced carbon walls for added stiffness and improved durability. Material: Carbon (CF) Weight: 195 g Selle Italia Model X Width: 145 mm Gender: Unisex Weight: 310 g Vis hele beskrivelsen NB: Knappen for å vise hele beskrivelsen har kun en visuell effekt.","1859 Slitu"
"424611181","https://www.finn.no/recommerce/forsale/item/424611181","2026-03-02T15:26:45.765Z","Lapierre Sensium 500 Di2 karbon str 58","15000","Pent brukt - I god stand","","Herre","Landevei","Lapierre","Sensium 500 Di2","","58","700c","Shimano Ultegra Di2","true","false","true","Lapierre Sensium 500 Di2 er en landeveissykkel designet for komfort under lange turer. Karbonramme og gaffel med en geometri som reduserer tretthet. Shimano Ultegra Di2-gir for presis girskifting. Komponenter fra merker som FSA, Deda og Selle, supplert med Mavic hjul. Sykkelen selges da den ikke blir brukt. Har aldri vært i velt, blitt godt tatt vare på, og vært inne på service regelmessig. Prøvesykling er selvfølgelig mulig for seriøse interesserte.","5416 Stord"
"448904902","https://www.finn.no/recommerce/forsale/item/448904902","2026-03-02T15:26:47.254Z","Bridgestone Professional m/Shimano Ultegra - kan sendes","7250","Pent brukt - I god stand","","Unisex","Landevei","Bridgestone","Professional","","57cm","700c","Shimano Ultegra 6600","false","false","false","Vintage landeveissykkel fra Japan bygd opp med gode moderne komponenter. Ramme laget av Bridgestone rundt 1980 med legendariske Ishiwata 022-rør - 57cm center-to-center, passer fint til noen på 170-185cm (+/-). Shimano Ultegra 6600 10s gruppesett og helt nye Mavic CXP30 felger med Novatec nav. Nye 28c dekk, men plass til en god del større. Selle Italia Flite Titanium sete. Masse nytt her, bla. styretape, styrelager, hjul, kjede, dekk, slanger, pedaler, bremseklosser, strømper og wire. Resten er i meget god stand og sykkelen fungerer akkurat som den skal. Har også div sykkelskopedaler som kan følge med for den som heller vil ha det. Perfekt til sykkelrulla gjennom vinteren Har pusset opp og solgt snart 50 sykler på Finn de siste årene, og har bygget sykler i over 15 år nå, så alt ligger til rette for en god kjøpsopplevelse.","7030 Trondheim"
"452692922","https://www.finn.no/recommerce/forsale/item/452692922","2026-03-02T15:26:48.814Z","Landeveissykkel ridley x-night karbon","15000","Pent brukt - I god stand","","Unisex","Landevei","Ridley","X-Night","","L","","Shimano Ultegra","true","false","true","Ridley X-Night karbon landeveissykkel str. L – elektronisk gir + Garmin Edge 800 inkludert – meget bra utstyrt Selger en lett og responsiv landeveissykkel fra Ridley i størrelse L. Dette er en kvalitetsykkel med karbonramme og gode komponenter, perfekt til både trening, mosjon og lengre turer. Sykkelen har elektronisk girsystem som gir presise og raske girskift, og gjør syklingen både enklere og mer effektiv. Lader følger med. Rammen er en Ridley X-Night i high-modulus karbon (30-ton / 24-ton HM Carbon), kjent for lav vekt, god komfort og effektiv kraftoverføring. Rammen er også UCI-godkjent, som betyr at den oppfyller krav til konkurransebruk. Sykkelen er utstyrt med Shimano Ultegra krank og Shimano bremser, som er kjent for høy kvalitet og driftssikkerhet. Garmin Edge 800 GPS sykkelcomputer følger med, perfekt for å måle fart, distanse og treningsøkter. Jeg er 178 cm høy, og sykkelen passer meg godt. Størrelse L passer normalt personer ca. 175–185 cm. Spesifikasjoner: • Ridley X-Night karbonramme (HM Carbon) • Størrelse L • Elektronisk gir (lader inkludert) • Shimano Ultegra krank • Shimano bremser • Garmin Edge 800 GPS inkludert • Flaskeholdere inkludert • Klar til bruk Tilstand: Sykkelen er i god teknisk stand og fungerer som den skal. Normal bruksslitasje finnes, men ingenting som påvirker funksjon. Pris: 15 000 kr (kan diskuteres ved rask handel) Ta kontakt ved interesse eller spørsmål. Vis hele beskrivelsen NB: Knappen for å vise hele beskrivelsen har kun en visuell effekt.","4016 Stavanger"
"452683873","https://www.finn.no/recommerce/forsale/item/452683873","2026-03-02T15:26:50.213Z","Merida Reacto 6000 rammesett størrelse M","23000","Som ny - Ikke synlig brukt","Merida","Unisex","Landevei","Merida","Reacto 6000","","M","","","false","false","false","Selger Merida Reacto 6000 rammesett. Alt følger med bortsett fra gruppesett, hjul og wattpedaler. Har girøre for Shimano og Sram. Ramme passer for ca 180cm høye folk. Rammen ser helt ny ut og har ikke blitt brukt ute. - Ramme + gaffel - Sete + setepinne - Styre + stem - Girører (Sram og Shimano kompatiblet) Så hvis du har et gruppesett, enten Shimano eller SRAM, er dette en mulighet for å få bygd opp en rask aerosykkel. Det er også mulighet for å kjøpe med vision sc55 hjulsettet for 8500 ekstra. Jeg har boss for både shimano og xdr/sram. Hjulsettet er ubrukt! Ta kontakt for hyggelig sykkelprat :)","5221 Nesttun"
"399500331","https://www.finn.no/recommerce/forsale/item/399500331","2026-03-02T15:26:51.753Z","Merida Scultura 8000e/Di2, M.","35000","Pent brukt - I god stand","Merida","Unisex","Landevei","Merida","Scultura 8000e","2021","M","700c","Shimano Ultegra Di2","true","false","true","Selger en pent brukt Merida Scultura 8000e. Størrelse M. Passende 163cm-180cm. Flott sykkel som dessverre ikke har fått mange mil på veien. . Stått mest på rulle innendørs siden 2023. Kjøpt oktober 2021 Prima sykkel, med førsteklasses utstyr og teknologi med flere oppgraderinger fra butikk. Oppbevart innendørs på rulle, årlig service. Sist utført service og byttet fordekk, grip tape, kjede og bremseklosser bak. CF4 karbonramme Shimano Ultegra Di2 Oppgradert hjulsett med Reynolds AR 41 på Continental Grand Prix 5000S Zipp FSA styrestem Prologo Scratch M5 Tirox sykkelsete. Se bilder for ytterlig fakta. Ta kontakt for en hyggelig prat. Vis hele beskrivelsen NB: Knappen for å vise hele beskrivelsen har kun en visuell effekt.","1341 Slependen"
"451893626","https://www.finn.no/recommerce/forsale/item/451893626","2026-03-02T15:26:53.420Z","Giant Liv Lagma PRO 0 - SRAM Force AXS eTap","40000","Pent brukt - I god stand","Giant","Dame","Landevei","Giant","Liv Langma Advanced Pro 0","","S","700c","SRAM Force AXS eTap","true","true","true","Lekker og topp utstyrt high-end landevei til dame. En eier, meget godt vedlikeholdt. Sykkelen vet ikke hva våt asfalt er (he he). Liv er Giants dame-range hvor rammegeometri er tilpasset de forskjellene som er mellom kvinner og menn. Sykkelen er strøken. Plass til 32 mm dekk. Tilsvarende ny sykkel koster i dag ca 75.000,- (https://www.liv-cycling.com/se/langma-advanced-pro-0-pc-2025) Ramme, gaffel og felger i karbon. Giant power Halo wattmåler, tubeless-ready, 12-delt SRAM Force AXS eTap(elektroniske gir), og hydrauliske skivebremser.(SRAM Force) Oppdatering av programvare og justering av drivverk og hvordan du vil at gir skal virke, styrer du enkelt via SRAMs egne app. Vinterservice har blitt utført hos PRO-sykler i Sandefjord. Nytt kjede. Du får med et nytt 28 mm Continental 5000 S TR dekk (tilsvarende de som står på). Pedaler er ink. Liv flaskeholdere følger også med. Størrelse S tilsier at den passer bra i forhold til høyde 158 cm - 169 cm, ifølge Giant/Liv. Kona er 167 cm og hun sitter veldig godt på den. Krankarm 170 mm. 48/35 foran - 10-36 bak. Vekt slik den står i dag med pedaler er 8.0 kg blank. Kan ordne forsendelse hvis ønskelig. Mer om ""damestørrelse"": https://www.liv-cycling.com/global/campaigns/liv-design-data/22463 Sykkelen ble kjøpt ny og satt opp hos Olympia Sport i Tønsberg. Denne sykkelen er konas sykkel og selges fordi jeg har kjøpt ny til henne. Selger også min egen TCR PRO 1, se egen annonse. Vis hele beskrivelsen NB: Knappen for å vise hele beskrivelsen har kun en visuell effekt.","3125 Tønsberg"
"451887774","https://www.finn.no/recommerce/forsale/item/451887774","2026-03-02T15:26:54.885Z","Giant TCR PRO 1 - SRAM AXS eTap","40000","Pent brukt - I god stand","Giant","Unisex","Landevei","Giant","TCR Advanced Pro 1 AXS","","M/L","700c","SRAM AXS eTap","true","true","true","En eier og meget godt vedlikeholdt. Sykkelen er strøken og et meget trygt kjøp. Karbon ramme, gaffel og felger. Wattmåler, tubeless-ready, 12-delt elektroniske gir, og hydrauliske skivebremser. Oppdatering av programvare og justering av drivverk og hvordan du vil at gir skal virke, styrer du enkelt via SRAMs egne app. Alle komponenter har siste programvare-oppdatering. Hadde tenkt å ha den videre et par år til så i løpet av vinteren har følgende blitt byttet ut med nytt (kvitteringer foreligger): - Kranksett m/Quarq watt og nye drev - Kassett - Kranklager - Kjede - Nye dekk (28mm Continental 5000 S TR) Ovenstående utskifting og vinterservice har blitt utført hos PRO-sykler i Sandefjord. Tilsvarende sykkel koster i dag ca 63.000,- (https://www.giant-bicycles.com/se/tcr-advanced-pro-1-axs-2025) Størrelse M/L tilsier at den passer bra i forhold til høyde 177 cm - 187 cm, ifølge Giant. Jeg er 184 og den passer meg veldig godt. Vekt 8 kg med pedaler og flaskeholdere. Giant flaskeholdere og shimano pedaler følger med. Jeg kan pakke/emballere den hvis du ønsker den tilsendt. Ønsker da at at du får en du kjenner, som bor i nærheten, til å komme å se på sykkelen først. Slik at den er besiktiget og funnet ok før forsendelse. Sykkelen ble kjøpt ny og satt opp hos Olympia Sport i Tønsberg. Selger også konas rå/lekre Liv Lagma PRO 0 SRAM AXS eTap. Se egen annonse. Vis hele beskrivelsen NB: Knappen for å vise hele beskrivelsen har kun en visuell effekt.","3125 Tønsberg"
"452354738","https://www.finn.no/recommerce/forsale/item/452354738","2026-03-02T15:26:56.324Z","TREK DOMANE/ EMONDA SL7 - BYTTET RAMME 58 (L)","16500","Pent brukt - I god stand","Trek","Herre","Landevei","Trek","Domane/Emonda SL7","","58","","","true","true","false","Strøken TREK Domane/ Emonda SL7 - Ramme størrelse 58 - Helt ny ramme (37.000,-) som er syklet med ca 500km, ny styre tape, nye wire og strømper til gir, bremser foran og bak, nye dekk i 2025 som har rullet 50km, helt ny kjede. Service utført av Sykkelcenteret Randaberg som har justert gir og sjekket sykkel slik at den fremstår strøken. Gir, pedaler og Bontrager karbon felger fra 2018 som total har gått ca 1000km. OBS: Ikke elektrisk giring .- Kan leveres Stord - Bømlo - Haugesund - Stavanger/ omeng, mulig også Hønefoss - Drammen - Oslo (etter avtale). Kan ta terrengsykkel av god kvalitet, el-sykkel som delbetaling.","4025 Stavanger"
"452638946","https://www.finn.no/recommerce/forsale/item/452638946","2026-03-02T15:26:57.707Z","Giant TCR Composite 2 M","25000","Pent brukt - I god stand","Giant","Unisex","Landevei","Giant","TCR Composite 2","","M","","Shimano Ultegra Di2","false","false","true","I svært god og oppgradert stand. Oppgradert med Ultegra Di2. Bracciano Pro Light hjul. Continental 5000 28mm dekk. Ultegra kassett 11-28. Dura Ace krank 52-39. Selle Italia Man sal.. Ny styretape Lizard Skin 4,7mm. Størrelse M. Er selv 1,80 og denne passer meg perfekt. Jevnlig vedlikeholdt og super sykkel.","9475 Borkenes"
"404305933","https://www.finn.no/recommerce/forsale/item/404305933","2026-03-02T15:26:59.199Z","Pinarello vintage/retro landeveissykkel.","20000","Som ny - Ikke synlig brukt","Andre merker","Herre","Landevei","Pinarello","","","","","","false","false","false","Som ny. Må sees. Har ikke syklet på den, kun vært samlet på. Vet ikke mer enn annonsen tilsier.","0678 Oslo"
"452635824","https://www.finn.no/recommerce/forsale/item/452635824","2026-03-02T15:27:00.766Z","Bianchi Infinito XE ultegra","20000","Pent brukt - I god stand","Bianchi","Unisex","Landevei","Bianchi","Infinito XE","","57","","Shimano Ultegra","true","false","false","Selger en pent brukt Bianchi Infinito XE med Shimano Ultegra gruppesett. (11-delt) Jeg selv var en godværs-syklist. Sykkelen har rullet ca 5000km der 1000km er på rulle innendørs. Slitedeler som kassett, drev, kjede og bremseklosser er byttet nylig. Størrelse: 57 Jeg selv er 186cm høy og sykkelen passer meg utmerket. På bildene er det påmontert ZIPP hjulsett og et annet sete og pedaler. Disse følger ikke med. Det kan følge med mot et tillegg i prisen. Girhendler: Shimano Ultegra ST-R8020 hydraulisk Bakgir: Shimano Ultegra RD-R8000 GS Framgir: Shimano Ultegra FD-R8000 Krank: Shimano Ultegra FC-R8000 50/34T Kranklengde (str.57): 172.5 mm Kassett: Shimano Ultegra CS-R8000 11–32T Hjulsett: Fulcrum Racing 918 Disc Stem: Reparto Corse alloy 120 mm Styre: Reparto Corse alloy, flat-top, 420 mm bredde Sykkel får full service før salg. Redigert: Nytt bilde av sykkel av hvordan den selges. Zipp 303s hjulsett: 10000,- gebioMized Area 145 sykkelsete: 1700,- Watt-pedaler: 5000,- (Favero DUO) Vis hele beskrivelsen NB: Knappen for å vise hele beskrivelsen har kun en visuell effekt.","1542 Vestby"
"452634476","https://www.finn.no/recommerce/forsale/item/452634476","2026-03-02T15:27:02.091Z","Scott Foil 10 xs","25000","Som ny - Ikke synlig brukt","Scott","Unisex","Landevei","Scott","Foil 10","2018","XS","","Shimano Ultegra Di2","true","false","true","Dette smykket ble kjøpt på impuls av ung mann ruset på livet..Hun har blitt luftet 2 ganger og regelmessig flytet på i boden. Str XS , tenker den passer fra 160 til 170 cm Ser ikke brukt ut, som ny ! Elgir, karbon ramme , men ikke skivebremser.. Denne er lett og rask . Ultegra Di2 11delt . Sykkel kjøpt vår 2018 .","7033 Trondheim"
"430249450","https://www.finn.no/recommerce/forsale/item/430249450","2026-03-02T15:27:03.575Z","Canyon Ultimate CF SLX F10","9500","Pent brukt - I god stand","Canyon","Herre","Landevei","Canyon","Ultimate CF SLX F10","","54","","Shimano Dura-Ace","true","false","false","Canyon Ultimate CF SLX F10 med felgbrems Selges med Hed Ardennes Plus hjul Shimano Dura-Ace bremseklosser, gir og krank Størrelse 54 Mavic karbonhjul kan leveres med tillegg i pris Link til test https://www.bikeradar.com/reviews/bikes/road-bikes/canyon-ultimate-cf-slx-first-ride-review-review","1638 Gamle Fredrikstad"
"452617613","https://www.finn.no/recommerce/forsale/item/452617613","2026-03-02T15:27:05.029Z","Scott Addict RC 15","30000","Pent brukt - I god stand","Scott","Unisex","Landevei","Scott","Addict RC 15","2020","L","","","true","false","false","Reservert! Scott Addict RC 15 2020 modell selges Size: Large Nyservet Karbon Vekt: 7,6 kg Gått bare ca 400km! Veiledende pris ca 57 000.-","1369 Stabekk"
"452604639","https://www.finn.no/recommerce/forsale/item/452604639","2026-03-02T15:27:06.494Z","Merida Mission Road 400 Gravel","12000","Pent brukt - I god stand","Merida","Herre","Landevei","Merida","Mission Road 400","","M","","Shimano 105","false","false","false","Meget komfortabel Gravel str M, 170-185cm. Grus racer med nye continental Grand Prix 4 season 32mm dekk.Shimano 105 skivebremser og girsystem.Look carbon pedaler for landevei. Kan også selge med ny hjelm, nye sko med størrelse 43 samt div tilbehør som vises på bilde. Sykkelen var på service i September og har kun blitt brukt 2 ganger siden. Selges da den ikke brukes. Må hentes.","7045 Trondheim"
"452599982","https://www.finn.no/recommerce/forsale/item/452599982","2026-03-02T15:27:08.120Z","Orbea orca aero","28000","Pent brukt - I god stand","Orbea","Unisex","Landevei","Orbea","Orca Aero","2019","53","700c","Shimano Ultegra Di2","false","true","true","Orbea landeveissykkel i størrelse 53 fra 2019-2020 med shimano ultegra di2 elektriske gir. Shimano ultegra skivebremser. Den har karbon hjul fra Unaas. Nytt kjede og kasset følger med, nydelig rask aerodynamisk sykkel perfekt til trening og ritt. Sykkelen har blitt godt tatt vare på og vasket etter hver tur. Har noen få bruksmerker. Pedaler følger ikke med.","1394 Nesbru"
"351051619","https://www.finn.no/recommerce/forsale/item/351051619","2026-03-02T15:27:09.574Z","Trek Equinox TTI, landeveisykkel med temporamme, str 54cm","16900","Helt ny - Uåpnet/med lapp","Trek","","Landevei","Trek","Equinox TTI","","54cm","","Shimano Ultegra","false","false","false","Trek Equinox TTI, landeveisykkel med temporamme i alu, og gaffel i carbon, str 54cm. Custombygget i vinter på ramme fra tidlig i 2000-tallet av sykkelmekaniker med 40 års erfaring. Kul ramme med Ultegra, Krank FSA carbon. 20 gir.","4815 Saltrød"
"452563883","https://www.finn.no/recommerce/forsale/item/452563883","2026-03-02T15:27:11.056Z","Specialized Roubaix SL4","19500","Pent brukt - I god stand","Specialized","Herre","Landevei","Specialized","Roubaix SL4","","54","","Shimano Ultegra","true","true","false","Specialized Roubaix SL4 fullkarbon - rammestr. 54 Fantastisk sykkel for langturene med en god balanse mellom aerodynamikk og komfort, takket være Zertz-systemet som absorberer vibrasjoner i karbongaffelen. Hjulene er av typen Mavic Cosmic i carbon med aerodynamiske eiker og bremsebane i aluminium for ekstra pålitelig bremseeffekt. Sykkelen er utstyrt med mekanisk Ultegra gir- og bremsegruppe (2x10), bortsett fra bakgiret som er 105. Dekkene er brukt på ca. 10 korte turer, så her er det mye dekk igjen. Kjede, bremseklosser, styregruppe og vaiere er så og si nytt og brukt ekstremt lite. Sykkelen var nylig på service hos Unaas og har kun blitt brukt på 10 korte turer siden. Med andre ord er denne klar for sesongen! Av utstyr som følger med får du 3 nye slanger til dekkene og flaskeholdere. Pedaler og sko i str. 44 kan også følge med dersom ønskelig. Ikke nøl med å ta kontakt viss du lurer på noe! Vis hele beskrivelsen NB: Knappen for å vise hele beskrivelsen har kun en visuell effekt.","5641 Fusa"
"452543371","https://www.finn.no/recommerce/forsale/item/452543371","2026-03-02T15:27:12.488Z","Carrera Mercurio","6990","Pent brukt - I god stand","","Unisex","Landevei","Carrera","Mercurio","","","","","false","false","false","Pent brukt landeveissykkel fra Carrera selges da den ikke bli brukt. Kun brukt 1 sesong av meg, og vært meget pent passet på av tidligere eier. Stått lagret i varm, tørr kjeller siste 5 årene. Montert SPD klikkpedaler.","7300 Orkanger"
"452553636","https://www.finn.no/recommerce/forsale/item/452553636","2026-03-02T15:27:13.965Z","Jamis Xenith Carbon / Shimano 105 / Mavic Cosmic SLE – Bygd 2025","18500","Som ny - Ikke synlig brukt","","Unisex","Landevei","Jamis","Xenith Carbon","2025","L","700c","Shimano 105","true","false","false","Selger min nøye oppbygde landeveissykkel som ble satt sammen sommeren 2025 av profesjonell mekaniker hos Anton Sport. Dette er en lett, rask og responsiv karbonracer med kvalitetskomponenter og lite bruk. Spesifikasjoner: Ramme: Jamis Xenith Carbon Str L (liten i størrelsen) Passer høyde: ca. 175–187 cm Drivverk: Fullt Shimano 105 – pent brukt Bremser: Shimano 105 Hjul: Mavic Cosmic SLE – brukt, men nylig servet og i topp stand Stem: Justerbart stem for optimal sittestilling Ekstra: Tempobøyler følger med (se bilde 4) Alt av komponenter var nytt ved bygging i 2025 Bruk: Ca. 200 km ute Ca. 900 km inne på rulle Alt er i svært god og lite brukt tilstand Sykkelen oppleves som rask og effektiv, perfekt til trening, lengre kose turer og konkurranser Selges på grunn av ny tempo sykkel Pedaler kan følge med ved rask og smidig handel. Kan sendes mot kjøpers kostnad. Kan og leveres i Skien/Porsgrunn Vis hele beskrivelsen NB: Knappen for å vise hele beskrivelsen har kun en visuell effekt.","0382 Oslo"
"351046891","https://www.finn.no/recommerce/forsale/item/351046891","2026-03-02T15:27:15.407Z","Team Miyata, veteransykkel, str 60","12000","Helt ny - Uåpnet/med lapp","","","Landevei","Miyata","Team Miyata","","60","700c","Suntour Superbe","false","false","false","Team Miyata veteransykkel str 60. Pent brukt. Denne modellen ble blant annet brukt av 3 norske utøvere i VM i Utsunomiya,Japan i 1990. Alle slitedeler er som nye. Ramme: splineTriplebuttered i stål. Pariserdekk. Utstyr Suntour Superbe. Har hatt denne sykkelen i en privat samling. Selges høystbydende over kr 12000","4815 Saltrød"
"452368456","https://www.finn.no/recommerce/forsale/item/452368456","2026-03-02T15:27:16.841Z","Scott Addict RC (Large) med Hunt karbonhjulsett til salgs!","30000","Pent brukt - I god stand","Scott","Unisex","Landevei","Scott","Addict RC 20","2021","Large","700c","SRAM Force eTap AXS","true","true","true","Selger denne sykkelen, Scott Addict RC 20 fra 2021. Pent brukt og jevnlig vedlikeholdt. Aldri krasjet eller veltet. Klar til ny sesong – ingen kjente feil. Selger fordi jeg har gått over til en annen sykkel. Beskrivelse ifra Bikeshop: Når det å gomle høydemeter er viktigere for deg enn å være raskest på flatene så burde Scott sin Addict RC stå hoyt på ønskelista. Denne Racing Concept rammen er mer aggressiv enn den vanlige Addict rammen som er mer en allround endurance sykkel laget for langturer. Med Addict RC utgaven får du en ramme og sykkel laget for å gi deg det lille ekstra fra kuperte til bratte loyper. Med en av markedets letteste rammer tilgjengelig for folk flest så gir Addict RC deg en motivasjonsboost når stigningsprosenten øker. Scott Addict RC 20 er laget med en lett karbonramme med fullstendig integrerte kabler. Denne sykkelen er blant annet utstyrt med elektroniske Force eTap AXS gir fra SRAM, hydrauliske skivebremser og Syncros komponenter. Addict RC 20 er både lett og rask og laget for å kunne få deg raskest til toppen av en hver bakke samtidig som den er et nydelig blikkfang. Best i test hos Landevei: https://www.landevei.no/landeveissykkel/scott-addict-rc-20-test Egenskaper: • Addict RC Disc HMX Carbon ramme som er både lett og rask • Addict RC HMX Carbon gaffel er stiv og responsiv • SRAM FORCE eTap AXS 24 Speed girsystem gir sømløse girskift Spesifikasjoner: • Ramme: Addict RC Disc HMX / Road Race geometry / Replaceable Derailleur Hanger / Internal cable routing • Gaffel: Addict RC HMX Flatmount Disc / 1 1/4""-1 1/2"" Eccentric Carbon steerer • Styrelager: Syncros Addict RC Integrated • Stem: Syncros RR iC / 1 1/4"" • Styre: Syncros Creston iC 2.0 Compact / Alloy • Sete: Syncros Belcarra Regular 2.0 • Setepinne: Syncros Duncan 1.0 Aero • Hjulsett/felger: Syncros RP2.0 Disc / 28 Front / 28 Rear / Syncros thru-axle plug-in • Nav/aksling - Foran: 12x100 mm TA • Nav/aksling - Bak: 12x142 mm TA • Dekk: Schwalbe ONE Race-Guard Fold / 700x28C • Bremser: SRAM FORCE eTap AXS HRD Shift-Brake System / Flatmount / SRAM Centerline XR rotor 160/F and 160/R • Kranksett: SRAM FORCE Crankset / 48/35 T • Kranklager: SRAM DUB PF ROAD 86.5 • Framgir: SRAM FORCE eTap AXS Electronic Shift System • Bakgir: SRAM FORCE eTap AXS / 24 Speed Electronic Shift System • Girskiftere: SRAM FORCE eTap AXS HRD S Brake System • Kassett: SRAM FORCE XG1270 / 10-33 • Kjede: SRAM FORCE • Vekt: Ca 7,95 kg HUNT 44 UD Carbon Spoke Disc Wheelset, kjøpt i 2023 1352 g Dybde 44mm Bredde 20-29 mm Størrelse 700c Les mer om hjulsettet her: https://road.cc/content/review/hunt-4446-aerodynamicist-ud-carbon-spoke-disc-wheelset-315495 Jeg har også beholdt det originale hjulsettet ifra Syncros, dette følger med. Obs, pedaler følger ikke med, heller ikke seteveske, Garmin varia og computer, og flasker som på bildet. Bare ta kontakt ved spørsmål! Vis hele beskrivelsen NB: Knappen for å vise hele beskrivelsen har kun en visuell effekt.","2214 Kongsvinger"
"452548168","https://www.finn.no/recommerce/forsale/item/452548168","2026-03-02T15:27:18.313Z","Merida Scultura 8000 - Ultegra Di2 - 54 - Wattmåler","33000","Pent brukt - I god stand","Merida","Unisex","Landevei","Merida","Scultura 8000","2024","54.5cm","700c","Shimano Ultegra Di2","true","true","true","Selger en velholdt Merida Scultura 8000 med Shimano Ultegra Di2. Dette er samme ramme som World Tour-laget Team Bahrain Victorious brukte som klatresykkel frem til og med 2025-sesongen. Størrelse: 54,5 cm (tilsvarer M i de fleste merker). Jeg er 180 cm og sitter komfortabelt på sykkelen. Den vil normalt passe ryttere ca. 170–180 cm (+/– avhengig av preferanser og proporsjoner). Sykkelen ble kjøpt ny våren 2024 og er pent brukt, med kun noen små kosmetiske merker på venstre girhendel og bakre hjulfeste (avbildet). Ingen strukturelle skader. Hjulene er satt opp tubeless med Continental GP 5000 AS TR 28 mm. Oppgradert med Magene P505 wattkrank med 172,5 mm krankarmer. Dette er en oppladbar wattkrank som tester like nøyaktig som de mer etablerte merkene, ifølge blant annet GPLama.com. Original Shimano Ultegra-krank (175 mm) medfølger også. Spesifikasjoner Ramme og gaffel Ramme: SCULTURA CF3 V, karbon Akselstandard: 100x12 / 142x12 mm Pressfit 86,5 (BB86/BB92, 86 mm) Maks dekkbredde: 700x30C Gaffel: SCULTURA CF3 Disc, karbon (700x30C max) Styrelager: FSA ACR Setepinne: MERIDA TEAM SL Carbon, 27,2 mm, 15 mm setback (S-Flex) Styre: MERIDA EXPERT SL aluminium (420 mm på M) Sadel: Prologo Scratch M5 Drivverk (Shimano Ultegra Di2 – 12-delt) Bakgir: Shimano Ultegra Di2 Framgir: Shimano Ultegra Di2 Gir-/bremsehendler: Shimano Ultegra Di2 Disc Kassett: Shimano CS-R8100, 11–30T Kjede: Shimano CN-M6100-12 Krank: Shimano Ultegra 52–36T (original 175 mm medfølger) Bremser Shimano Ultegra hydrauliske skivebremser Bremseskiver: Shimano MT800, 160 mm Hjulsett Felger: Reynolds AR 41 DB Karbon, 41 mm profil 21 mm indre bredde 100x12 / 142x12 mm nav Centerlock Tubeless-oppsett Dekk: Continental Grand Prix 5000 AS TR 28 mm Dette er en lett, stiv og komfortabel allround-sykkel som klatrer svært godt, men som også er rask på flatene takket være 41 mm karbonhjul og samme geometri som på aero-rammen Reacto. Perfekt for ritt, lange turer eller trening. Selges uten pedaler. Vis hele beskrivelsen NB: Knappen for å vise hele beskrivelsen har kun en visuell effekt.","0165 Oslo"
"375684191","https://www.finn.no/recommerce/forsale/item/375684191","2026-03-02T15:27:19.730Z","Fantastisk racing sykkel med høy toppfart","9900","Pent brukt - I god stand","Andre merker","Unisex","Landevei","","","","","","Shimano 600","false","false","false","Selger pga. flytting min elskede og vakkre sykkel 🚲 Original fra Tyskland (Baden-Württemberg) 🇩🇪 direkte fra forrige eier (brukt til trening og triatlon) Påkostet og i 100% original tilstand, helt fra 80-tallet Ment til å sykle på landevei, asfalt og gode veier Ellers perfekt som utstillingsobjekt, pynt eller som dekorasjon i stuen eller restauranten som racer Om selve sykkelen: - Shimano 600/515 med giring i midten - Shimano gummibremser bak og foran, alt fra Japan 🇯🇵 - Weinmann felger fra Belgia 🇧🇪 - Original dekk fra Thai land 🇹🇭 - Veldig lite flash rust/corrosion på metallet her og der - Bruksmerker og mindre kosmetiske skader Prøvekjøring kan avtales, riktig god tur 🚲🏞 Vis hele beskrivelsen NB: Knappen for å vise hele beskrivelsen har kun en visuell effekt.","0198 Oslo"
"414643306","https://www.finn.no/recommerce/forsale/item/414643306","2026-03-02T15:27:21.097Z","Miyata","8000","Som ny - Ikke synlig brukt","","","Landevei","Miyata","","","","","","false","false","false","Miyata. Meget lite brukt. Brukt en sesong og stått lagret tørt siden 1990. Originale deler.","7046 Trondheim"
"452497872","https://www.finn.no/recommerce/forsale/item/452497872","2026-03-02T15:27:22.489Z","Aeroad CF SLX 7 Di2","51000","Pent brukt - I god stand","Canyon","Unisex","Landevei","Canyon","Aeroad CF SLX 7 Di2","","M","","Shimano 105 Di2","true","false","true","Jeg selger min 1 år gamle Aeroad CF SLX 7 Di2 105. Den er pent brukt, aldri vært i velt eller falt i bakken. Den er godt vedlikeholdt. Str:M Kommer med wattmåler på venstre side. Aeroflaskeholdere. Jeg har byttet til 130mm stem, og per nå er den på 38 mm bredde på styret. Flere bilder kommer:) Følg lenken for specs: https://www.canyon.com/no-no/outlet-bikes/road-bikes/aeroad-cf-slx-7-di2/3963.html?dwvar_3963_pv_rahmenfarbe=R107_P02&dwvar_3963_pv_rahmengroesse=M","5177 Bjørøyhamn"
"452344687","https://www.finn.no/recommerce/forsale/item/452344687","2026-03-02T15:27:24.002Z","Jamis Ventura Race","7000","Pent brukt - I god stand","","Unisex","Landevei","Jamis","Ventura Race","","56","","","false","false","false","Landeveisykkel i god stand selges,veldig lite brukt. Har stått ubrukt siste årene,alltid lagret innendørs. Størrelse på ramme er 56.","6230 Sykkylven"
"452488901","https://www.finn.no/recommerce/forsale/item/452488901","2026-03-02T15:27:25.413Z","Nakamura landeveissykkel 53cm full karbon herre","7500","Godt brukt - Synlig brukt","","Herre","Landevei","Nakamura","","","53cm","","","true","false","false","Selger en Nakamura landveissykkel i fullkarbon, størrelse 53 cm (passer for voksen). Sykkelen har nypris på 50 000 kr, veier ca. 7,2 kg og er laget for landeveiskjøring. Tilstand: • Godt brukt, med slitasje på felger og håndtak • Har stått oppbevart opphengt i lukket garasje de siste 6 årene • Alder gjør at den ikke er som ny, men fortsatt fantastisk god sykkel Perfekt for deg som ønsker en lett sykkel til trening eller turer, uten å betale full pris for en ny modell. Spesifikasjoner: • Fullkarbon ramme • 7,2 kg lettvekt • Str. 53 cm Pris kan diskuteres ved rask handel. Ta kontakt for bilder eller mer info Vis hele beskrivelsen NB: Knappen for å vise hele beskrivelsen har kun en visuell effekt.","2016 Frogner"
"452466255","https://www.finn.no/recommerce/forsale/item/452466255","2026-03-02T15:27:26.935Z","Merida Scultura 9000E","19000","Pent brukt - I god stand","Merida","Unisex","Landevei","Merida","Scultura 9000E","","S/M","","SRAM Red","true","true","true","Selger en meget pen og velholdt Merida Scultura 9000E. Fullcarbon ramme og gaffel. Rammestørrelse S/M passer personer mellom 163-176cm. Komplett SRAM Red elektronisk girgruppe Sram RED bremser Sram RED krank og drivverk. Fulcrum Carbonhjul Continental Grand Prix 25 dekk Meget lett sykkel, kun 6,76kg uten pedaler. En av de letteste serieproduserte sykler som finnes.","1553 Son"
"431899048","https://www.finn.no/recommerce/forsale/item/431899048","2026-03-02T15:27:28.583Z","Helt RÅ!! Giant TCR Advanced SL 0, Dura Ace Di2, kun 6,5","26000","Pent brukt - I god stand","","","Landevei","Giant","TCR Advanced SL 0","2017","M","700c","Shimano Dura Ace Di2","true","true","true","Toppmodell fra Giant! - Giant TCR Advanced SL 0 Road Bike 2017 ""This is the lightest road frameset ever produced by Giant and it boasts the highest stiffness-to-weight ratio of any road bike on the market. The new Variant integrated seatpost delivers an improved ride quality for more comfort on the longest, hardest rides and the Advanced SL-grade composite frame makes the most of its proven Compact Road Design."" Vil du ha en sykkel fra øverste hylle til en hyggelig pris? Da kan du slutte å lete.... Dette er en helt RÅ og superlett sykkel med Shimano Dura Ace Di2 elektriske gir, Dura Ace bremser, Dura Ace krank, og Dura Ace karbonhjul, som kun veier 6,5kg!! (inkl 2 flaskeholdere og pedaler). Superrask og responsiv, forserer bakker som få andre sykler. Også utstyrt med Giant RideSense - sensor som måler hastighet og kadens (ANT+/BlueTooth kompatibel - kan kobles opp mot de fleste sykkelcomputere fra Garmin, Wahoo, Polar, etc) Sykling er ekstra gøy med ordentlig utstyr! Sykkelen er str M - er satt brukt av en på 178cm. Seteklemmen lar deg justere setet opp/ned noen cm, alternativt kan setepinne kappes for å tilpasse lavere høyde Sykkelen er hovedsakelig brukt som trenings-/tursykkel (kun brukt i ett ritt), og er i meget god stand. Har nettopp vært å service; - Nytt stort Dura Ace krankdrev foran - alt er sjekket og smurt - ny styretape satt på - nye bremseklosser for karbonhjul satt på Kan ellers nevne at kassett og kjede ble byttet ifjor (bør holde flere hundre mil), byttet også til et lettere og svært komfortabelt sete sommer-24 Som bildene viser så fremstår sykkelen som helt strøken (bortsett fra noen mindre kosmetiske småmerker), Rammen er hel og fin uten skader, sykkelen har aldri vært i velt og vært nøye vedlikeholdt. Alt ligger til rette for at den skal gi massevis av sykkelglede for ny eier:-) Veil pris for sykkelen ca kr 110-120 000,- Selges for svært hyggelige kr. 26000,-(som avbildet men uten Look pedalene) 2 stk karbon flaskeholdere og lader til Di2 er inkludert i prisen. Look pedalene på bildene følger som nevnt ikke med, men kan inkludere et sett med Shimano landeveispedaler jeg har liggende. Henting av sykkelen foretrekkes, men om nødvendig kan jeg skaffe til veie en sykkeleske og sende den på kjøpers regning. NB! Ved rask handel til annonsert pris inkluderer jeg også et ekstra Mavic Ksyrium Elite alu hjulsett som bonus, dog med forbehold. Disse blir lagt ut på egen annonse og tar derfor forbehold om de ikke blir solgt separat. Så det gjelder å være raskt ute:-) Les mer om sykkelen her: https://99spokes.com/en-EU/bikes/giant/2017/tcr-advanced-sl-0-da-di2 Specs: Frame: Advanced SL-Grade Composite, Integrated Seatpost, Electronic Ready Frame size: M ( Forks: Advanced SL-Grade Composite, Full-Composite OverDrive 2 Steerer Color: Black/Grey/Blue Stem: Giant Contact SLR Carbon Handlebars: Giant Contact SLR Carbon Rear Derailleur: Shimano Dura Ace Di2 Front Derailleur: Shimano Dura Ace Di2 Shifters: Shimano Dura Ace Di2 Brakes: Shimano Dura Ace Crankset: Shimano Dura Ace 53/36T Cassette: Shimano Dura Ace 11-28t Saddle: Carbon Wheelset: Dura Ace C35 Carbon tubular Tyres: Vittoria Competition Rally Kevlar 3D compund700x23c Pedals: Not Included Vis hele beskrivelsen NB: Knappen for å vise hele beskrivelsen har kun en visuell effekt.","0751 Oslo"
"354809874","https://www.finn.no/recommerce/forsale/item/354809874","2026-03-02T15:27:30.181Z","Colnago Super Profil","19000","","","","Landevei","Colnago","Super Profil","1984","50cm","","Campagnolo Record","false","false","false","With a heavy heart I have decided to sell my vintage Colnago Super Profil in Saronni red from around 1984. There are some small scratches but nothing major and no rust. For the last couple of years she has been stored downstairs in the garage and therefore deserves a better home. I have had her for about 15 years and has been well maintained. NB: When the bike went in for a service to have the BB replaced the numpties replaced the Campagnolo ITA thread with a BB that has a BSA thread. This was only brought to my attention recently. This will make no difference to the performance of the bike. According to Sheldon Brown or Greg Zinn the threads are interchangeable as long as you do not do it too often. It can also be re-threaded with the correct tool. Pantographed shifters, seat stem and chainring. Vintage Campagnolo Record front & rear derailleur. Mavic Gl 33 tubular rims on Campanolo Record hubs. Regina cassette (13-24) Regina chain. Cinelli Giro d'Italia bars (40cm wide). Campagnolo Record headset. New Campagnolo brake hoods. New bottom bracket (sorry, not campag). Lugged construction with classic Colnago crimped tubes. Brooks saddle and handlebar tape (i also have the Selle Italia Turbo saddle with a small tear i will include in the sale). Campagnolo road pedals. Seat tube c-t 50cm Top tube c - 51cm Standover height 76cm. Vis hele beskrivelsen NB: Knappen for å vise hele beskrivelsen har kun en visuell effekt.","0571 Oslo"
"443113482","https://www.finn.no/recommerce/forsale/item/443113482","2026-03-02T15:27:31.566Z","Meget pen italiensk banesykkel: Wilier Pista, str. S/M (ca 52/54) Miche hjulsett","6500","Som ny - Ikke synlig brukt","","","Landevei","Wilier","Pista","","S/M (ca 52/54)","","","false","false","false","Meget pen italiensk banesykkel: Wilier Pista, str. S/M (ca 52/54) Miche hjulsett Meget pen og ikke mye brukt, Bane sykkel. Fungerer helt som den skal. Italiensk utstyr ---> Miche advanced krank og Miche Pistard WR hjulsett. Miche krank, Supra sem/styre, Selle Italia sete. Lettvekt alu banesykkel, karbon gaffel. Muligheter for bremsmontering fremme hvis du tenker å bruke den i byen eller til pubben. Ca. 8 kg med gjennomsnittlig hjulsett Pista, single speed, track bike. fixie. velodrome Kan sendes, eller leveres div. steder i Norge","6433 Hustad"
"452450086","https://www.finn.no/recommerce/forsale/item/452450086","2026-03-02T15:27:33.112Z","Hard rock equilibrium","5900","Godt brukt - Synlig brukt","","Unisex","Landevei","Specialized","Hard Rock Equilibrium","","54 (M)","","","false","false","false","Hard rock sykle i størrelse 54 (M) selges. Er godt brukt men funker som den skal. Er tatt service på juli 25 og nytt sete. Ta kontakt for mer info på 95487870. Kan leveres innenfor en viss rekkevidde da jeg er mye på reisejobb.","4900 Tvedestrand"
"452444424","https://www.finn.no/recommerce/forsale/item/452444424","2026-03-02T15:27:34.626Z","Hard Rocx Road Race 3 – Full Dura-Ace & Ritchey Carbon","9900","Pent brukt - I god stand","","","Landevei","Hard Rocx","Road Race 3","","M","","Shimano Dura-Ace","false","false","false","Hard Rocx Road Race landeveissykkel i størrelse M selges. Meget pen sykkel som knapt er brukt ute. Har stått lagret innendørs og har vært brukt på rulle innendørs. Fremstår som svært godt vedlikeholdt og i meget god stand. Utstyrt med Shimano Dura-Ace krank og bakgir – toppserien til Shimano. Presise og lette komponenter. Ritchey WCS styre og setepinne samt Ritchey carbon-gaffel. Dette er en lett, rask og klassisk landeveissykkel som passer både til trening, ritt og lange turer. ‐-------------------------------------------------- Tacx Satori sykkelrulle kan følge med for 500kr","7027 Trondheim"
"452432100","https://www.finn.no/recommerce/forsale/item/452432100","2026-03-02T15:27:36.279Z","Cannondale caad13 Ultegra, kun 8,2kg","19000","Pent brukt - I god stand","Cannondale","Unisex","Landevei","Cannondale","CAAD13 Ultegra","","56","700c","Shimano Ultegra","false","false","false","Caad13 ultegra med felgbremser i svært god stand. Ny gaffel og setepinne + full service høsten 2025. Fremstår i svært god stand. Svært lett og rask landeveissykkel for pengene. Se bildet for alle specs. Strl: 56 (L) Ta kontakt dersom du har spørsmål!","0871 Oslo"
"450601047","https://www.finn.no/recommerce/forsale/item/450601047","2026-03-02T15:27:37.680Z","Gravelsykkel Ns Bikes RAG+ 2","20000","Som ny - Ikke synlig brukt","","Herre","Landevei","NS Bikes","RAG+ 2","","XL","","","false","false","false","Størrelse XL Jeg brukte den to ganger, men så måtte jeg dessverre operere kneet, så jeg selger den. En ny koster 26 810. Prisen kan diskuteres. https://birk.no/no/articles/1.385.366468/gravelsykkel-ns-bikes-rag-2-hydro-raw?gad_source=1&gad_campaignid=21703436865&gbraid=0AAAAADKN85r0ozviDgVC01UamQERVSVCK&gclid=CjwKCAiAkvDMBhBMEiwAnUA9BdKvA8OahKIji5oRrHGxlGRMv7gJoah63quDWQRyAtIX5jjfD9Y-VhoCfxoQAvD_BwE","3275 Svarstad"
"416342122","https://www.finn.no/recommerce/forsale/item/416342122","2026-03-02T15:27:39.995Z","Fuji fc440 2.3 Altamira","6800","Pent brukt - I god stand","Andre merker","","Landevei","Fuji","Altamira 2.3 FC440","","53cm","","","true","false","false","Svært lite brukt landeveissykkel i full Carbon selges. Kostet 20k ny. 53cm rammestørrelse. Det medfølger computer og polar bluetooth sender til klokke.","2820 Nordre Toten"
"405620203","https://www.finn.no/recommerce/forsale/item/405620203","2026-03-02T15:27:42.878Z","Everest Tiagra Road Racer","6000","Godt brukt - Synlig brukt","Andre merker","Unisex","Landevei","Everest","Tiagra Road Racer","","61cm","","Shimano 105","false","false","false","Everest Tiagra Road Racer sykkel selges. Shimano 105 gir system! - Nye felger(med nye lager). - Ny bakgir. - Skjermene er ettermontert (geniale skjermer som holder alt vannet vekke fra rytteren) Rammen er 61cm og passer ca 180-190 cm høye personer 👍 Alt fungerer! Selges pga overgang til elsykkel","5108 Hordvik"
"443029050","https://www.finn.no/recommerce/forsale/item/443029050","2026-03-02T15:27:44.664Z","Cannondale","8500","Som ny - Ikke synlig brukt","Cannondale","Unisex","Landevei","Cannondale","CAAD Optimo 4","2025","54","","Shimano Claris","false","false","false","Selges da jeg har byttet til grussykkel Tilbehør som sykkelveske og flaskeholder følger ikke med. Cannondale caad optimo 4 2025 model. Kjøpt i sommer 2025 Gir 2x8 shimano Claris rask og finn sykkel. Samme geometri som legendariske caad 13. Størrelse 54 m","1533 Moss"
"452023913","https://www.finn.no/recommerce/forsale/item/452023913","2026-03-02T15:27:46.266Z","Argon 18 Gallium Sram Red/Force","32500","Pent brukt - I god stand","","Unisex","Landevei","Argon 18","Gallium","2023","48","","SRAM Red/Force","false","false","false","Årsmodell: 2023 Str: 48 (162-172) Fremgir: Sram RED Bakgir: Sram Force (Nytt 2025) Hele drivverk skiftet, bakhjul nytt. Ikke syklet på etter service. Send gjerne melding ved interesse :)","4041 Hafrsfjord"
"427762040","https://www.finn.no/recommerce/forsale/item/427762040","2026-03-02T15:27:47.821Z","Dare MA AFO str S med 105 Di2","29000","Pent brukt - I god stand","","","Landevei","Dare","MA AFO","","S","","Shimano 105 Di2","false","false","true","Pant brukt Dare MA AFO med 12-delt 105 Di2 elektrisk gir 165mm krank DT Swiss hjulsett","0495 Oslo"
"452339194","https://www.finn.no/recommerce/forsale/item/452339194","2026-03-02T15:27:49.463Z","Bmc teammachine slr01","9999","Godt brukt - Synlig brukt","","Unisex","Landevei","BMC","Teammachine SLR01","","","","","true","false","false","Selges grunnet lite bruk, den er pent bukt og godt vedlikeholdt, slangefrie dekk. Følger med 2 dekk som sett på bildet, bakdekket som er på sykkelen er bare et jeg har liggende for å bruke på rulle. Ny: 50 000-90 000","2040 Kløfta"
"431377970","https://www.finn.no/recommerce/forsale/item/431377970","2026-03-02T15:27:50.939Z","Full carbon Trek Emonda S5 56 cm (medium)","11000","Pent brukt - I god stand","Trek","Herre","Landevei","Trek","Emonda S5","2015","56cm","700c","Shimano 105","true","false","false","Selger en Trek Émonda S5, 2015-modell, med karbonramme og Shimano 105 11-delt girsystem. Perfekt sykkel for både trening og turritt. Den har blitt brukt til trening, pendling og turritt og har vært meget fornøyd. Selges da den ikke har vært brukt de siste par årene. Spesifikasjoner: • Ramme: Trek OCLV 300 karbon • Girgruppe: Shimano 105, 11-delt • Hjulsett: Bontrager aluminiumsfelger • Vekt: ca. 8,2 kg • Størrelse: 56 (173 - 182 cm) Tilstand: • Noen kosmetiske merker • Har hatt et stillestående velt som ga et lite hakk i styret – kun kosmetisk, men styreteip bør byttes • Hører en lyd fra baknavet ved spinning – så den kan trenge smøring. • Drivverk og bremser fungerer som de skal Tidligere fulgt opp med regelmessig service. Lite brukt de siste årene. Selges som den står. Anbefaler kjøper å ta en service for å sikre at alt er justert optimalt før neste sesong. Må gjerne komme å prøve. Søkeord: karbonsykkel, karbon, carbon, landeveisykkel, landeveissykkel, landevei sykkel, Vis hele beskrivelsen NB: Knappen for å vise hele beskrivelsen har kun en visuell effekt.","0454 Oslo"
"452336080","https://www.finn.no/recommerce/forsale/item/452336080","2026-03-02T15:27:52.329Z","Biancho Carbon 928","7500","Som ny - Ikke synlig brukt","Bianchi","Dame","Landevei","Bianchi","Carbon 928","","","","","true","false","false","Denne sykkelen fremstår som ny. Den har vært brukt få ganger, og vasket etterpå. Den passer fint meg som er 1 67 cm høy. Nypris var 23000kr, og servicer er nylig tatt. Ta kontakt ved spørsmål.","2670 Otta"
"106654871","https://www.finn.no/recommerce/forsale/item/106654871","2026-03-02T15:27:54.029Z","Trek 5500 med full Dura-ace gruppe,56cm","10000","Pent brukt - I god stand","Trek","Unisex","Landevei","Trek","5500 OCLV Carbon","1998","56cm","700c","Shimano Dura-Ace","true","false","false","Trek 5500 OCLV carbon series fra 1998(tror jeg) luftes for salg. 56cm fullkarbon ramme. Dette smykket av en sykkel har de siste 10årene vært i mitt eie, og da bare blitt brukt inne på rulle. Sykkelen er i meget god stand og alt fungerer som det skal. Alt er i dura-ace bortsett fra treningshjulene som har Shimano 600 nav(tilsvarer ultegra). 9-delt dura-ace gir bak. Dette er et samleobjekt og er tilsvarende sykkel Lance Armstrong brukte da han herjet i Le Tour de France. Ser utrolig tøff ut i riktig lys da man virkelig ser carbon-flakene under klarlakken. Disse rammene har livstidsgaranti. Bildene taler for seg selv. Nypris antas å være ca 40000kr. Ring gjerne for mer info Tlf 90079098","1903 Gan"
"452318064","https://www.finn.no/recommerce/forsale/item/452318064","2026-03-02T15:27:55.492Z","Trek Madone 3.1 landeveissykkel 51 cm","10000","Pent brukt - I god stand","Trek","Unisex","Landevei","Trek","Madone 3.1","2012","51cm","700c","","true","false","false","Trek Madone 3.1 for dame, ca 2012 modell med karbonramme og felgbrems. Hatt den stående i en innendørs bod i altfor mange år og er så og si ubrukt, da landeveissykling ikke passet helt for meg. Passer for personer på 155-168 cm høy Vekt ca 8 kilo. Bremser og giring fungerer optimalt Selges uten pedaler. Sykkelen er godt ivaretatt og aldri krasjet og er ellers uten merker. Et godt kjøp :)","1168 Oslo"
"406973677","https://www.finn.no/recommerce/forsale/item/406973677","2026-03-02T15:27:56.977Z","Merida Scultura 2024","44000","Som ny - Ikke synlig brukt","Merida","Unisex","Landevei","Merida","Scultura CF3","2024","","700c","Shimano Dura-Ace","true","true","false","Lett (7,4) og rask karbonlandeveissykkelramme i smal passer meg på 180 cm utmerket. Merida Scultura CF3 i topp stand – en perfekt balanse mellom komfort og ytelse. Denne sykkelen kombinerer en lett karbonramme med en presis Shimano Dura-Ace-girgruppe og slangeløst/tubeless-hjulsett for en effektiv, smidig og rask opplevelse på landeveien. Høydepunkter: Dura-Ace gir- og bremsekomponenter for super presis skifting og pålitelig bremsekraft. Zipp 303s felger,ner klar for tubless, med Continental 5000 30 mm dekk. ruller lett, ideelt for både flate og kuperte etapper. Integrert karbonstyre (380x110 mm) med fester for computer Bryton, Garmin, Wahoo, og lykt – for enkel montering av tilbehør. Ramme utviklet med fokus på smidighet og komfort, som absorberer små slag og hjelper deg å holde formen gjennom lange turer. Jeg sender raskt og trygt. Vis hele beskrivelsen NB: Knappen for å vise hele beskrivelsen har kun en visuell effekt.","7059 Jakobsli"
"428447125","https://www.finn.no/recommerce/forsale/item/428447125","2026-03-02T15:27:58.437Z","Dare Va-AFO","55000","Pent brukt - I god stand","","","Landevei","Dare","Va-AFO","","L/56","700c","Shimano Dura-Ace/Ultegra","true","true","false","Rammestørrelse L/56, Shimano Dura-Ace/Ultegra, 12 delt , 54/40, 172,5 mm 34/11 Dt Swiss ARC 1400 Tubeless Dette er en rittsykkel brukt i inn og utland, noen bruksmerker. Selger ikke kranken på bildet, detaljer kan fås ved interesse.","3123 Tønsberg"
"422617590","https://www.finn.no/recommerce/forsale/item/422617590","2026-03-02T15:27:59.914Z","Giant SCR racercross / landevei – 2022","6500","Pent brukt - I god stand","Giant","Unisex","Landevei","Giant","SCR","2022","M","700c","","false","false","false","Pent brukt række- / fitnesssykkel fra Giant, modell SCR med ALUXX-Grade aluminiumramme. Kompakt geometri med sloping toptube (Compact Road), D-Fuse setepinne for behagelig demping, og OverDrive styrelager for presis styring. • Ramme: ALUXX-Grade Aluminium (6061), str. M (ca.) • Girsystem: Shimano Claris eller Sora (avhengig av variant) • Bremser: Tektro TK-B177 caliper • Dekk: Giant S-R4 700×25 • Tilbehør: Integrerte fester for skjermer/rack • Meget komfortabel og allsidig for både trening og pendling","1526 Moss"
"423963419","https://www.finn.no/recommerce/forsale/item/423963419","2026-03-02T15:28:01.428Z","Canyon Ultimate","40000","Pent brukt - I god stand","Canyon","Unisex","Landevei","Canyon","Ultimate SL 7 AXS","2025","XS","700c","SRAM Rival AXS","false","true","true","Selger min svært pent brukte Canyon Ultimate SL 7 AXS i størrelse XS. Sykkelen ble kjøpt i starten 2025 men har ikke blitt brukt like mye som tiltenkt grunnet mye sykdom. Sykkelen er i meget god stand og føles nesten ut som ny da den har blitt tatt veldig godt vare på og kun brukt i finvær, samt blitt vasket etter nesten hver tur. Selger pga. overgang til gravelsykkel. Sykkelen er utstyrt med trådløse Sram Rival AXS gruppe som gir plettfri giring og sammen med 10-36 kassetten gir den en veldig bred rekkevidde på gir, noe som gjør det lettere å tråkke høyere kadens i bratte stigninger. Som Canyon sykler er kjent for så er det mulighet å justere både bredden på styret og stack-høyden uten stress og nødvendigheter for å kutte, kappe eller kjøp av nye deler. Veilpris med aluminiumshjul: 42 499,- Det har blitt gjort noen oppgraderinger på sykkelen som: Karbonhjul Zipp 303s: ca 13000kr Continental GP5000 30mm satt opp tubeless: 1400kr Sykkelen selges med seteklemme for både metall rails og karbon rails. Pedaler og flaskeholdere kan også følge med. Bare å ta kontakt ved evt. spørsmål eller andre henvendelser. Vis hele beskrivelsen NB: Knappen for å vise hele beskrivelsen har kun en visuell effekt.","7011 Trondheim"
"452296052","https://www.finn.no/recommerce/forsale/item/452296052","2026-03-02T15:28:02.911Z","Canyon Endurace CF SL","9500","Pent brukt - I god stand","Canyon","Unisex","Landevei","Canyon","Endurace CF SL 8","2018","S","700c","Shimano Ultegra","true","false","false","Canyon Endurace CF SL 8 (2018) størrelse S selges grunnet rytter har vokst ut av sykkelen. Sykkelen har 11-delt Shimano Ultegra gir og Shimano Ultegra felgbrems. Shimano RS330 hjulsett kun kjørt én sesong sammen med Pirelli P Zero Race 28mm dekk. Eikene på hjulene bladed aero spokes. Nytt februar 2026: Styrelager - øvre og nedre Girvaier og strømpe bak Bremsevaier og strømpe bak Bremseklosser fremme og bak Kjede Styreteip Miche juniorkassett (11-delt 16-28) kan følge med gratis om ønskelig. Dette må man ha om man skal sykle ritt i barne- og ungdomsklassen. Slitasje på krank er fra forrige eiers feilinnstilte sko, kun kosmetisk. Sykkelen har blitt brukt aktiv (ritt og trening) av en 14-åring i én sesong. Har ikke vært involvert i velt. Bruksmerker må påregnes da det er en brukt sykkel. Max/min avstand senter krank - topp sete: 65-81cm I vårt eie har sykkelen aldri vært lagret ute. Jevnlig vasket og vedlikeholdt. Vis hele beskrivelsen NB: Knappen for å vise hele beskrivelsen har kun en visuell effekt.","5135 Flaktveit"
"452290105","https://www.finn.no/recommerce/forsale/item/452290105","2026-03-02T15:28:04.345Z","Trek Madone 4.5 Fullkarbon med utstyr selges","7000","Pent brukt - I god stand","","Herre","Landevei","Trek","Madone 4.5","","54cm","","Shimano Ultegra","true","false","false","Selger en veldig pen utgave av Trek Madone 4.5 fullkarbon, med ultegra girsystem. Føler med felgsett som vist på bildet, verdi ca6-8000kr. Garmin 820 sykkelcomputer med fargedisplay og touch, verdi ny ca 3000. Original hjulsett fra Bontrager medfølger, pluss 2 nye dekk ( continental Grand Prix 5000), verdi ca 1200kr. Jeg har ikke fått sykla på denne sykkelen selv, da jeg hadde store ambisjoner om å starte, men ser at tiden strekker ikke til, og denne sykkelen fortjener å blir brukt.Rammestørrelse 54cm, Jeg er 171 og passer sykkelen godt, er forresten ny styretape også.","3145 Tjøme"
"452286816","https://www.finn.no/recommerce/forsale/item/452286816","2026-03-02T15:28:05.830Z","Cannondale caad 4 Neoretro str 52","16000","Pent brukt - I god stand","Cannondale","Unisex","Landevei","Cannondale","CAAD 4","","52","700c","Shimano Ultegra","false","true","false","Neo retro Cannondale caad 4 str 52 En fantastisk sykkel håndlaget i USA. Aluminium ramme med karbon forgaffel, karbon setepost og nesten nye karbonhjul. Farge er ganske sjelden og er en fantastisk sykkel til tross for alderen. Shimano ultegra 10 gir derailleur. Shimano ultegra bremser Shimano tiagra 2x10 kranksett (helt ny) 1.72,5 Shimano ultegra gir/bremsehendelsett Cannondale karbonseteramme Selle Italia model X KarbonhjulPowerway R13 med Mac Aero 424 eiker. 20 foran og 24 bak. Shimano 11 speed boss som også passer for 9/10 delt med spacer. Felgene er produsert i T700/800 karbon fra japanske Toray. Vekt er ca 1510g. Dekk er continental 5000 25 tommer, men hjulene har plass fram til 30 tommer. Str. er 52 Sykkelen selges uten pedaler og Wahoo mount. Sykkelen er justert og alt fungerer helt nydelig. Jeg kan levere sykkelen i Moss eller Oslo S etter avtale. Helst ikke sendes. Skambud besvares ikke. Vis hele beskrivelsen NB: Knappen for å vise hele beskrivelsen har kun en visuell effekt.","1511 Moss"
"428767591","https://www.finn.no/recommerce/forsale/item/428767591","2026-03-02T15:28:07.359Z","Dare VSRU str. L","50000","Pent brukt - I god stand","","Unisex","Landevei","Dare","VSRU 2.0","","L","700c","Shimano Ultegra Di2","false","true","true","Selger pent brukt Dare VSRU 2.0 i str. L. Sykkelen er i svært god stand. Noen bruksmerker fins, men ikke noe stort å sette fingeren på. Sykkelen er utstyrt med: - Dt swiss arc 1400 50mm karbonhjul - Shimano ultegra di2 gruppesett - Scwalbe pro one 28mm dekk - Aero cockpit, 130mm stem og 38cm styre - Pro stealth sete","1476 Rasta"
"399662623","https://www.finn.no/recommerce/forsale/item/399662623","2026-03-02T15:28:09.726Z","Merida sykkel silex 300 ny pris large størrelse","15000","Som ny - Ikke synlig brukt","Merida","Unisex","Landevei","Merida","Silex 300","","L","","","false","false","false","Merida silex 300 Brukt kun et par uker Large størrelse","0661 Oslo"
"423757268","https://www.finn.no/recommerce/forsale/item/423757268","2026-03-02T15:28:11.244Z","Canyon Endurace CF SL 8 Disc eTap - SRAM Force AXS Powermeter - Large","34000","Pent brukt - I god stand","Canyon","Unisex","Landevei","Canyon","Endurace CF SL 8 Disc eTap","2022","L","700c","SRAM Force AXS","true","true","true","2022-modell med SRAM Force 12-delt elektrisk utstyrsgruppe, inkludert krank-wattmåler og trådløs giring. 30 mm dekk på DT Swiss ERC 1400 dicut hjulsett. Kjøpt direkte frå Canyon i 2022 - 1 eigar. Størrelse L/Large. Vekt 7.8 kg. Følger med 2 Canyon-flaskeholdere og evt Garmin computer-feste. Skiftet kranklager, kjede og kassett 2025. Nye bremseklosser. Service hjulsett hausten 2025. https://99spokes.com/en-EU/bikes/canyon/2022/endurace-cf-sl-8-disc-etap","6823 Sandane"
"443040277","https://www.finn.no/recommerce/forsale/item/443040277","2026-03-02T15:28:12.810Z","Specialized TARMAC Expert Disc | 56 | Carbon hjulesett 44mm | Shimano Ultegra","19000","Godt brukt - Synlig brukt","Specialized","Unisex","Landevei","Specialized","Tarmac Expert Disc","","56","700c","Shimano Ultegra 6800","true","true","false","Selger en Specialized TARMAC Expert Disc i størrelse 56. Den har en carbon hjulesett (44mm) med Hunt Aerodynamicist hub som lager ganske mye lyd i freewheel. Den har noen bruks merker som jeg har prøvd å vise i bildene. Kom gjerne med bud. Mere informasjon om sykkelen: HANDLEBARS - Specialized Expert Shallow Drop, alloy, 123mm drop, 75mm reach STEM - Specialized Pro SL, alloy, 4-bolt TAPE - S-Wrap Roubaix w/stickygel SADDLE - Toupé Expert Gel, Adaptive Edge design, hollow titanium rails, 143mm SEATPOST - S-Works FACT carbon, 20mm offset SEAT BINDER - Integrated seat clamp wedge for Tarmac FORK - S-Works FACT carbon, full monocoque, size-specific taper, disc TYRES - S-Works Turbo, 700x24mm, 220TPI, folding bead, BlackBelt protection SHIFT LEVERS - Shimano ST-RS685, 11-speed FRONT DERAILLEUR - Shimano Ultegra 6800, 11-speed, braze-on REAR DERAILLEUR - Shimano Ultegra 6800, 11-speed CASSETTE - Shimano Ultegra, 11-speed, 11-28t CRANKSET - FSA SL-K Light REAR BRAKE - Shimano BR-785, hydraulic disc, Ice-Tech resin pads w/fins, 140mm. On left hand side. Can be changed over. FRONT BRAKE - Shimano BR-785, hydraulic disc, Ice-Tech resin pads w/fins, 160mm. On right hand side. Can be changed over. CHAINRINGS - 52/36T - BOTTOM BRACKET - BB30 bearings CHAIN - Shimano HG70, 11-speed Vis hele beskrivelsen NB: Knappen for å vise hele beskrivelsen har kun en visuell effekt.","2618 Lillehammer"
"452210243","https://www.finn.no/recommerce/forsale/item/452210243","2026-03-02T15:28:14.299Z","white Aero Interceptor 54","9999","Som ny - Ikke synlig brukt","","Herre","Landevei","White","Aero Interceptor","","54","","","false","false","false","White Aero RR-killer STR 54 landeveissykkel sykkelen kommer nylon fra service og har nye wire og kabler .styrelager .kranklager og ny kjede samt styretspe","0567 Oslo"
"442892847","https://www.finn.no/recommerce/forsale/item/442892847","2026-03-02T15:28:15.793Z","Bianchi carbon landeveissykkel – 53 cm – Lett og rask, lit brukt","7500","Som ny - Ikke synlig brukt","Bianchi","","Landevei","Bianchi","","","53cm","","","true","false","false","Bianchi carbon landeveissykkel – 53 cm – Lett og rask Selger en pen og velholdt Bianchi carbon landeveissykkel. Lett sykkel med carbon ramme, veldig behagelig å sykle. Alt fungerer som det skal. Detaljer: Merke: Bianchi Type: Landeveissykkel Ramme: Carbon Rammestørrelse: 53 cm Lett og responsiv Gir og bremser i god stand Medfølger: Flaskeholder + Bianchi flaske Lås Pedaler Normal bruksslitasje, ingen kjente feil. Selges pga. lite bruk.","1618 Fredrikstad"
"439846535","https://www.finn.no/recommerce/forsale/item/439846535","2026-03-02T15:28:17.248Z","Ridley fenix slic, størrelse L, ultegra di2","30000","Pent brukt - I god stand","","","Landevei","Ridley","Fenix SLiC Disc Ultegra Di2","2021","L","700c","Shimano Ultegra Di2","true","true","true","Selger min pene Ridley Fenix SLiC Disc Ultegra Di2, 2021 modell i størrelse L. Pent brukt som sykkel nr 2. En utrolig god sykkel som desverre er for lite brukt. Svært lik den UnoX nå bruker. Jeg sitter fint med mine 184cm. Passer et par cm lavere og en del høyere Laget av HM-Karbon som er stivere og lettere enn vanlig karbon. Karbonstyre med integrert stem og innvendig kabelføring sørger for en clean og rask cockpit. Står med karbonhjul. En rask, lett og pen sykkel som nå leter etter ny eier. Kjøpt på spinn og Vedlikeholt og servet av Chapeau - Hjullager f+b skiftet sommer 2024 - Kranklger skiftet sommer 2024 - Trinsehjul skiftet sommer 2024 - Alle lager smørt opp sommer 2024 derav boss, hjullager - Nytt sete Juli 2025 Spesifikasjoner: Ramme: Fenix SLiC Disc, 30-24T HM Carbon UD Carbon, TA 12x142mm, Flatmount Gaffel: Fenix SLiC Disc, 30-24T HM UD Carbon, TA 12x100mm Gir/bremse hendler: Shimano Ultegra Di2 Bremser: Shimano Ultegra Disc Gir foran: Shimano Ultegra Di2 Gir bak: Shimano Ultegra Di2 Kassett: Shimano Ultegra Kranksett: Rotor Vegast 52/36 Hjulsett: Forza Levanto 38mm Full carbon clincher/TLR Styre: Ridley Aero N1 Integrated Carbon (integrerte kabler) Stem: Ridley Aero N1 Integrated Carbon (integrerte kabler) Salpinne: Forza Cirrus Carbon Sete: Helt nytt M-Wave Hjul: forza karbon Selges som på bildene med Forza karbonhjul Noen få små kosmetiske lakkskader Di2 lader følger med Pedaler og flaskeholdere følger ikke med Vis hele beskrivelsen NB: Knappen for å vise hele beskrivelsen har kun en visuell effekt.","4250 Kopervik"
"452192411","https://www.finn.no/recommerce/forsale/item/452192411","2026-03-02T15:28:18.688Z","Scott CR1 Team str. 54","5000","Pent brukt - I god stand","Scott","","Landevei","Scott","CR1 Team","","54","","Shimano 105","true","false","false","Shimano 105 gir//bremser og Mavic Ksyrium SL-hjul","1414 Trollåsen"
"452179442","https://www.finn.no/recommerce/forsale/item/452179442","2026-03-02T15:28:20.118Z","Trek Madone 5.2 OCLV Carbon","12000","Godt brukt - Synlig brukt","Trek","Unisex","Landevei","Trek","Madone 5.2","2009","56","","Shimano Ultegra","true","false","false","Trek Madone 5.2 OCLV Carbon – lett og rask karbonracer Selger en Trek Madone 5.2 med OCLV karbonramme. Lett, stiv og komfortabel landeveissykkel med Shimano Ultegra 10-delt girsystem. Perfekt til trening, ritt eller Birken. Sykkelen er godt vedlikeholdt og fungerer som den skal. Normal bruksslitasje etter alder. Har hatt service hvert år. Byttet innvendig vaier til gir, kjede og kassett/tannhjul i fjor. Størrelse 56. Kjøpte sykkelen brukt for noen år siden. Modellen er fra 2009 (produsert i USA). Nypris var 34.000","3830 Ulefoss"
"407387899","https://www.finn.no/recommerce/forsale/item/407387899","2026-03-02T15:28:21.655Z","Gavia Strada landeveissykkel str 58","8000","Må fikses - Noen mangler/ødelagte deler","Andre merker","Unisex","Landevei","Gavia","Strada","2019","58","","","false","false","false","Gavia sykkel fra 2019. Lite brukt. Må ha en runde med smøring av kjede, luft i dekk og en vask, så er den good to go.","3472 Bødalen"
"452128196","https://www.finn.no/recommerce/forsale/item/452128196","2026-03-02T15:28:23.181Z","Specialized TARMAC SL7 COMP DI2 (58)","35000","Pent brukt - I god stand","Specialized","Herre","Landevei","Specialized","Tarmac SL7 Comp Di2","","58","700c","Shimano 105 Di2","true","false","true","Specialized TARMAC SL7 COMP DI2 i ❤️ farge.(58) Den har kjørt ca 100mil. Siden jeg ble pappa kort tid etter kjøpet, fant jeg ikke tid til sykling. Sykkel har helt ny kjede ferdig med voks. Ramme har noen små riper her og der ellers som ny. Har montert Specialized PATHFINDER PRO 2BR 32C på og originale Specialized Turbo PRO 25C følger med. Mer om sykkelen: https://www.foss-sport.no/specialized/190860/specialized-tarmac-sl-7-comp-58-r%C3%A5-landeveissykkel-med-di2-giring","1661 Rolvsøy"
"407849158","https://www.finn.no/recommerce/forsale/item/407849158","2026-03-02T15:28:24.616Z","Corratech sport og fritid sykkel","5000","Pent brukt - I god stand","Andre merker","Unisex","Landevei","Corratec","","","","26""","Shimano","false","false","false","Germany Corratech sport og fritid sykkel, veldig godt kondisjon, nye taier, nytt Bremnes og ttttt,set deg og kjør, ingen skade, 26 Specialized hylle med Nye Continental taier, Shimano skyver bremsene","5265 Ytre Arna"
"426328248","https://www.finn.no/recommerce/forsale/item/426328248","2026-03-02T15:28:26.101Z","Canyon Endurace 8 AL 2018 – Str. M – Meget pen, Ultegra og Zonda-hjul","14000","Pent brukt - I god stand","Canyon","Herre","Landevei","Canyon","Endurace 8 AL","2018","M","700c","Shimano Ultegra","false","false","false","Selger en Canyon Endurace 8 AL 2018-modell i størrelse Medium. Perfekt sykkel for deg som vil ta steget inn i landeveissykling med kvalitetsutstyr og komfort i toppklasse. Canyon Endurace er kjent for å kombinere lett og stiv ramme med en behagelig sittestilling – ideell til både trening og lengre turer. Sykkelen fremstår som meget pent brukt, lite tegn til slitasje. Den har kun vært brukt til trening, aldri i ritt og aldri vært veltet. Oppbevart innendørs hele året. Service utført sommeren 2024, der følgende ble gjort: - Byttet kjede og kassett (kun syklet ca. 50 km etter dette) - Full gjennomgang av drivverk, bremser og gir - Nye Continental GP5000-dekk Sykkelen har også fått en oppgradering av hjulsettet til Campagnolo Zonda, som gir lavere vekt, raskere respons og bedre kjørefølelse. Selges med: - Shimano Ultegra landeveis-pedaler - Shimano RC700 sykkelsko (str. 44) --- Spesifikasjoner: Ramme: Canyon Endurace AL 8 (aluminium) Gruppe: Komplett Shimano Ultegra (2x11) Bremser: Ultegra felgbremser Hjulsett: Oppgradert til Campagnolo Zonda Dekk: Nye Continental GP5000 Pedaler: Shimano Ultegra Sko: Shimano RC700 (inkludert) Størrelse: Medium (passer ca. 173–183 cm) Vis hele beskrivelsen NB: Knappen for å vise hele beskrivelsen har kun en visuell effekt.","2322 Ridabu"
"452131071","https://www.finn.no/recommerce/forsale/item/452131071","2026-03-02T15:28:27.406Z","Giant landeveissykkel L 28""/700c unisex","16000","Pent brukt - I god stand","Giant","Unisex","Landevei","Giant","","","L","700c","","false","false","false","Giant landeveissykkel i unisex-utgave med rammestørrelse L og 28""/700c hjulstørrelse. Sykkelen har klassisk landeveisoppsett med bukkestyre og smale dekk til bruk på asfalt og andre faste underlag. Rammegeometrien er tilpasset landeveissykling og gir en mer fremoverlent sittestilling. Passer for voksne syklister som ønsker en landeveissykkel for trening, pendling eller lengre turer på vei.","1407 Vinterbro"
"452116800","https://www.finn.no/recommerce/forsale/item/452116800","2026-03-02T15:28:28.786Z","DBS LaMigliore landeveissykkel","11000","Pent brukt - I god stand","DBS","Unisex","Landevei","DBS","LaMigliore","","58cm","700c","Campagnolo Centaur 2x10","false","true","false","Selger et smykke av en sykkel. Må sees og prøves 🤩 Denne italienske topp-ramma produsert av Daccordi for DBS er en fryd for øyet, og innehar tidløse kvaliteter av utsøkt håndverk. Nydelige DBS-inngraveringer på gaffelkrona og toppen av setestagene er prikken over i’em. Ramma er nylig lakkert i fargen Arctic Silver og jeg syns selv den ble aldeles nydelig! Steel Is Real - for deg som ikke har opplevd en kvalitetssykkel med ramme laget av stål, så er det kanskje vanskelig å se dette som et alternativ til nyere sykler laget av karbon. Vit at det er mange som setter pris på komforten og den gode evnen til å absorbere vibrasjoner som stål har sammenlignet med karbon. Dette, kombinert med estetikken; gjør en sykkel som dette til en som skiller seg fra mengden. Sykkelen er utstyrt med komplett Campagnolo Centuar 2x10 gruppe. Delene er lite brukt, så her er mye liv igjen 🤩 Campagnolo Ergopower gir godfølelsen av mekanisk skifting. Alt er overhalt og i god stand. Slitedeler som bremseklosser, wire, kjede òg styretape er nytt. Akkurat dette kranksettet fra Campagnolo er en spesiell modell da den har BCD = 110mm det gir tilgjengeligheten av kjedehjul langt lettere og rimeligere, da dette er en utbredt standard og ikke eksklusivt Campagnolo. En italiensk skjønnhet fortjener også et gromt italiensk hjulsett. Disse karbon-felgene komplementerer sykkelen for øvrig og tubular dekk forsterker racing-utrykket ytterligere! En svak rise på styret gir en behagelig sittestilling og nydelig styretape legger an til et godt grep og full kontroll på kontinentet 🛢️ Rammestørrelsen er 58cm - så om du er 180-190cm høy, så skulle det være gode forutsetninger for at sykkelen vil passe 👌🏻 Selges i utgangspunktet uten pedaler, men godt mulig vi har noen som matcher dine preferanser, som kan følge med. Foretrekker at du kommer og får sett og prøvd sykkelen, men kan også være behjelpelig med å sende - da på kjøpers regning. Luer du på noe? Send en melding! Velkommen til en trygg handel ✅ Vis hele beskrivelsen NB: Knappen for å vise hele beskrivelsen har kun en visuell effekt.","4322 Sandnes"
"452111456","https://www.finn.no/recommerce/forsale/item/452111456","2026-03-02T15:28:30.380Z","Canyon Ultimate SLX Ultegra Di2 XXXS","21000","Pent brukt - I god stand","Canyon","Dame","Landevei","Canyon","Ultimate SLX Ultegra Di2","2017","XXXS","","Shimano Ultegra Di2","true","false","true","2017 modell, brukt fra sesongen 2018. Ikke brukt i regn. Svært få bruksmerker. Ikke veltet eller annen skade. Byttet forbrems pga av mekaniker som ødela den gamle. Har ubrukt wattmåler til 2000 kr(krankarm). Setet og pedaler følger ikke med. Flere bilder kommer.","1621 Gressvik"
"437593287","https://www.finn.no/recommerce/forsale/item/437593287","2026-03-02T15:28:31.412Z","Focus Paralane Carbon 105 Disc -58/XL - Endurance (helårsracer/gravel)","17000","Pent brukt - I god stand","","Unisex","Landevei","Focus","Paralane Carbon 105 Disc","","XL","700c","Shimano 105","true","false","false","Unik helårs rittsykkel, treningssykkel/ jobbsykkel, Rallarveien, eller Lillehammer - Oslo. Den er like god på asfalt, grus og lett sti. Ramma har god klaring for piggdekk og leveres med lette og solide heldekkende skjermer. Focus Paralane er et godt alternativ til Cyclocross og Grusracer på vinterføre. Sykkelen er svært lite brukt og fremstår som nesten ny. Spesifikasjoner: SHIMANO 105 Ramme/gaffel: Focus Paralane, Carbon Styre: BBB Deluxe aluminium Stem: BBB Deluxe aluminium Sadelpinne: BBB CPX Plus carbon 25.4mm Sadel: Prologo Kappa 3 STN rail Gir-/bremsehendler: Shimano 105 ST-RS505, 160mm bremseskiver Bremser: Shimano 105 BR-RS505 Bakgir: Shimano 105 5800 Framgir: Shimano 105 5801 Kranksett: Shimano 105 5800 50-34T Kassett: Shimano 105 5800 11-32T Hjul: Shimano RS170- 12x100mm foran, 12x142mm bak Dekk: Continental Ultra Sport II 28mm Skjermsett: Curana made for Focus, integrerte fester i ramme Vekt. 8.90 kg. Nypris: kr 28 300,- Vis hele beskrivelsen NB: Knappen for å vise hele beskrivelsen har kun en visuell effekt.","3208 Sandefjord"
"452103435","https://www.finn.no/recommerce/forsale/item/452103435","2026-03-02T15:28:32.461Z","Trek Emonda SL6 - str 52","20000","Pent brukt - I god stand","Trek","Unisex","Landevei","Trek","Emonda SL6","2021","52","","Shimano Ultegra","true","false","false","Fin 2021 Trek Emonda SL6 i rammestrørrelse 52. 11- delt mekanisk Shimano ultergra (50-34 krank og 165mm krank armer) med skivebremser. Oppgradert DT swiss PR 1800 Spline hjulsett med 25mm GP 5000. Passer ryttere fra fra 160-170cm. Sykkelen kommer med 2 setepinner ( kort og lang). 2 flaskeholder og garminfeste. Shimano krank (52-36) kan følge med om ønskelig. Selges uten pedalen Ta kontakt for spørsmål.","1384 Asker"
"434983228","https://www.finn.no/recommerce/forsale/item/434983228","2026-03-02T15:28:33.569Z","BMC TIMEMACHINE TMR01 m/2 hjulsett","28000","Pent brukt - I god stand","","Unisex","Landevei","BMC","Timemachine TMR01","","54","","Shimano Ultegra Di2","true","true","true","BMC TMR01 full carbon Størrelse 54 Quarc Dzero carbon wattkrank Shimano Ultegra DI2 Velostrada Perfomante 45mm Carbon hjulsett ZIPP 404 Firecrest Carbon hjulsett. Pro Stealth carbon onepiece stem and handlebar Råeste aeroramma noensinne laget? Selger min BMC TMR01 som dessverre ikke lenger blir brukt. Har aldri vært i velt! Fremstår etter min mening som meget pen. Rammen er en carbonramme i toppklasse, ekstremt stiv og responsiv! Om du skal ha en rask racer til ritt på veien eller en rask racer til ditt triathlonritt så er dette sykkelen for deg! Den har en utrolig kul overflatefinish med bare matt klarlakk rett på carbonen! Den selges med 2 stk hjulsett! Ett Velostrada Perfomante 45mm Carbon clincherhjulsett. Og ett ZIPP 404 Firecrest Carbon tubularhjulsett. ZIPP hjulsettet er kun brukt en sesong. Sykkelen er meget godt vedlikeholdt, hvor det kun har vært en mekaniker på sykkelen siden den ble bygd! Nettopp byttet til ny drivline før 2025sesongen med nye drev foran. 53-39 drev og 33-11 drev på kassett. Jeg har kun brukt Molten Speedwax på drivlinjen. Kan brukes av ryttere fra 175-188. (Jeg er 186). Vis hele beskrivelsen NB: Knappen for å vise hele beskrivelsen har kun en visuell effekt.","4817 His"
"369295337","https://www.finn.no/recommerce/forsale/item/369295337","2026-03-02T15:28:34.649Z","Specialized S-Works Tarmac Disc","22500","Pent brukt - I god stand","Specialized","Dame","Landevei","Specialized","S-Works Tarmac Disc","2014","49","700c","SRAM Force","true","true","false","Specialized S-Works Tarmac Disc ( SL5 -2014) Fantastisk sykkel i str. 49(S) passer ryttere fra150-165 cm. Superlett sykkel på bare 6,9 kg Først s-works med skivebremser og Quick Release Info: https://road.cc/content/review/139474-specialized-s-works-tarmac-disc S-Works FACT 11r carbon Rider-First Engineered™ frameset for the best fit and ultimate speed Roval Rapide CLX 40 SCS Disc wheels w/ CeramicSpeed bearings for speed and stiffness S-Works Turbo, 700x24c tyres w/ Gripton blend extreme grip w/ high speed S-Works FACT carbon OSBB crankset is the perfect blend of light weight and stiffness SRAM force hydraulic disc brakes for incredible modulation and stopping power Sram force 11-speed derailleur for precise shifting no matter the conditions Specialized Body Geometry Toupé Pro saddle w/ carbon rails for performance and comfort Vis hele beskrivelsen NB: Knappen for å vise hele beskrivelsen har kun en visuell effekt.","1384 Asker"
"452078793","https://www.finn.no/recommerce/forsale/item/452078793","2026-03-02T15:28:35.712Z","Giant Tcr sl0 str M/L","34500","Pent brukt - I god stand","Giant","Unisex","Landevei","Giant","TCR SL0","2020","M/L","","Shimano Ultegra Di2 12s","true","true","true","Giant Tcr sl0 str M/L selges Tcr sin toppramme. Tøff grønn spesialfarge fra 2020 Helstøpt carbon giant cockpit 42-130 med garmin comp feste Full Ultegra di2 12s gruppesett. Girgruppen har gått Max 3000km Krank 172,5 med 36\52 drev. Orbea 45mm carbonhjul med Zipp nav og 11\30 kassett. Bremseskiver 160f/140b Hjulsettet er satt opp tubeless, men kan sette i slange hvis ønskelig. Hel og pen. Har 2 steinsprut over krank. Se bilde. Setehøyde 77cm. Optimal rytterhøyde 180-185cm. Har xtra chims til setepinnen. Selges uten pedaler og flaskeholdere. Veier 7,15kg som den står på bilde. Sykkelen kan prøves på rulle.","3158 Andebu"
"452045007","https://www.finn.no/recommerce/forsale/item/452045007","2026-03-02T15:28:36.750Z","NY PRIS | Trek Madone full-karbon landeveissykkel","14000","","Trek","Herre","Landevei","Trek","Madone","2010","","","","true","true","false","En strøken og lett full-karbon landeveissykkel med mange gode turer igjen. Jeg er 180cm og den passer meg bra, men det er mulig å heve setet ytterligere. Sykkelen har vært i mitt eie siden 2022, og har vel blitt kjørt ca 1.500km siden da. Den var på full service på Trek verkstedet i København i 2024 for ca 5.000kr, samt på sjekk før Trondheim Triatlon i 2025. Det ble satt på helt nye Grand Prix 5000 dekk på slutten av sommeren 2025. Karbonhjulene kjøpte jeg i 2024, og de ruller fantastisk godt. Rammen tror jeg er fra 2010, men den forrige eieren lot den stå i garasjen over lang tid, og den ble lite brukt, derfor relativt lite slitasje på deler! De orginale hjulene kan medfølge i tillegg, men er for tiden i Trondheim og vil bli hentet til påske. Litt blanding av deler fra før mitt eie, blant annet: - Shimano Ultegra bakgir - Shimano 105 fremgir - Sram force bremser - Shimano Ultegra kranksett - Shimano PD RS500 pedaler kjøpt i 2024 Kosmetiske sår her og der på sykkelen etter bruk over år, men ingen sår i karbon-materialet. Gjerne send melding om du lurer på noe! Sykkelen vurderes solgt til riktig pris. Vis hele beskrivelsen NB: Knappen for å vise hele beskrivelsen har kun en visuell effekt.","0558 Oslo"
"452041326","https://www.finn.no/recommerce/forsale/item/452041326","2026-03-02T15:28:37.872Z","Temposykkel","25000","Godt brukt - Synlig brukt","","Unisex","Landevei","","","","","","SRAM Force","true","true","false","- Nesten helt nytt bakdekk - Ny kassett ble montert i fjor - Er montert nesten helt nye shimano pedaler - montert helt nytt bontrager elite sete Lett og stiv ramme. Litt info: - Full karbonramme - Karbon platehjul fra Selcof - X-treme karbon forhjul - Ultegra 11 delt kasett - sram force girsystem Sykkelen har fått veldig god pleie og bare stått inne, men er en egen bygd sykkel, så litt pleie må påberegnes Pedaler og sete følger med (det på bildene er gammelt, er montert nytt) Vis hele beskrivelsen NB: Knappen for å vise hele beskrivelsen har kun en visuell effekt.","2053 Jessheim"
"433477790","https://www.finn.no/recommerce/forsale/item/433477790","2026-03-02T15:28:39.507Z","Colnago v4rs rammesett","45000","Som ny - Ikke synlig brukt","","Unisex","Landevei","Colnago","V4Rs","","45S","","","true","false","false","Strøkent rammesett selges med cockpit og setepinne. Str.455 small. Passer bra til meg på 174 cm. Samme ramme som Tadej Pogačar har vunnet Tdf med flere ganger.","3023 Drammen"
"452024418","https://www.finn.no/recommerce/forsale/item/452024418","2026-03-02T15:28:40.932Z","Wilierlandeveissykkel XL 28""/700c unisex","19999","Som ny - Ikke synlig brukt","","Unisex","Landevei","Wilier","","","XL","700c","","false","false","false","Wilier landeveissykkel i størrelse XL med 28""/700c hjul, tilpasset unisex bruk. (Nypris 27.990 kr) Sykkelen er utstyrt som landeveissykkel, egnet for trening og pendling på asfalt. Passer til både hverdagsbruk og lengre turer på vei. Kan følge med Garmin Edge 540.","6008 Ålesund"
"442791713","https://www.finn.no/recommerce/forsale/item/442791713","2026-03-02T15:28:42.414Z","Cannondale Landevei Herre","5280","Pent brukt - I god stand","Cannondale","Herre","Landevei","Cannondale","","","","","Shimano","false","false","false","Cannondale landevei sykkel for herre. Sykkelen har komponenter fra Shimano og er utstyrt med Pro-styre og Cannondale-stem. Rammehøyde og andre mål er vist på bildene for referanse.","0666 Oslo"
"451994669","https://www.finn.no/recommerce/forsale/item/451994669","2026-03-02T15:28:43.874Z","Giant TCR Advance, Full karbon landeveissykkel","15000","","Giant","","Landevei","Giant","TCR Advanced","","S","700c","Shimano Ultegra","true","true","false","Selger min Giant landeveissykkel med shimano ultegra gir, Mavic Cosmic SL karbon hjulsett og karbon flaskeholdere. I tillegg følger med treningshjul som passer til å brukes på innendørs sykkelrulle. Rammestrl Small som skal ifølge Giants nettside passe ryttere fra 162-175cm. Sykkelen er godt tatt vare på og fungerer akkurat som den skal. Ta gjerne kontakt om du lurer på noe :)","1481 Hagan"
"451967283","https://www.finn.no/recommerce/forsale/item/451967283","2026-03-02T15:28:45.310Z","Merida Racelite 904","9500","Som ny - Ikke synlig brukt","Merida","","Landevei","Merida","Racelite 904","","M/L","700c","Shimano 105","false","false","false","Merida Race Lite 904 – str. M/L (ca. 56 cm). Selger en pent brukt landeveissykkel i god teknisk stand. Ramme i lett aluminium med karbongaffel gir lav vekt og god komfort. Utstyrt med Shimano 105 2x10-drivverk, Shimano R561 felgbremser, og Fulcrum Racing Comp hjulsett. Perfekt for både trening og lengre turer – responsiv, lettkjørt og driftssikker.","2209 Kongsvinger"
"451964004","https://www.finn.no/recommerce/forsale/item/451964004","2026-03-02T15:28:46.752Z","CANYON Endurace CF SLX 8.0 - Medium","32000","Pent brukt - I god stand","Canyon","Unisex","Landevei","Canyon","Endurace CF SLX 8.0","","Medium","","Shimano Ultegra Di2","true","true","true","CANYON Endurace CF SLX 8.0, medium. CF SLX har en lettere og bedre carbonramme enn CF-modellene. Sykkelen har komplett Ultegra-utstyr, skivebremser og elektronisk giring (DI2), samt carbonhjul fra Reynolds (Assault LE). Den er 11-delt, oprinnelig levert med 11-30, oppgradert til 11-34. Sykkelen har gått 10780 km. Er servet hele veien, senest i fjor til ca kr 4’ (er praktisk talt ubenyttet etter dette). Perfekt komfortracer bygget for de lange turene. Tar dekkstørrelse opp til 33 mm på papiret (og enda bredere reelt sett). Litt om størrelsen: Jeg er 182 og i følge størrelsetabellen til Canyon helt i grenseland til Large. Men, når jeg testet før kjøp opplevdes L som for stor. Et familiemedlem er 175 cm, og sykler på medium Canyon. Vis hele beskrivelsen NB: Knappen for å vise hele beskrivelsen har kun en visuell effekt.","1639 Gamle Fredrikstad"
"433167947","https://www.finn.no/recommerce/forsale/item/433167947","2026-03-02T15:28:48.186Z","Gekko Feather Rce Fullkarbon Landeveissykkel str 54","29990","Som ny - Ikke synlig brukt","","","Landevei","Gekko","Feather RCE","","54","28''","Shimano 105 Di2","true","false","true","Selger grunnet ny sykkel, brukt under 250km Gekko Feather RCE er en superlett racersykkel i karbon, skapt for deg som vil ha fart, presisjon og maksimal sykkelglede. Med elektroniske Shimano 105 Di2 gir får du raske og presise girskift, perfekt for både trening og konkurranse. Den aerodynamiske karbonrammen og gaffelen gir lav vekt og høy ytelse. De raske 28 mm Pirelli-dekkene sørger for godt grep og komfort, mens hydrauliske skivebremser gir deg trygg bremsekraft – uansett vær. Alt er gjennomtenkt for best mulig fart og komfort på landeveien. Lett karbonramme og gaffel for høy ytelse Elektroniske Shimano 105 Di2 gir – raskt og enkelt 12 gir og bred utveksling for alle bakker Hydrauliske skivebremser gir trygghet og kontroll Slitesterke Pirelli-dekk og stilrent design Ramme: Gekko Carbon Road Frame, Flat Disc Mount Gaffel: Gekko 700C Carbon Fork, 12mm Thur Axle, Flat Disc Mount Felger: ALEX RDX3 W/Rim Strip F: 12x100/R: 12x142 Dekk: Pirelli Pzero Road TLR 28mm Hjulstørrelse: 28'' Bremser: Shimano 105 Hydrolic Disc F:160mm/B: 140mm Gir: Shimano 105 Di2 Krankgir: Shimano 105 Di2 Girskifter: Shimano 105 Di2 Antall gir: 12 Kasett: Shimano 105 7100, 12-speed, 11-34 Kjede: KMC X12 Krank: Shimano 105, 50-34T Styrestem: Gekko RCE 3D Forged Alloy, 100-120mm Styre: Gekko Alloy Road Drop Bar, 31,8mm Styreteip: Supacaz Bar Tape Sticky Single Setepinne: Carbon D-Shape Aero Dynamic Seat Post, 350mm UDM Sete: Selle Itali SLR Boost Superflow Vekt: 8,2 kg Vis hele beskrivelsen NB: Knappen for å vise hele beskrivelsen har kun en visuell effekt.","3036 Drammen"
"432954484","https://www.finn.no/recommerce/forsale/item/432954484","2026-03-02T15:28:50.176Z","Specialized Venge str 54- Billig ved rask handel","22000","Pent brukt - I god stand","Specialized","Herre","Landevei","Specialized","Venge Pro Race Force","2014","54","700c","SRAM Force","true","false","true","Rammestørrelse 54 Selger 4. sykkelen da det ikke lenger er behov for den. Alt av sykkelen er fremdeles originalt med unntak av hjul og styre. Her følger det med Mavic sett fra 2022 i alu. Ny styretape og full sjekk av hele sykkelen før salg. Alle forbruksdeler byttet ila høsten. Lader følger såklart med, samme med flaskeholdere og Garminfeste. Pedaler følger ikke med. Vaskes også før salg slik at den er klar for ny sesong. Alt om sykkelen og hva som følger med denne 2014 modellen i link under. Elektronisk SRAM gir https://www.specialized.com/au/en/venge-pro-race-force/p/49736?color=151270-4973","3174 Revetal"
"451950114","https://www.finn.no/recommerce/forsale/item/451950114","2026-03-02T15:28:51.587Z","Bianchi D2 Super Pista 125-årsjubileum: en interessant, stilig og unik sykkel!","12000","Pent brukt - I god stand","Bianchi","Unisex","Landevei","Bianchi","D2 Super Pista","","55cm","700c","","false","false","false","Jeg selger en unik Bianchi D2 Super Pista-sykkel i fargen Celeste. Denne sykkelen i begrenset opplag ble laget for å feire Bianchis 125-årsjubileum – produsert i et svært begrenset antall. Sykkelen er i god stand; jeg investerte i nye dekk forrige sesong, og den har også blitt servicet; den har felgbremser foran. Størrelse 55 cm – passer vanligvis til personer rundt 173–180 cm høye, avhengig av benlengde og kjørestil. Bianchi landeveissykkel i størrelse M med 28""/700c hjul, unisex-modell. Sykkelen har klassisk Bianchi-ramme med rett seterør og horisontal overrørskonstruksjon. Den er utstyrt med fastnav/oppsett med enkelt drev foran og bak, samt landeveisstyre med bånd. Hjulsettet består av aero-inspirerte felger, med fler-eiket bakhjul og tri-spoke forhjul. Passer til landeveissykling og trening for voksne ryttere som ønsker en unisex ramme i middels størrelse med 700c-hjulstandard.","1397 Nesøya"
"432946070","https://www.finn.no/recommerce/forsale/item/432946070","2026-03-02T15:28:53.262Z","Specialized Amira Expert landeveissykkel/ Karbonramme og Ultegra-komponenter","20000","Som ny - Ikke synlig brukt","Specialized","Unisex","Landevei","Specialized","Amira Expert","2018","","","Shimano Ultegra","true","false","false","Specialized Amira Expert landeveissykkel/ Karbonramme og Ultegra-komponenter. Kun testkjørt en gang - Som ny!! -Ultegra-komponenter -FSA-krank -Fulcrum Racing S Four sykkelhjul -Fact 10 Karbon 10R-ramme -Se bilder for rammemål Jeg kjøpte den ny fra sykkelbutikken i 2018, og den passer til høyden min (168 cm). I følge informasjonen jeg fikk, passer størrelsen for de mellom 158 cm og 170 cm. Sykkelen har kun vært testkjørt en gang, oppbevart i transportboks siden, og tilstanden er som ny. Transportboks er inkludert. Frakt kan ordnes med PostNord, lang pakke med maksimal omkrets 360 cm, og avhengig av pakkens vekt vil frakt koste mellom 419,- og 499,- (på kjøpers regning). Dette fraktalternativet ligger ikke inne som et alternativ hos Finn.no.","6906 Florø"
"451930130","https://www.finn.no/recommerce/forsale/item/451930130","2026-03-02T15:28:54.748Z","Scott Addict RC30 2025","39500","Pent brukt - I god stand","","","Landevei","Scott","Addict RC30","2025","","","","true","false","false","Lite brukt, kjøpt sept 25, hjul , kassett , kjede er ubrukt Syncros RP 2.0 34 mm dekk Kan sendes/ leveres Tr heim-Oslo","7560 Vikhammer"
"441409572","https://www.finn.no/recommerce/forsale/item/441409572","2026-03-02T15:28:56.151Z","Orbea Orca Aero M20iLTD OMX","49000","Som ny - Ikke synlig brukt","Orbea","Unisex","Landevei","Orbea","Orca Aero M20iLTD OMX","2023","55","700c","Shimano Ultegra Di2 R-8150","true","true","true","Min Orbea Orca Aero (55) er for salg. Den er kjøpt i Norge, men bare syklet på tørre veier i Spania. Med hånda på hjertet kan jeg si at denne sykkelen er meget pent behandlet. Den har hele tiden stått innelåst på «hytta» i Spania og bare syklet i godt vær. Aldri vært i velt. Riktignok er det et lite merke på bakgiret etter at vinden blåste den over ende på et pitstopp. Ikke et eneste merke i lakken. Og lakken er klarlakk rett på karbonet slik at man ser karbonfibrene. Sykkelen har nettopp gjennomgått sin årlige service. Alt av lager er smurt opp, kassett og kjede renset (kjedet er badet i varm voks). Helt ny styretape. Dette er en 2023-modell. Eneste forskjellen på 2026-modell er at denne har separat stem. 26-modellen koster ny 72.000 kroner på Unaas - som regnes som verdens billigste Orbea-forhandler. Rammestørrelse: 55 (jeg er 1,85 høy og den passer meg utmerket. Kan sikket ta ryttere opp mot 1,89) Ramme: OMX- karbon - det beste Orbea kan skaffe Gir: Shimano Ultegra Di2 R-8150 12-delt Utveksling: 52/36 - 11/30 Krank: 172,5 mm Hjulsett: Vision Metron 55 mm (Kan leveres med FFWD Ryot 55 mm med DT Swiss 240-nav mot et pristillegg på 2.000,-) Stem: 120 mm Styrebredde 400 mm Dekk: Continental GP5000 TR (tubeless) 28 mm (er plass til 30 mm i ramma). Sykkelen har rullet 5500 kilometer. Sykkelen tar jeg til Norge i mars. Da blir den pakket forsvarlig i eske og ikke åpnet før den får ny eier. https://unaascycling.no/collections/landeveissykkel/products/orbea-orca-aero-m20iltd-2026 Vis hele beskrivelsen NB: Knappen for å vise hele beskrivelsen har kun en visuell effekt.","9009 Tromsø"
"451894192","https://www.finn.no/recommerce/forsale/item/451894192","2026-03-02T15:28:57.573Z","Canyon Aeroad CF SLX 8.0 Di2 Str.L/57","29000","Pent brukt - I god stand","Canyon","Unisex","Landevei","Canyon","Aeroad CF SLX 8.0 Di2","2018","L/57","","Shimano Ultegra Di2","true","false","true","En av verdens raskeste og letteste aeroramme! Aeroad CF SLX 8.0 2018 mod. - Large/57 - Shimano Ultegra Di2 - 4iiii oppladbar wattmåler - Reynolds Strike SLG 60mm hjul - HII aerococpit 130mm langt x 410mm bredt. Sete: Fizik Arione R5 Di2 ladekabler osv. Medfølger. Nesten helt nye 28mm Continental GP 5000 dekk. Supacaz styretape, byttet bremsewire og smurt opp styre og hjullager. Nesten ny 11-36 kassett. Satt på helt nye klosser. «When Alexander Kristoff used this bike, he immediately started winning Tour de France stages. It was really significant that he seemed to take a step up with the Aeroad. Then, when he won the 2015 Tour of Flanders, it was the first time an aero road bike had won a cobbled Monument» ‘Sitat fra canyon.com Vis hele beskrivelsen NB: Knappen for å vise hele beskrivelsen har kun en visuell effekt.","6530 Averøy"
"451856553","https://www.finn.no/recommerce/forsale/item/451856553","2026-03-02T15:28:58.928Z","Trek Domane SL7","47000","Pent brukt - I god stand","Trek","Unisex","Landevei","Trek","Domane SL7","","","","","false","true","true","Selger pent brukt Trek Domane SLR - Enve 45 wheelset - Elektronisk giring og lader - Følger ikke med pedaler - Kan også kjøpe med gravel wheelset Pris kan diskuteres, og sykkel kan kjøpes separat fra hjulene om det er ønskelig.","0778 Oslo"
"419404830","https://www.finn.no/recommerce/forsale/item/419404830","2026-03-02T15:29:00.406Z","Spesiell landeveissykkel, bud ønskes. Alltid innelagret og godt vedlikeholdt","9000","Pent brukt - I god stand","","Herre","Landevei","BH","","2023","M (56/57)","","","false","false","false","Den er bygget på en lett aluminiumsramme fra BH (Beistegui Hermanos), som er en av Europas eldste sykkelfabrikker. Fabrikken ligger i Spania og har produsert sykler i 100 år. Link til BH sin side https://www.bhbikes.com/en_NO Sykkelen er bygget som ny i 2023 av Louis som driver Life Bikes Algarve. Dyktig og dedikert mekaniker. https://www.instagram.com/lifebikesalgarve/ Jeg har tatt med meg sykkelen hjem fra Portugal. Rammestørrelse er M (56/57) 10x1 gear.","4015 Stavanger"
"433750918","https://www.finn.no/recommerce/forsale/item/433750918","2026-03-02T15:29:01.821Z","Ønsker å kjøpe temposykkel","25000","Pent brukt - I god stand","","","Landevei","","","","","","","false","false","false","Ønsker å kjøpe en brukt temposykkel til triatlon. Jeg er 181cm høy. Ideelt sett har sykkelen: - wattmåler - elektronisk giring - skrivebremser - gode justeringsmuligheter i aero cockpit Budsjett 25k. Ser etter en sykkel som er i god stand og ikke har vært i velt. Primært på utkikk etter noe i Bergen og omegn da jeg ønsker å kunne prøve sykkelen før kjøp.","5225 Nesttun"
"442774539","https://www.finn.no/recommerce/forsale/item/442774539","2026-03-02T15:29:03.486Z","Cannondale Synapse str 56 m Di2 m utstyr","19000","Pent brukt - I god stand","Cannondale","Unisex","Landevei","Cannondale","Synapse Carbon","2017","56","","Shimano Ultegra Di2","true","false","true","Selges pga flytting; en velholdt Cannondale Synapse Carbon fra 2017 med Shimano Ultegra Di2 elektronisk girsystem. Dette er en komfortabel og rask endurance-sykkel, perfekt for lange turer og krevende stigninger. Spesifikasjoner: Ramme: Cannondale Synapse Carbon (2017) Gir: Shimano Di2 m Ultegra-komponenter. Lagt til bluetooth-modul m skjerm og nytt batteri for automatisk girskift. Bremser: Hydrauliske skivebremser Hjul og dekk: Mavic, Conti Gatorskin dekk 28mm. Størrelse: 56, passer perfekt for meg som er 182 cm. Tilstand: Ingen skader, men noen skrammer og bruksmerker. Se bilder. Utstyr: 2 stk cannondale carbon flaskeholdere Mavic klikkpedaler Pumpe Sadelveske Etui med dokumentasjon og utstyr. Velholdt og regelmessig vedlikeholdt. Overhalt og byttet kranklager sommeren 2025 på Sykkelbutikken i Bergen. Ny styreteip. Lokasjon: Bergen Ta kontakt for mer info eller prøvekjøring! Vis hele beskrivelsen NB: Knappen for å vise hele beskrivelsen har kun en visuell effekt.","5151 Straumsgrend"
"357716667","https://www.finn.no/recommerce/forsale/item/357716667","2026-03-02T15:29:04.933Z","S-Works Venge karbon sykkel","27500","","","","Landevei","Specialized","S-Works Venge","","","","","true","false","false","Sworks venge carbon sykkel. Rå komponenter I karbon. Funger helt perfekt. Den model ny pris 12.000$ ~ 128.000kr Selger for 27500kr. Er mulighet for frakt.","3110 Tønsberg"
"418931943","https://www.finn.no/recommerce/forsale/item/418931943","2026-03-02T15:29:06.463Z","Bianchi 928 full karbon selges","9990","Pent brukt - I god stand","Bianchi","Unisex","Landevei","Bianchi","928","2010","55","700c","Shimano Dura-Ace","true","false","false","Vurderes solgt på grunn av lite bruk. Fullkarbon 928, årstall ukjent, men det står et jubileumsklistremerke «125 år» på ramma, så kanskje fra 2010. Størrelse står ikke på ramma, men jeg innbiller meg at det er en 55. Full Dura-Ace utrustning, inklusive hjulsett (Shimano WH-5870SL). Conti GrandPrix 28mm dekk 2x10 gir; 50/34 105-serie kompakt-krank montert, men original 53/36 Dura-Ace følger med. Vekt i skrivende stund 7.50 kg, originalt var den nede i under 7.0 kg - originale deler følger med (sete, stem, krank) Høystbydende over 9500,- Selges ikke i deler. Følger med originalt stem, sete og kassett (11-25), samt noe div kassetter","3970 Langesund"
"440816137","https://www.finn.no/recommerce/forsale/item/440816137","2026-03-02T15:29:07.964Z","Ridley Falcn Ultegra di2 Medium","55000","Pent brukt - I god stand","","Unisex","Landevei","Ridley","Falcn","","Medium","","Shimano Ultegra Di2","false","true","true","Hei, selger en pent bruk Ridley Falcn. Sykkelen er i størelse medium og vil passe fra 172-183. Sykkelen er utstyrt med Shimano Ultegra 12 delt di2 og zipp 303s carbon hjul. Sykkelen har nylig vært på service og smørt opp alle lager, luftet Bremser, nesten nye dekk og helt nytt kjede. Sykkelen har ikke vært i noen velt, og har bare litt bruksmerker, men ikke noe på ytelse. Den har vært ekstrasykkel i år så lite brukt. Spesifikasjiner: Groupset Shimano Ultegra Di2 - 2x12 Crank Shimano Ultegra 12sp - 52/36 Crank length 172.5mm Cassette 11-34t Wheels Zipp 303S carbon hjul Tires Dekk S-Works Turbo 2BR Kit Road // Superbox Kit Stem length 110mm Handlebar width 40 Saddle specialized power 143mm Pedals Shimano Ultegra Computer mount Flaskeholdere Nypris 76500kr Sykkelen kan ses på strekningen skien-Bekkestua Bare ta kontakt for en hyggelig sykkelprat. Vis hele beskrivelsen NB: Knappen for å vise hele beskrivelsen har kun en visuell effekt.","3726 Skien"
"451769932","https://www.finn.no/recommerce/forsale/item/451769932","2026-03-02T15:29:09.492Z","Selger Giant propel advanced 1 2025 *Medium*","38600","","Giant","Unisex","Landevei","Giant","Propel Advanced 1","2025","Medium","700c","Shimano 105 Di2","true","true","true","Selger Giant Propel Advanced 1 (2025) i svært pen stand med noen vannlig bruksmerker ( se bilde ) , sykkelen bli brukt ca 249 mil så du trenger ikke å bytte deler og alt fungerer som skal. Sykkelen kan sendes • Gruppsett: Shimano 105 Di2 12-delt •Handlebar Giant Contact SL Aero •Stem Giant Contact SL Aero •Seatpost Giant Vector, composite, -5/+15mm offset •Saddle Giant Fleet SL • Shifters Shimano 105 Di2 2×12 • Front Derailleur Shimano 105 Di2 • Rear Derailleur Shimano 105 Di2 • Brakes Shimano 105 Di2 hydraulic • Rotor Shimano SM- MT8000 F]160mm, [.R]140mm • Brake Levers Shimano 105 Di2 hydraulic • Cassette Shimano ULTEGRA 11s 11-34T(helt ny) • wheelset Aerlite G2 profil 40mm ( Carbon ) Carbon, Hookless/TL, Shim/SRAM HG 12s • Chain KMC X12L-1 • Crankset Shimano 105, 36/52 • Bottom Bracket Shimano, press fit • Continental GP5000 TR 30 mm ( helt ny ) • Ny kjede 12s CN-M8100 Ultegra ( helt ny ) LANDEVEI / ENDURANCE / GRAVEL / ROADBIKE / 105 / ULTEGRA / LOOK / GARMIN / GP5000 Vis hele beskrivelsen NB: Knappen for å vise hele beskrivelsen har kun en visuell effekt.","0275 Oslo"
"423019073","https://www.finn.no/recommerce/forsale/item/423019073","2026-03-02T15:29:10.951Z","""Ny"" Eddy Merckx EM525 DISC. Toppsykkel FFWD karbon Shimano Ultegra S (53)","28999","Helt ny - Uåpnet/med lapp","","","Landevei","Eddy Merckx","EM525 Disc","","S (53)","700c","Shimano Ultegra","true","true","false","""Ny"" Eddy Merckx EM525 DISC. Toppsykkel FFWD karbon Shimano Ultegra S (53) Les annonsen! Størrelse S, anser dette som en relativ stor S, omtrent str. 53. Passer rytter opptil 175-176 Sykkelen er ny, men ikke 100%! Ramme er ny, girgruppe er ny. Karbon hjulsett er ikke ny, men i meget god tilstand (som ny), sete er heller ikke ny (som ny). Toppsykkel fra Eddy Merckx med veldig gode tester og veldig høy nypris. Sykkelen er eid av familie som driver med proffsykling . Ramme har blitt liggende ubrukt noen få år. Bygt opp nå nylig med ny Shimano Ultegra girgruppe. Hjulsettet FFWD (Tyro DARC (nypris 12499 uten dekk, skiver, kassett). Sykkelen fungerer så klart som den skal. Semi kompakt 52/36. Passer godt til alt mulig av landeveier. Rå utseende Kan sendes, evt leveres div steder i Norge. Selges til lav pris i.f.t. nypris for sykkel og FFWD hjulsett. Noen tester: 2017 Eddy Merckx EM525 Disc Performance first look | BikeRadar https://share.google/0R2x9dmU5461NHXZA Eddy Merckx 525 Disc review | Cyclist https://share.google/KatyozhFPebjupxjB Og siste (ikke disc versjon) https://bicyclingaustralia.com.au/bikes/bike-review-merckx-em-525-with-shimano-duraace/ Vis hele beskrivelsen NB: Knappen for å vise hele beskrivelsen har kun en visuell effekt.","6433 Hustad"
"451730550","https://www.finn.no/recommerce/forsale/item/451730550","2026-03-02T15:29:12.441Z","Scott","6000","Pent brukt - I god stand","Scott","Unisex","Landevei","Scott","Foil 40","2014","","","","false","false","false","Scott foil 40 Passer lengde fra 174 - 184 cm Kjøpt ny i 2014 kun brukt et fåtal ganger","1383 Asker"
"450717865","https://www.finn.no/recommerce/forsale/item/450717865","2026-03-02T15:29:14.209Z","Bianchi oltre xr4 2019","35000","Pent brukt - I god stand","Bianchi","Unisex","Landevei","Bianchi","Oltre XR4","2019","Medium","700c","Campagnolo Super Record 2x11","true","true","false","Bianchi Oltre XR4 2019 – Super Record – Bora Ultra 50 Selger en Bianchi Oltre XR4 i ikonisk Celeste-farge. Dette var Bianchis go to sykkel i tidligere år, sykkelen er utviklet for maksimal aerodynamikk, stivhet og komfort. Dette er samme type sykkel som ble brukt på WorldTour-nivå tidligere. Selges hovedsakelig med begge hjulsetta men kan også selges med enten Campagnolo hjula eller aerlite hjula. Sykkelen er i størrelse Medium Spesifikasjoner Drivverk • Girhendler: Super Record 2x11 • Bakgir: Super Record 11-delt • Framgir: Super Record 11-delt • Krank: Super Record Ultra-Torque 53/39T • Kassett: 11-29T • Kjede: KMC 11-delt • Bremser: Campagnolo Super record klossbrems Hjul • Campagnolo Bora Ultra 50 og/eller Aerlite Elite G2 55 Begge hjula er i Karbon •Vekt med Campagnolo hjul 6,7kg uten pedaler men med computerfeste til Garmin •vekt med Aerlite hjul 7,05kg Uten pedaler men med computerfeste til Garmin Ramme og cockpit • karbonramme med Countervail® vibrasjonsdemping • Full karbon aero-gaffel • Windspace Zero SL one piece Pris med Aerlite hjul: 29 000kr Pris med Campagnolo Bora Ultra Hjul: 32 000kr Pris med begge hjula: 36 000kr Ta gjerne kontakt ved spørsmål Pris kan diskuteres Selges som vist i annonsen Vis hele beskrivelsen NB: Knappen for å vise hele beskrivelsen har kun en visuell effekt.","3732 Skien"
"451722411","https://www.finn.no/recommerce/forsale/item/451722411","2026-03-02T15:29:15.636Z","Svært sjelden Peugeot Ventoux 1987","7500","Pent brukt - I god stand","","","Landevei","Peugeot","Ventoux","1987","54cm","","","false","false","false","Dette var en ""ny"" sykkel bygget opp rundt en 1987 mod. Peugeot Ventoux ramme for noen år siden. Rammen hadde aldri vært brukt, men ligget på lager i alle år, såkalt new old stock ""nos"". Den ble bygget opp med bare nye deler, unntatt forhjul og bakgir som var lett brukt, men overhalt og i god stand. Strøken og perfekt retro-sykkel som dessverre ikke blir brukt. Selges til langt under kostpris for bygget. Rammestørrelsen er 54 cm. Passer meg på 182cm perfekt. Sykkelen har alltid vært lagret varmt innendørs. Står nå også lagret innne. Ta kontakt for flere bilder eller spørsmål. Søkeord: vintage NOS Peugeot cafe racer ventoux tdf stål stålsykkel","0590 Oslo"
"311883905","https://www.finn.no/recommerce/forsale/item/311883905","2026-03-02T15:29:17.165Z","Strøkent rammesett Cannondale Supersix Hi-Mod 52 cm","10000","Pent brukt - I god stand","Cannondale","Unisex","Landevei","Cannondale","Supersix Hi-Mod","2019","52cm","","","true","false","false","Selges som rammesett med Hollowgram krank og 50/34 Spidering-drev. Hjul, styre osv følger altså ikke med. Sjelden 2019-modell i perfekt stand. Kun brukt 5800 km i finvær, ingen velt eller skader. Lagret tørt innendørs. Den perfekte rammen for å bygge en ultralett klatresykkel. Nitidig rengjort og ny-vokset.","5700 Voss"
"451691726","https://www.finn.no/recommerce/forsale/item/451691726","2026-03-02T15:29:18.660Z","Cannondale Supersix Hi-Mod 52 cm","30000","Pent brukt - I god stand","Cannondale","Unisex","Landevei","Cannondale","Supersix Hi-Mod","","52 cm","700c","Shimano Ultegra","true","false","false","Kun brukt innendørs siste to år. Kjøpt i England, pent brukt, noen bruksmerker. Klassisk design med farger som matcher alt. Perfekt klatresykkel eller allrounder. Lett og svært responsiv, veldig morro å sykle på. Shimano Ultegra 11-delt, 11-30. Hollowgram krank, med 52-36 utveksling. Shimano Pro 120 mm stem, 36 cm styre. Prologo sete, 143 mm bredde. Mavic Ksyrium SL hjulsett, omtrent ubrukt. Kan sendes på kjøpers regning.","5700 Voss"
"451693491","https://www.finn.no/recommerce/forsale/item/451693491","2026-03-02T15:29:20.117Z","Trek Émonda sl5","23000","Pent brukt - I god stand","Trek","Unisex","Landevei","Trek","Émonda SL 5","2022","54","","Shimano 105","true","false","false","Trek Émonda SL 5 – Lett, rask og komfortabel landeveissykkel Selger en meget velholdt Trek Émonda SL 5, en lett og responsiv landeveissykkel som passer perfekt til både trening, turritt og lengre turer på asfalt. Dette er en karbonramme av høy kvalitet som kombinerer lav vekt med god komfort. Spesifikasjoner: • Ramme: OCLV Carbon (karbon) • Girgruppe: Shimano 105 (2x11) • Bremser: Skivebremser • Hjul: Bontrager • Gir: Presise og pålitelige • Størrelse: 54 • Årsmodell: 2022 Sykkelen er godt vedlikeholdt, aldri veltet, og fungerer som den skal. Kun normale bruksmerker og et par kosmetiske skader. Selges da den ikke blir brukt nok. Vis hele beskrivelsen NB: Knappen for å vise hele beskrivelsen har kun en visuell effekt.","1361 Østerås"
"422931139","https://www.finn.no/recommerce/forsale/item/422931139","2026-03-02T15:29:21.803Z","temposykkel / triatlonsykkel","25000","Som ny - Ikke synlig brukt","","Unisex","Landevei","","","","","","","false","false","false","Årsaken til salget er litt lang for meg. Jeg er 176 cm. Selger en brukt, men godt vedlikeholdt temposykkel, rett og slett fordi den ikke lenger er brukbar. I følge UCI-reglene er den nå lovlig designet som en kategori 2 og er perfekt for syklister mellom 179–190 cm.","4325 Sandnes"
"451679588","https://www.finn.no/recommerce/forsale/item/451679588","2026-03-02T15:29:23.339Z","Orbea Orca m20iltd landeveissykkel","47990","Pent brukt - I god stand","Orbea","Unisex","Landevei","Orbea","Orca M20iLTD","2025","53","700c","Shimano Ultegra Di2 R8150","true","false","true","Selger min Orbea Orca m20iLTD. Sykkelen er str 53, og passer personer mellom 173-183. Jeg er selv 183. Sykkelen ble kjøpt august 2025 og er kun brukt 1 måned. Så tilstanden er veldig bra og som tilnærmet ny! Frame: Orbea Orca Aero Carbon OMX disc, Fork: Orbea Orca Aero OMX ICR, full carbon, Headset: FSA 1-1/2"" Integrated Aluminium Cup Stem: OC Road Performance RP10, -8º Handlebar: OC Road Aero RA11 Carbon, Reach 80, Drop 125 Brakes: Shimano R8170 Hydraulic Disc Front Derailleur: Shimano Ultegra Di2 R8150 Rear Derailleur: Shimano Ultegra Di2 R8150 Shifters: Shimano ST-8170 Cassette: Shimano Ultegra R8100 11-30t 12- Speed Chain: Shimano M8100 Crankset: Shimano Ultegra R8100 36x52t Wheels: Unaas 50 Seatpost: OC Road Aero RA10 Carbon, SB0/25, w/Micro tilt adjustment Saddle: Prologo Scratch-M5 Pas T2.0 size 140mm Vis hele beskrivelsen NB: Knappen for å vise hele beskrivelsen har kun en visuell effekt.","0684 Oslo"
"451665160","https://www.finn.no/recommerce/forsale/item/451665160","2026-03-02T15:29:24.875Z","Retro Peugeot landeveissykkel","7500","Pent brukt - I god stand","","Herre","Landevei","Peugeot","","","","","","false","false","false","Nydelig retro Peugeot landeveissykkel. Restaurert av www.vintagevelo.no, kjøpt av meg. Noen år senere så oppgraderte jeg dekk, sete, pedaler, bremser og skjermer hos Oslo Velo på Grunerløkka. Jeg er litt usikker på rammestørrelse, men jeg er 182 cm høy og den passer meg. Den er kanskje litt stor i størrelsen, så om du er høyere så er nok ikke det noe problem. Bildene ble tatt i sommer. Ta kontakt ved interesse :)","0563 Oslo"
"432478335","https://www.finn.no/recommerce/forsale/item/432478335","2026-03-02T15:29:26.380Z","Wilier Cento10SL di2(2023)-Unaas karbonhjul","45000","Pent brukt - I god stand","","","Landevei","Wilier","Cento10SL","2023","L","","Shimano Ultegra Di2","true","true","true","Strøken, Wilier Cento10SL di2 - Veilpris 65 990,- | Unaas karbonhjul - size L | Size L (173-182cm) Sykkelen er meget pent brukt og fremstår strøken. Har hatt denne i nesten 2 sesonger og vært fantastisk fornøyd med den, men den er desverre ikke helt optimal for meg med tanke på sittestilling. Oppgradert med Wilier 0 bar til 6000,- og Unaas 50 LTD til 15 990,-, Kort oppsummert - Aero sykkel med nye shimano Ultegra di2 12 delt. Utstyrt med Unaas 50 LTD karbonhjul - klaring til 32c dekk. Oppgradert med ""onepiece"" cockpit. Cento 10SL er Wilier sin aero-sykkel som samtidig er prisgunstig slik at du får maks verdi for pengene. Sykkelen er designet for å gi deg den raskeste sykkelopplevelsen, pakket inn i et lekkert design med full integrasjon av alle kabler. Modellen klarer dekk opp til 32mm bredde, så du kan oppnå god komfort selv på denne raske aerosykkelen. HØYDEPUNKTER PÅ CENTO10 SL: Lekker italiensk aerosykkel. Innvendig kabelføring. Innvendig setepinneklemme Vis hele beskrivelsen NB: Knappen for å vise hele beskrivelsen har kun en visuell effekt.","4887 Grimstad"
"429193236","https://www.finn.no/recommerce/forsale/item/429193236","2026-03-02T15:29:27.852Z","Merida Reacto 8000 2025 - 54","39000","Pent brukt - I god stand","Merida","","Landevei","Merida","Reacto 8000","2025","54","","Shimano Ultegra Di2","false","true","true","Selger en pen Merida Reacto 8000 2025 modell i størrelse S (store i størrelsen - 54). Sykkelen fremstår som pent brukt og har aldri vært i velt. Noen småskraper og skrammer her og der, men kun kosmetisk. Utstyrt med Shimano Ultegra Di2, Reynolds karbonhjul og Vision Metron 6D ACR evo styre (400-110). Helt nytt kranksett med 52/36, og 11/34 kassett så man kommer seg opp de bratteste bakkene. Hjulene er satt opp tubeless, men dekkene bør byttes. Veldig fornøyd med sykkelen, og vil tørre å påstå at dette er en sykkel hvor du får meget mye for pengene, særlig om du sammenlikner med liknende utstyrte sykler fra andre merker. Ta kontakt dersom du lurer på noe! Hentes på Fiane i Gjerstad, evt. på Brokelandsheia ved E18. Søkeord: Racersykkel racer sykkel landeveissykkel carbonsykkel karbonsykkel dura-ace elektriske gir skivebremser Vis hele beskrivelsen NB: Knappen for å vise hele beskrivelsen har kun en visuell effekt.","4993 Sundebru"
"416068946","https://www.finn.no/recommerce/forsale/item/416068946","2026-03-02T15:29:29.279Z","Gavia Verona Landeveissykkel i XL størrelse til salgs","13500","Som ny - Ikke synlig brukt","Andre merker","Herre","Landevei","Gavia","Verona","2019","XL","","Shimano Ultegra","true","false","false","Selges til første som byr oppgitt pris!! Selger min Gavia Verona. Sykkelen ble kjøpt ny i 2019 og er blitt svært lite brukt grunnet overgang til andre hobbier. Sykkelen er ikke i daglig bruk og for å værer sikker på at ny eier blir fornøyd er det tatt helt ny stor service på sykkelen verdi nok 4500 slik at den fremstår som tipp topp for ny eier. Blant annet nye dekk, nytt kjede, ny kasett m.m. er utført på service. Sykkelen er en godt utstyrt landeveissykkel med karbonramme og Ultegra girsystem. Kommer også med Shimano Ultegra bremser. Pedaler følger med. Sykkelen er ca. 8,87 kg. Størrelse XL slik at den passer best for deg som er fra rundt 1.80 og høyere. Sykkelen må hentes i Oslo. Sykkelen selges ikke under oppgitt pris, så vennligst ingen henvendelser om skambud.","0558 Oslo"
"451620488","https://www.finn.no/recommerce/forsale/item/451620488","2026-03-02T15:29:30.717Z","Canyon aeroad cf slx 7 speed M","50000","Helt ny - Uåpnet/med lapp","Canyon","Unisex","Landevei","Canyon","Aeroad CF SLX 7 Speed","","M","","SRAM Rival AXS","true","false","true","Helt ny Canyon Aeroad CF SLX 7 Speed selges. Sykkelen er aldri blitt syklet på og er kun montert sammen av sykkelmekaniker. Det er montert på Pro pace bar og aero drop. 140mm, men vanlig i 110mm følger også med sammen med alle spacere og tilbehør. Nypris sykkel 56999,- Nypris stem 2499,- Arundel flaskeholdere 749,- Canyon garmin mount 449,- Selges grunnet endret behov. Sram rival axs E1 Dt swiss 65mm arc hjul Continental aero 111 og gp5000 str Selle italia boost slr","9008 Tromsø"
"451606000","https://www.finn.no/recommerce/forsale/item/451606000","2026-03-02T15:29:32.044Z","Trek Domane SL6, 52","25000","Pent brukt - I god stand","Trek","Unisex","Landevei","Trek","Domane SL6","","52","","Shimano 105","false","false","false","Jeg selger min pent brukte Trek Domane SL6 i størrelse 52. Kom gjerne med bud! Specs: Drivverk: Shimano 105 (mekanisk) Brems: Shimano 105 Hjul: Bontrager Paradigm Comp Selges uten pedaler. 2 x flaskestativ kan medfølge. Må hentes i Kongsberg.","3612 Kongsberg"
"400818403","https://www.finn.no/recommerce/forsale/item/400818403","2026-03-02T15:29:33.886Z","MIYATA Nine Twelve","6900","Pent brukt - I god stand","","Herre","Landevei","Miyata","Nine Twelve","","","","","false","false","false","Strøken Japansk Miyata Nine Twelve (Semi Pro) landeveis sykkel pent brukt. Normal høyde. Har stått inne i leilighet uten skader. Nye dekk og renovasjon fra Oslovelo sykkelverksted. Veldig lite brukt, så den er topp stand. Info: https://en.wikipedia.org/wiki/Miyata","0552 Oslo"
"413787617","https://www.finn.no/recommerce/forsale/item/413787617","2026-03-02T15:29:35.359Z","Carbon Landeveis sykkel merke Wheeler","10000","Pent brukt - I god stand","","Unisex","Landevei","Wheeler","","","52-53","","","true","false","false","Lite brukt og ubetydelig brukt. Veldig pen god sykkel. Ramme str 52-53","2312 Ottestad"
"451576729","https://www.finn.no/recommerce/forsale/item/451576729","2026-03-02T15:29:36.825Z","Merida Scultura 9000-E - Ultra Light Carbon Frameset","8700","","Merida","","Landevei","Merida","Scultura 9000-E","","S","","","true","false","false","Merida Scultura 9000-E full carbon frame. Superlight old pro top of the line model. A great chance to build a climbing bike under 7kg!! Frame weight 878gr including both derailleur hangers, bottom bracket, bottle cages screws and other small metallic parts. I estimate it to be around 730gr ""raw"" Fork weight 336gr, uncut and including expansion plug. Bought this as a project and never had the time to finish it. Now I have built me another bike, so I won't be assembling this. The frame is for either for mechanical, Di2 or eTap groupsets. Size S, recommended for ±1.64 to 1.74, depending on ride style. It has a stack of 524mm and a reach of 383mm. The frame has a couple of paint chips where I have placed 3M frame protectors to prevent further delaminatio of the paint. No evident cracks found! All in the pictures is included: -Seatpost -Stem -Handlebar -Additionally a Merida branded bottle cage. Price negotiable by rapid decision! Sold as is. If you need any additional pictures or information just take contact, I'm always open for a nice bike chat. I have long experience and excellent feedback selling more than 60 bikes and bike parts on Finn. Can be sent well packed on a cardboard box and bubble wrap. Vis hele beskrivelsen NB: Knappen for å vise hele beskrivelsen har kun en visuell effekt.","7033 Trondheim"
"451576156","https://www.finn.no/recommerce/forsale/item/451576156","2026-03-02T15:29:38.356Z","Battaglin C12 selges","8000","Pent brukt - I god stand","","Herre","Landevei","Battaglin","C12","","56cm","","SRAM Red 2x10","true","false","false","Landeveissykkel i karbonfiber selges da jeg skal gå over til grussykkel. Svært god sykkel som har tatt meg med rundt både Mjøsa og Sella Ronda. Nettopp vært til service hos Sport1 Superstore Olrud. Girsystem: Sram Red 2x10 Vekt: ca. 7,3kg med pedaler Jeg tror rammestørrelse er 56cm. Jeg er 183cm høy og synes den passer meg godt. PS! Jeg bor i blokk med garasjeanlegg der sykkelen kan testes før snøen smelter, hvis det er av interesse. Må hentes.","2319 Hamar"
"442563968","https://www.finn.no/recommerce/forsale/item/442563968","2026-03-02T15:29:39.819Z","Bianchi Nirone 7 Alu&Carbon","8200","Som ny - Ikke synlig brukt","Bianchi","Unisex","Landevei","Bianchi","Via Nirone 7","","","700c","Shimano Ultegra 2x10","false","false","false","Må hentes i Eidsvåg i Romsdal Selger en Bianchi Via Nirone 7 i god stand. Sykkelen er lett, rask og svært pålitelig, godt vedlikeholdt og klar til bruk. Spesifikasjoner: • Vekt: ca. 9,5 kg • Ramme: Bianchi Via Nirone 7 • Girsystem: Shimano Ultegra 2x10 • Hjulsett: American Classic • Alt fungerer som det skal – gir og bremser i god stand Perfekt for både trening og lengre turer. Komfortabel ramme kombinert med gode komponenter gir en veldig fin sykkelopplevelse. Selges fordi den ikke blir brukt nok. 📩 Ta kontakt ved interesse eller spørsmål Vis hele beskrivelsen NB: Knappen for å vise hele beskrivelsen har kun en visuell effekt.","6460 Eidsvåg i Romsdal"
"438417793","https://www.finn.no/recommerce/forsale/item/438417793","2026-03-02T15:29:41.282Z","Cervélo Caledonia-5 Str M 54, med shimano Ultegra Di2 12-delt","54999","Godt brukt - Synlig brukt","","Unisex","Landevei","Cervélo","Caledonia-5","","54","","Shimano Ultegra Di2","true","false","true","Selger min Cervélo Caledonia-5 – rå karbon endurance-sykkel som funker like bra på lange turer som i hard konkurranse. Sykkelen er brukt mest i ritt, alltid fulgt opp med jevnlig service og godt vedlikehold. Den er brukt, men tatt godt vare på – alt fungerer som det skal. Cockpit: 380 mm Dare-styre som gir en mer aggressiv og racing-preget posisjon. Originalt Cervélo-styre følger med om du vil ha en litt mer komfortabel setup. Hjul: Selges med Unaas aluminiumshjul. Størrelse: 54 (M). Jeg er 179 cm og den passer meg perfekt. Selv om Caledonia egentlig er en endurance-modell, føles denne ganske racing med nåværende oppsett. Har selv vunnet landeveisritt på den. Tilstand: – Profesjonelt vedlikeholdt – Ingen sprekker eller strukturelle skader – Vanlig kosmetisk slitasje – Lite merke etter wattmåler Pris: 54 999 kr Kan sees og prøves i Asker. Tlf: 904 00 703 Pris kan diskuteres ved seriøse bud. Vis hele beskrivelsen NB: Knappen for å vise hele beskrivelsen har kun en visuell effekt.","1385 Asker"
"426292465","https://www.finn.no/recommerce/forsale/item/426292465","2026-03-02T15:29:42.798Z","Canyon Ultimate CF SL 7 selges","17000","Godt brukt - Synlig brukt","Canyon","Herre","Landevei","Canyon","Ultimate CF SL 7","","M","","Shimano 105 R7000","true","false","false","Canyon Ultimate CF SL 7 selges! Størrlse M. sykkelen er pent brukt og fikk nye girwire og minste klinge forann i våres, ny kasset i fjor. syklet rundt 7000km. noen skrammer etter stillestående flau velt i Holmsbu på rammen bak (se bilder), samt merker etter dårlig stativ på setepinne. litt om sykkelen: Ultimate CF 7 har verdensmesterskaps- og Grand Tour-vinnende DNA. Det er en klassisk rittsykkel til en uslåelig pris, med komponenter fra Shimano Shimano 105 R7000 gir 11s og bremser karbonramme Fulcrum Racing 900 hjulsett Token Ninja Lite BB4124 kranklager Selle Italia Model X sete Pris kan som alltid diskuteres innen rimelighetens grenser","1449 Drøbak"
"451504457","https://www.finn.no/recommerce/forsale/item/451504457","2026-03-02T15:29:44.130Z","Landeveissykkel ønsket kjøpt","35000","","","","Landevei","","","","","","","false","false","false","Jeg ønsker å kjøpe landeveissykkel med aero-ramme, tilpasset rytter på ca. 183 cm. Ønskede spesifikasjoner: • Aero-ramme • Elektriske gir (Di2 / eTap / AXS e.l.) • Karbonhjul • Wattmåler Eksempler på aktuelle modeller er Merida Reacto, Orbea Orca (OMX-ramme) og Giant Propel, men jeg er åpen for tilsvarende sykler i samme kategori. Foretrekker kjøp i Trondheimsområdet, men kan være fleksibel for riktig sykkel. Ta gjerne kontakt hvis du har noe som kan være aktuelt.","7012 Trondheim"
"451497631","https://www.finn.no/recommerce/forsale/item/451497631","2026-03-02T15:29:45.661Z","Gavia Imperiale Karbon landeveissykkel M 28""/700c unisex","22000","Som ny - Ikke synlig brukt","","Unisex","Landevei","Gavia","Imperiale","2025","M","700c","","true","false","false","Gavia landeveissykkel i størrelse M med 28""/700c hjul, unisex-modell. Kjøpt ny på Birk sommeren 2025. Selges til fordel for ny sykkel. Sykkelen er så å si helt ubrukt, kun testet. Pris kan diskuteres ved rask handel. Pendler Oslo-Halden daglig så kan evt leveres på den strekningen.","1777 Halden"
"428782163","https://www.finn.no/recommerce/forsale/item/428782163","2026-03-02T15:29:47.100Z","Orbea Orca Aero M20iltd Str.55","49000","Pent brukt - I god stand","Orbea","","Landevei","Orbea","Orca Aero M20iLTD","2025","55","700c","Shimano Ultegra Di2","true","true","true","Sykkelen er godt ivaretatt tatt. Sykkelen har vært brukt rett over et halvt år og ble kjøpt mars 2025. Det er ramme størrelse 55 som passer personer mellom 180-185cm+- . Følger med unaas hjul eller original hjul (bilde 4) Ta kontakt om det er noe du lurer på:) • Ramme: Karbon, Aero design (Orca Aero OMX) • Gir: Shimano Ultegra Di2 12-delt (elektronisk giring) • Krank: Shimano Ultegra 52/36 • Kassett: 11–30 • Bremser: Shimano Ultegra hydrauliske skivebremser • Hjul: Karbonhjul (Oquo RP45 LTD) • Dekk: 30mm GP5000 • Setepinne: Aero karbon (integrert design) • Integrert styre og stem","0684 Oslo"
"429639381","https://www.finn.no/recommerce/forsale/item/429639381","2026-03-02T15:29:48.616Z","Gekko Feather RCE Kjøpt hos Anton sport i år (juli). Shimano 105 di2 gir.","25000","Pent brukt - I god stand","","Unisex","Landevei","Gekko","Feather RCE","2024","","","Shimano 105 Di2","false","false","true","Utrolig mye sykkel for pengene. Kun seriøse henvendelser","2015 Leirsund"
"431136634","https://www.finn.no/recommerce/forsale/item/431136634","2026-03-02T15:29:50.068Z","Lapierre Aircode SL700","21000","Pent brukt - I god stand","","Unisex","Landevei","Lapierre","Aircode SL700","","M","","Shimano Ultegra Di2","false","false","true","Size M (170-182cm) Shimano Ultegra Di2 11s Wheels Mavic Ksyrium Aero handlebars 42cm Saddle fizik Feel free to ask for more information, photos etc:)","7031 Trondheim"
"451419642","https://www.finn.no/recommerce/forsale/item/451419642","2026-03-02T15:29:51.993Z","Merida Reacto landeveissykkel S 28""/700c unisex svart","12000","Pent brukt - I god stand","Merida","Unisex","Landevei","Merida","Reacto 5000","","S","700c","Shimano Ultegra","false","false","false","Merida Reacto landeveissykkel i størrelse S for unisex. Sykkelen har 28""/700c hjul og klassisk landeveisgeometri med bukkestyre. Rammen er utformet for landeveiskjøring med fokus på effektiv fremdrift og aerodynamisk profil. Sykkelen er utstyrt med felgbremser foran og bak. Drivverket består av kranksett med to drev foran og kassett bak, girbetjening via integrerte gir-/bremsehendler på styret. Oppsettet er egnet for trening og turer på asfalt. Spec: Ramme: Merida Reacto 5000 Gir: Shimano Ultegra Kassett: 11-28 Krank: 50-34 Krankarmer: 172,5mm Det er ikke styretape på for øyeblikket, men dette kan jeg selvfølgelig hjelpe med å legge. Ta kontakt ved interesse! Vis hele beskrivelsen NB: Knappen for å vise hele beskrivelsen har kun en visuell effekt.","1361 Østerås"
"416465354","https://www.finn.no/recommerce/forsale/item/416465354","2026-03-02T15:29:55.832Z","Bianchi Aria – str. 55 – Di2, carbonhjul og wattmåler – Celeste","40000","Pent brukt - I god stand","Bianchi","Unisex","Landevei","Bianchi","Aria","","55","700c","Shimano Ultegra Di2","true","true","true","Vurderer å selge en rålekker Bianchi Aria i klassisk Bianchi Celeste-farge. Dette er en rask aero-landeveissykkel som kombinerer fart, komfort og eksklusivt utstyr – perfekt for både ritt og seriøs trening. Størrelse: 55Passer typisk ryttere ca. 175–185 cm Selv er jeg 185 og sitter godt! Utstyr: • Shimano Ultegra Di2 elektrisk girsystem – presise og lynraske girskift • Roval carbonhjul – lette, stive og aerodynamiske • 4iiii wattmåler (krankarm) – perfekt for strukturert trening • Aero karbonramme – rask og responsiv • Original Bianchi Celeste farge Tilstand:Sykkelen er pent brukt og godt vedlikeholdt. Klar til bruk. Kort oppsummert:Dette er en meget kapabel sykkel med kostbart og ettertraktet utstyr. Perfekt for deg som vil ha en rask, eksklusiv og konkurranseklar landeveissykkel. Ta kontakt ved spørsmål eller interesse. Vis hele beskrivelsen NB: Knappen for å vise hele beskrivelsen har kun en visuell effekt.","3404 Lier"
"451398111","https://www.finn.no/recommerce/forsale/item/451398111","2026-03-02T15:29:57.332Z","Dare MR1 - 54cm - Mavic SL32","28000","Pent brukt - I god stand","","Unisex","Landevei","Dare","MR1","","54cm","700c","Shimano Ultegra Di2 R8050","true","true","true","Dare MR1- Mavic Cosmic SL32 karbonfelger Størrelse: 54/M Selger en flott Dare MR1 landeveissykkel i svart og rød – en lett, stiv og aerodynamisk karbonramme som kombinerer profesjonell ytelse med moderne design. Gruppe: Shimano Ultegra Di2 R8050 (elektronisk 2x11) 11-30 kassett 140 skiver bak 160 foran Krank: Ultegra 53-39 med 172,5 armer. Kan komme med andre drev eller krankoppsett. Har også en 175cm ultegra, og en 172,5 Dura ace som kan følge med for litt ekstr. Fortell meg din preferanse så finner vi ut! Hjulsett: Mavic Cosmic SL32 disc felger. Nylig servet frikrans. Stive karbonfelger med 32cm dybde som passer en allsidig rytterprofil. Bremser: Shimano Ultegra R8070 hydrauliske skivebremser. Nylig luftet både fremre og bakre. Dekk: Pirelli P-Zero satt opp tubeless Vekt: Ca. 7,5 avhengig av oppsett Uten pedaler og garmin edge Stand: Som vist på bildene har den noen kosmetiske skrammer. Flere bilder kommer. Er for det meste lakkskader som jeg har gått kjapt over med touch-up maling. Høyre kjedestag har vært utbedret profesjonelt tilbake i tiden men kjørt mange kilometer siden. Bakgiret tapper batteriet litt ved stillstand men løses enkelt ved å koble fra ledningen hvis den skal lagres litt. Ikke et reelt problem Styretape byttes før salg. Derfor mangler den på den ene siden nå Send melding hvis du ønsker å stille spørsmål, se på sykkelen eller kjøpe. Kan hentes i Bergen😄Sykkelen selges som den Vis hele beskrivelsen NB: Knappen for å vise hele beskrivelsen har kun en visuell effekt.","5018 Bergen"
"432349874","https://www.finn.no/recommerce/forsale/item/432349874","2026-03-02T15:29:58.745Z","Sjelden Atali sykkel fra 1997, full Campagnolo","7500","Pent brukt - I god stand","","","Landevei","Atala","Columbus Gara","1997","","622","Campagnolo Veloce","false","false","false","Atala sykkel importert i 1997. Utstyrt med full Campagnolo gruppe, alle originale deler og fult funksjonelle. Atala Columbus Gara ramme av stål med original lakk Campagnolo BREV 39/53 klinger Campagnolo Veloce Fram- og bakgir (8s) Campagnolo pedaler Campagnolo Veloce bremser Originale Campagnolo Hjul og nav (Mexico 68, 13,5x622) Originalt styre tape ITM styre (made in Italy) Campagnolo Chorus bremse- og gir hendler (carbon Br-system)","2013 Skjetten"
"451074145","https://www.finn.no/recommerce/forsale/item/451074145","2026-03-02T15:30:00.184Z","Bianchi landeveissykkel 50 .28""/700c unisex","25000","Pent brukt - I god stand","Bianchi","Unisex","Landevei","Bianchi","","","50","700c","","false","false","false","Bianchi landeveissykkel for unisex med rammehøyde 50 og 28""/700c hjul. Sykkelen har klassisk Bianchi-farge med sort styre og detaljer. Utstyrt med landeveisstyre og felger tilpasset smale dekk for asfaltbruk. Passer til trening og tur på landevei for førere som passer en 50 ramme og 28""/700c hjulstørrelse.","1405 Langhus"
"451371472","https://www.finn.no/recommerce/forsale/item/451371472","2026-03-02T15:30:02.098Z","Pinarello FP8Tempo Sykkel Dura-ace","11000","Pent brukt - I god stand","","Unisex","Landevei","Pinarello","FP8 Tempo","","49cm","","Shimano Dura-Ace 7800","true","true","false","Veldig rask aerodynamisk cabron-sykkel (tempo) Nye bremsekabler og kontrollert/servicert Nye Bartape Nesten helt ny kjede Sykkelen har vært oppbevart innendørs og ikke blitt brukt Size 49cm: Fits riders roughly 159cm - 170cm Weight: 8.69kg (With aero bottle) Shifters/brakes Shimano Dura-Ace, Mechanical Front Derailleur Shimano Dura-Ace 7800 Rear Derailleur Shimano Dura-Ace 7800 Crankset Dura-Ace 52/40t, 175 mm Cassette Dura-Ace 10spd, 11-25t Handlebar Pro-aero carbon Seatpost Pinarello, Frame Specific Saddle selle italia slr boost superflow Wheelset Fastforward - Disc/tri spoke aero cabron Tyre vittoria corsa graphene 2.0 tubular Sold with aero bottle no pedals Vis hele beskrivelsen NB: Knappen for å vise hele beskrivelsen har kun en visuell effekt.","7091 Tiller"
"363800156","https://www.finn.no/recommerce/forsale/item/363800156","2026-03-02T15:30:04.151Z","Kuota Khan Full Karbonsykkel - Toppmodell i super fin Stand!","6400","Pent brukt - I god stand","","","Landevei","Kuota","Khan","","","","","true","false","false","Jeg kjøpte denne sykkelen i forbindelse med triatlon i fjord sommer. Her er det veldig mye bra utstyr som er montert på sykkelen. Se bilder Tilstand: Sykkelen er i utmerket stand, med alle karbonkomponenter intakte og godt vedlikeholdt. Den har nylig vært gjennom en full service, inkludert rens og smøring av drivverk, sjekk av bremser og gir. Kuota er et italiensk sykkelmerke Hvorfor Kuota Khan? Kuota Khan er kjent for sin uovertrufne stivhet og komfort, ideell for både konkurranser og lange treningsturer. Med sin avanserte aerodynamiske design og bruk av toppmoderne karbonfiberteknologi, gir denne sykkelen en overlegen kjøreopplevelse. Om det er interesse selges skoene også med nye klosser Skoene er i størrelse 43. Pris: 700 kr Vis hele beskrivelsen NB: Knappen for å vise hele beskrivelsen har kun en visuell effekt.","3174 Revetal"
"422540465","https://www.finn.no/recommerce/forsale/item/422540465","2026-03-02T15:30:05.607Z","Oppgradert landeveissykkel - Alt du vil ha - Factory RCE strl. 56","45000","Som ny - Ikke synlig brukt","","","Landevei","Gekko","Factory RCE","","56","700c","Shimano Ultegra Di2","true","true","true","Strl. 56 Vurderer å selge min Gekko Factory RCE grunnet behov for penger. Sykkelen er i nærmest ny stand, kjørt under 500 km, og kan beskrives som demokjørt. Den har ingen riper eller merker og har blitt fulgt opp av noen av de beste sykkelmekanikerne i Oslo. Høydepunkter: - Shimano Ultegra Di2 - Full karbon ramme, sete og setepinne - Integrert karbon styre og stem - Karbon felger - Oppgradering av Kranklager Gekko Factory RCE er bygget på den samme lette karbonrammen som toppmodellen Team RCE, kombinert med integrert styre/stem-løsning og 50 mm høye karbonhjul for lav luftmotstand. Den er utstyrt med komplett Shimano Ultegra Di2, som gir lynrask og presis elektronisk giring. Hydrauliske Ultegra-skivebremser sørger for topp kontroll under alle forhold, og Pirelli P ZERO™ Road TLR-dekk gir både hastighet og godt grep. Sykkelen leveres med kvalitetskomponenter hele veien: krank og kasset fra Ultegra (50-34T / 11-30, 12-delt), KMC X12-kjede, Supacaz styretape og Selle Italia SLR Boost Superflow med karbonrails for optimal kombinasjon av komfort og ytelse. Kort sagt: dette er en lett, rask og aerodynamisk landeveissykkel i topp stand, som leverer både til trening og ritt. Vis hele beskrivelsen NB: Knappen for å vise hele beskrivelsen har kun en visuell effekt.","0254 Oslo"
"451365772","https://www.finn.no/recommerce/forsale/item/451365772","2026-03-02T15:30:07.103Z","Cannondale Caad 10 Dura ace c24 hjul","10000","Pent brukt - I god stand","Cannondale","Unisex","Landevei","Cannondale","CAAD 10","","","","Shimano 105","false","false","false","Lufter for salg. 105 girsett. Oppgradert dura ace c24 hjul. Ta kontakt ved spm.","5419 Fitjar"
"413440645","https://www.finn.no/recommerce/forsale/item/413440645","2026-03-02T15:30:08.534Z","Karbon racer med lav vekt. Veier kun 8,3 kg med verktøyvesken under setet.","9000","Pent brukt - I god stand","","Herre","Landevei","Diamant","","","","","","true","false","false","NY NEDSATT PRIS!! Lite brukt. Hengt i garasjen de siste årene. Selges for under halv pris da den ikke blir brukt lenger. Merke Diamant. Gear hendler bak bremsehåndtakene.","3187 Horten"
"442393987","https://www.finn.no/recommerce/forsale/item/442393987","2026-03-02T15:30:09.978Z","Ny 2025 mod Scultura Endurance 8000, DI2, str M","44000","Som ny - Ikke synlig brukt","Merida","Unisex","Landevei","Merida","Scultura Endurance 8000","2025","M","","Shimano Ultegra Di2","true","false","true","2025 mod Scultura Endurance 8000, str M, proppet med carbon og Ultegra DI2 selges. Dette er en sykkel som passer til lange turer, er utstyrt med Conti 5000 32 mm dekk, og takler inntil 35 mm. Det betyr at den også kan brukes med grusdekk light dekk, uten at det er testet. Sykkelen er kun testet 2 km og er 100 % som ny. Bør passe personer rundt ca 175 - 187 cm. Se størrelseguide på Merida sine sider. Fast pris.","2040 Kløfta"
"431985291","https://www.finn.no/recommerce/forsale/item/431985291","2026-03-02T15:30:11.428Z","Standert Kreissäge Landeveissykkel 58cm","20000","Som ny - Ikke synlig brukt","","Herre","Landevei","Standert","Kreissäge","","58cm","","Shimano 105","false","false","false","Custom bygget landeveissykkel med 58cm Standert Kreissäge aluramme. Standert er designet i Berlin og bygget i Italia. Utstyrt med siste modell Shimano 105 gruppe. Dvs 2x12 trinns mekaniske gir med hydrauliske skivebremser og 160 mm skiver foran og bak. Kranken er 34-50 delt og 172,5 mm krankarmer. Kassett er 11-34. Hjulene er DT Swiss P1800 med Schwalbe Pro One 30 mm bredde, satt opp slangeløst. Zipp setepinne, styre (42cm) og stem (6gr/90mm). Arundel krom flaskeholdere og Standert flasker medfølger. Inpeak wattmåler krankarm samt Time expresso 4 pedaler kan medfølge mot tillegg . Wattmåler kr. 3000,- Pedaler kr. 600,- Kun ramme inkl. kranklager, seteklemme og styrelager kan kjøpes for kr. 8000,- + frakt. Denne rammen har utvendig kabling for mekaniske gir, foretrekkes av mange foran integrerte kabler med tanke på vedlikehold. Passer også perfekt for oppgradering til trådløse girsystem, alle originale smådeler medfølger for tetting av hull. Selger denne med tungt hjerte da jeg har for mange sykler, sykkelen er lynrask og morsom og svært retningsstabil, men er ikke en typisk ""komfort-racer"", hvis man er ute etter det. Har likevel syklet 4-500 km på denne og ikke merket at den er plagsomt hard eller spesielt ukomfortabel. Men sånt er jo individuelt, og avhengig av hva man er vant til. Kan sendes, men da med hjulene i separat eske. Vis hele beskrivelsen NB: Knappen for å vise hele beskrivelsen har kun en visuell effekt.","9024 Tomasjord"
"448598301","https://www.finn.no/recommerce/forsale/item/448598301","2026-03-02T15:30:12.933Z","Diamant Pinnacle RB2.7 superlett karbonsykkel","15000","Pent brukt - I god stand","","","Landevei","Diamant","Pinnacle RB2.7","","54cm","","SRAM Rival","true","false","false","Supert fint sykkel, Diamant Pinnacle RB2.7 superlett , passer godt som både konkurranse og treningsykkel. Spesifikasjoner. Ramme: Karbon Gaffel: Fullkarbon monocoque Krank: FSA Gossamer BB30 Girsjaltere: SRAM Rival Navgir: SRAM Rival Krankgir: SRAM Rival Bremser: TRP R-820 Felg/Nav: C4 Novatec Str: 54cm","1618 Fredrikstad"
"451304381","https://www.finn.no/recommerce/forsale/item/451304381","2026-03-02T15:30:14.371Z","Scott Foil RC 10 2025","55000","Pent brukt - I god stand","Scott","Unisex","Landevei","Scott","Foil RC 10","2025","L","700c","Shimano Ultegra Di2","true","false","true","Pent brukt Scott Foil RC 10 Strl L til salgs Brukt fra mai, ca 2000km Passer for personer mellom 178 og 188 Selges som original, med garmin feste, integrert lys og integrert seteveske Selges uten pedaler og flaskeholdere Ta kontakt hvis du er interessert eller ønsker å diskutere prisen! Ramme: FOIL RC HMX Bakgir: Shimano Ultegra Di2 Framgir: Shimano Ultegra Di2 Shifter: Shimano Ultegra Di2 Krank: Shimano Ultegra 172.5mm Drev: Shimano Ultegra 52x36 T Kjede: Shimano CN-M8100-12 Kasett: Shimano Ultegra 11-30 Bremser: Shimano Ultegra Skiver: Shimano Ultegra 160/F 160/R Styre: Syncros Creston 1.0 Aero 42mm Stem: Syncros Foil 1.5 Aero 110mm Setepinne: Syncros Duncan SL Aero CFT Sete: Syncros Belcarra V 2.0 NEO Cut Out Hjul: Syncros Capital 1.0 60 Dekk: Schwalbe PRO ONE Aero, TL-Easy, Fold,700x28C Vis hele beskrivelsen NB: Knappen for å vise hele beskrivelsen har kun en visuell effekt.","2609 Lillehammer"
"400532092","https://www.finn.no/recommerce/forsale/item/400532092","2026-03-02T15:30:15.902Z","Bianchi vintage stålracer i veldig god stand","7000","","Bianchi","Unisex","Landevei","Bianchi","","","","","","false","false","false","Jeg kjøpte denne sykkelen for å melde meg på veteran-ritt i Italia, men tiden strekker ikke til. Teksten under er fra vedkommende jeg kjøpte den av - jeg har kun hatt sykkelen stående i garasjen siden jeg kjøpte den sommeren 2024. Eldre Bianchi i klassisk celeste, restaurert med nytt/overhalt drivverk (7 delt ), nye kabler osv. Alle deler er smørt/overhalt. Hvite detaljer som styretape, kabelhylser, sete og tåstropper. Utrolig kul L'eroica drikkeflaskeholder som er styremontert. Jeg er usikker på når sykkelen er fra, men jeg tror sent 70 eller tidlig 80-tall basert på utforming av logo og søk på nett. Dekkene er slitt og må påregnes å byttes. Ellers er alt i veldig god stand. Du kan få med et nytt sett. Nytt: Nye bremsehendler med ny gummi Ny Shimano hyperglide kassett CS-HG41-7AC Nytt kjede Nytt hvitt skinnsete i klassisk stil Ny setepinne og setepinneskrue Nye pedaler med Christophe tåstropper i hvitt skinn Nye bremseklosser Restaurert Shimano ultegra hjulsett (renset og smurt opp lager) Renset og smurt opp kranklager Drev og gir er renset, trinsehjul er smurt. For- og bakgir: Huret (Sachs) Ofmega quick-release Søkeord: Bianchi racer Bianchi stål Vis hele beskrivelsen NB: Knappen for å vise hele beskrivelsen har kun en visuell effekt.","1181 Oslo"
"439635439","https://www.finn.no/recommerce/forsale/item/439635439","2026-03-02T15:30:17.378Z","Bianchi Specialissima Disc","55000","Pent brukt - I god stand","Bianchi","Unisex","Landevei","Bianchi","Specialissima Disc","2022","55","700c","SRAM RED AXS","true","false","true","Oppgradert Bianchi Specialissima størrelse 55 selges. Kan også selge bare ramma/gaffel for 30.000,- Dette er en fantastisk sykkel som er både en mester til å klatre og rask på flatene. Brukt av flere profflag opp igjennom i alle store ritt. Mener dette er en 2022 modell Kjøpte denne ferdig bygd, så har jeg igjen oppdradert i etapper for å få delene jeg ønsket. Så det er mye penger investert i denne sykkelen. Det meste er kjøpt igjennom Finn og kjentfolk, så kvitteringer har jeg desverre ikke. Vært i mitt eie siden 23. For å nevne noen oppgraderinger jeg har gjort : Byttet fra SRAM Rival til SRAM RED girgruppe. Byttet fra Rival Krank til SRAM FORCE med Wattmåling. 48/35 Styret er oppgradert til Vision Metron 5D ACR, 42cm bredt og 10 cm langt. Byttet ut Vision Team hjul mot UNAAS LTD 55 Gen6. ( Begge hjulsettene følger med) Byttet fra Rival kassett til RED 10-33. mer info: Ramme: Specialissima Disc karbon størrelse 55, TC21, styrelager 1.5´´ - 1.5´´, setepinne 27.2mm, mekanisk/elektronisk, BB-PressFit 86.5x41, skivebrems, intern kabel, flat mount, gjennomgående aksling 12x142mm Gaffel: Full Carbon - FC21 - 1.5´´>1.5´´ 1.5´´ integrert hode, skivebrems intern kabel, flat mount, gjennomgående aksling 12x100 Girgruppe Gir: SRAM RED AXS 12 speed, med Sprintskiftere Girhendler: SRAM RED AXS hydraulisk skivebrems for landevei Kranksett: SRAM Force AXS Kranklengde: 172,5mm med powermeter. Brems: SRAM RED AXS Kjede: SRAM Flattop Hjul Unaas Team LTD 55 Gen6 Dekk: Continental GP5000, 30mm (nye) Komponenter Styre: Vision Metron 5D ACR, 420x100 Følger også meg diverse småting for justering av gir, lader osv. Linker til noen omtaler, info og tester under: https://99spokes.com/en-EU/bikes/bianchi/2022/specialissima-ultegra https://www.cyclist.co.uk/reviews/bianchi-specialissima-disc-review https://www.youtube.com/watch?v=-m_Gs0M0Pqg Vis hele beskrivelsen NB: Knappen for å vise hele beskrivelsen har kun en visuell effekt.","2345 Ådalsbruk"
"442261922","https://www.finn.no/recommerce/forsale/item/442261922","2026-03-02T15:30:18.712Z","Landeveissykel","5500","Pent brukt - I god stand","","Unisex","Landevei","","","","S/M","","","false","false","false","Selger min Landeveissykel som har brukt siden 2021, har aldri hart problem og har tatt godt vare på. er i Gjøvik men kanskje mulig å hente i Bud/Molde med avtale Tror sykkelen er S/M jeg er 175cm høy","2821 Gjøvik"
"352229592","https://www.finn.no/recommerce/forsale/item/352229592","2026-03-02T15:30:20.195Z","SOM NY!! UNO-X Dare MR1s, FULL DURA ACE m/DT SWISS PRC 1400 HJUL","45000","Pent brukt - I god stand","","","Landevei","Dare","MR1s","","56","700c","Shimano Dura-Ace 9170","true","true","true","UNO-X sykkelen veier bare 6.8 (UCI vekt grense) inkl. pedaler og flaske-holdere. Dare bikes rammen er en klatre-ramme som veier 810g, meget vridningsstiv og høy komfort. Full Dura Ace gruppe 9170 men bremse-kalipere og skiver er av 9270, hvor det er mer klaring for skivene enn i 9170 kalipere. Ramma har en nydelig glitter-farge som er vanskelig å få frem på bilder. Setet er av Berk Lupina og er bare 90 gram og godt å sitte på. Rammen er 56, L, høyde fra 178 til 188 mot 190 cm. Hjulene er Continental 5000, tubeless. 35 mm høyde på de breie fine aero felgene, hjulene veier 1450g og koster nye veil ca. 25.000,- Pris komplett 49.000,- (inkl. flaske-holdere, slik avbildet) Batteriet for giret er montert i sete-pinnen og har range på 100 mil.","1784 Halden"
"386428954","https://www.finn.no/recommerce/forsale/item/386428954","2026-03-02T15:30:21.608Z","Felt f85 landeveisykkel","6000","Godt brukt - Synlig brukt","Andre merker","Unisex","Landevei","Felt","F85","","","","","false","false","false","Felt f85 landevei sykkel selges da jeg har gått over til MTB istedet. Sykkelen er brukt og har noen bruksmerker, men fungerer enda fint. Lite hull i setet som er på bildet. Nytt sete med integrert lys er montert, men trenger nytt batteri. Framgaffler i Carbon, ramme i aluminium.","4321 Sandnes"
"451261938","https://www.finn.no/recommerce/forsale/item/451261938","2026-03-02T15:30:23.224Z","HardRocx karbon 56,Ultegra Di2 + Elite Turbomuin","19900","Pent brukt - I god stand","","Unisex","Landevei","HardRocx","Super Electra","","56 cm","700c","Shimano Ultegra Di2","true","true","true","Sel eit komplett og svært solid kvalitetsoppsett beståande av Hard Rocx Super Electra karbon landeveissykkel (rammestørrelse 56 cm) med Shimano Ultegra Di2 elektronisk gir, karbonhjul og Elite Turbomuin direct drive smart-rulle. Dette er eit ferdig oppsett for både utandørs sykling og innandørs trening med Zwift, TrainerRoad m.m. Sykkelen er lite brukt, typisk berre 3–10 turar per år sidan eg kjøpte den brukt. Dei siste fire åra har den hatt svært lite bruk. Den har aldri vore utsett for ulukker eller skadar, og har alltid vore lagra innandørs. Elektronisk Shimano Ultegra Di2 gir presise, raske og pålitelege girskift, og karbonramma gir ein lett, stiv og komfortabel sykkel. Elite Turbomuin er ein direct drive smart-rulle med Bluetooth og ANT+, som gir realistisk motstand og svært god treningsoppleving. ⸻ Spesifikasjonar – sykkel: • Hard Rocx Super Electra karbonramme • Rammestørrelse: 56 cm (passar ca. 175–185 cm) • Shimano Ultegra Di2 elektronisk gir • Shimano Ultegra krank • Shimano Ultegra bakgir • Shimano Ultegra SPD-SL pedalar inkludert • Karbonhjul UNAA CS-50 (50 mm profil) fram og bak • Ritchey styre og stem • Flaskehaldarar inkludert ⸻ Smart-rulle: • Elite Turbomuin direct drive • Bluetooth og ANT+ • Kompatibel med Zwift, TrainerRoad m.fl. • Stabil og stillegåande ⸻ Tilstand: • Lite brukt • Ingen ulukker eller skadar • God teknisk og visuell stand • Lagre innandørs ⸻ Selges grunna: Lite bruk dei siste åra. Dette er eit svært godt og komplett kvalitetsoppsett som gir mykje for pengane, både for trening inne og ute. Kan visast og hentast etter avtale. Ta kontakt ved interesse eller spørsmål. Vis hele beskrivelsen NB: Knappen for å vise hele beskrivelsen har kun en visuell effekt.","1406 Ski"
"442796585","https://www.finn.no/recommerce/forsale/item/442796585","2026-03-02T15:30:24.711Z","Orbea Orca Aero M30iLTD Di2 - str 51","36000","Pent brukt - I god stand","Orbea","Unisex","Landevei","Orbea","Orca Aero M30iLTD Di2","2024","51","700c","Shimano 105 Di2","true","false","true","Orbea Orca Aero M30iLTD Di2 2024 str 51- carbon raw. Selger pent brukt Orbea Orca Aero M30iLTD Di2. Kjøpt ny høsten 2024. Gjennomgått vårklargjøring hos Unaas Løren april 2025. Nøkkelspesifikasjoner: Ramme: Orbea Orca Aero i karbon (OMX), skivebrems-utgave med monocoque-konstruksjon. Integrert styrelager (1,5""), kranklagerstandard, klargjort for wattmåler. Skjult/intern kabelføring. Kompatibel med både mekaniske og elektroniske gir (EC/DC). Gaffel: Orbea Orca Aero OMX ICR, full karbon. Konisk styrerør (1 1/8"" – 1,5""). Headset: FSA 1-1/2"" integrert styrelager (aluminium) Kranksett: Shimano 105 R7100, 52/36T Gir: Shimano 105 Di2 (R7170 girhendler) Kassett: Shimano 105 R7100, Kjede: Shimano M7100 Bremser: Shimano 105 R7170 hydrauliske skivebremser Styret: OC Road Aero RA11 karbon (reach 80 mm / drop 125 mm) Stem: OC Road Performance RP10, -8° Hjul: OC2 aluminium, 700C Dekk: Vittoria Corsa N.Ext G2.0, 700x28c Aksler: Orbea gjennomgående aksler (12x100 mm foran / 12x142 mm bak) Setepinne: OC Road Aero RA10 karbon, med mikrojustering Sete: Prologo Scratch-M5 PAS T2.0, 140 mm Div: OC Aero flaske (550 ml) + flaskeholder + OC Aero verktøykasse Garmin computerfeste følger med Vis hele beskrivelsen NB: Knappen for å vise hele beskrivelsen har kun en visuell effekt.","0175 Oslo"
"451204123","https://www.finn.no/recommerce/forsale/item/451204123","2026-03-02T15:30:27.017Z","Ny Orbea Orca M30 str 53 Slate Blue","22500","Som ny - Ikke synlig brukt","Orbea","Unisex","Landevei","Orbea","Orca M30","2024","53","700c","Shimano 105 R7100","true","false","true","Ble kjøpt ny i november 2025 av meg. Monterte denne på rulle og har hatt 3-4 rolige økter. Aldri vært utendørs. Kjede avfettet/renset og senere vokset. Vurderes solgt pga den ikke blir brukt som tiltenkt. Selges uten pedaler/verktøyveske/karbon flaskeholdere/Garmin computer kr 23.000 (som levert fra Orbea). Rammestr 53 (173cm-180cm) Kan selges med et pent Unaas 55mm LTD karbonhjulsett inkl dekk sammen med originalt hjulsett for kr 28.500. Veil.pris sykkel: 37.000,- Veil.pris hjulsett; 15.000,- Sakset fra Orbea; Orbea har nå lansert 2024 utgaven av deres flaggskip: Orca. Dette er syvende generasjon i serien og sykkelen er selvsagt mer gjennomført enn noen gang før. Rammen kommer i to utgaver: toppmodellen med OMX ramme med en vekt på rett over 700gram, og den mer prisgunstige varianten OMR rammen på litt over 1000gram. Orbea har oppnådd dette ved å benytte seg av en mer tradisjonell ramme med runde rør, selv om den fremdeles har ganske radikale linjer, i stedet for avkortede aerodynamiske rørprofiler. Kombinert med lette komponenter og lakk som veier kun 15g. Den nye Orca er rettet mot personer som elsker klatring og ønsker den beste sykkelen for fjellklatring, sier Orbea. Med en kombinasjon av umiddelbar respons og smidighet, samtidig som rammen er svært aerodynamisk med gjennomtenkte former både for stivhet og aerodynamikk. De har gjort små endringer i rammegeometrien fra den eldre modellen, med en kortere akselavstand. Rammen har klaring for dekk med bredde opp til 32mm. Spesifikasjoner: FRAME Orbea Orca carbon OMR 2024, monocoque construction, HS 1,5"", BB 386mm, powermeter compatible, Rear Thru Axle 12x142mm, thread M12x2 P1, internal cable routing. FORK Orbea Orca OMR ICR 2024, full carbon, 1-1/8"" - 1,5"" tappered head tube compatible, Thru axle 12x100mm, thread M12x2 P1. HEADSET FSA 1-1/2"" Integrated Aluminium Cup CRANKSET Shimano 105 R7100 34x50t SHIFTERS Shimano R7100 CASSETTE Shimano 105 R7100 11-34t 12-Speed REAR DERAILLEUR Shimano 105 R7100 FRONT DERAILLEUR Shimano 105 R7100 CHAIN Shimano M6100 HANDLEBAR OC Road Perfornace RP31-R, Rise 15, Reach 70, Drop 125 STEM OC Road Performance RP22, -5º BRAKES Shimano R7170 Hydraulic Disc WHEELS Alloy, Tubeless compatible, 700c, 19c, 28H TYRES Vittoria Zafiro V Rigid bead 700x28c FRONT WHEEL AXLE Orbea Thru Axle 12x100mm M12x2 P1 Solid REAR WHEEL AXLE Orbea Thru Axle 12x142mm M12x2 P1 Solid SEATPOST Carbon, 27.2mm, Setback 20 SADDLE Fizik Aliante R5 HANDLEBAR TAPE Orbea Eva Vis hele beskrivelsen NB: Knappen for å vise hele beskrivelsen har kun en visuell effekt.","2870 Dokka"
"451197347","https://www.finn.no/recommerce/forsale/item/451197347","2026-03-02T15:30:28.564Z","Trek Madone 3.1 56 cm","13000","Pent brukt - I god stand","Trek","Unisex","Landevei","Trek","Madone 3.1","","56cm","700c","","true","false","false","⸻ Trek Madone 3.1 (56 cm) – Lite brukt, nylig full service Selger en svært pen og velholdt Trek Madone 3.5 C landeveissykkel i str. 56cm. Passer typisk for deg rundt ca. 175- 190 cm (avhengig av benlengde). Sykkelen ble kjøpt av meg i fjor som treningssykkel, men har blitt svært lite brukt. Den har nylig fått full service, inkludert: • Nye 28 mm dekk • Ny styreteip • Generell gjennomgang og justering Alt fungerer som det skal, og sykkelen er klar til bruk – enten du vil komme i gang med landevei, bruke den på rulle eller ha en solid treningssykkel. Kan selges samlet med: • Elite Suito-T rulle • Giro sykkelsko strl 45 Dette avtales nærmere ved interesse. Pris kan diskuteres. Ta kontakt for mer info eller visning. Vis hele beskrivelsen NB: Knappen for å vise hele beskrivelsen har kun en visuell effekt.","2630 Ringebu"
"451190234","https://www.finn.no/recommerce/forsale/item/451190234","2026-03-02T15:30:30.055Z","Fuji Jari landeveissykkel 28""/700c unisex str. S","7499","Som ny - Ikke synlig brukt","Specialized","Unisex","Landevei","Fuji","Jari","","S","700c","","false","false","false","Fuji Jari i unisex utforming med rammestrørrelse S. Sykkelen har 28""/700c hjul, bukkestyre og skivebremser. Rammen er merket størrelse S og er tilpasset grus- og blandet underlag. Sykkelen er utstyrt med girsystem med STI-girhendler på styret, som betyr at du kan gire med de samme håndtakene du bremser med. Litt rart i starten, men veldig lett å venne seg til - og once you go giring på denne måten, you never go back. Det er montert bagasjebrett bak samt pedaler med kombinert tåklips og flate pedaler. Du kan sykle både med og uten sykkelsko. Denne sykkelen er lett og praktisk i både bymiljø og på landevei. Hvis du føler deg litt ekstra crazy kan du slenge på et par bager bak og sykle til Roma. Kjøpt for ca. fem år siden og har nesten ikke blitt brukt de siste fire årene. Sykkelen er godt oppbevart inne i tørre og fine omgivelser og vært nylig på service.","7013 Trondheim"
"451179195","https://www.finn.no/recommerce/forsale/item/451179195","2026-03-02T15:30:31.629Z","Orbea Orca M30I","33500","Pent brukt - I god stand","Orbea","Unisex","Landevei","Orbea","Orca M30I","","53","700c","","false","true","false","Selger min Orbea Orca M30I med oppgraderte karbonhjul. Kjøpt ny hos Unaas og har brukt den en sesong. Sykkelen er i god stand. Str. 53 Står 165mm krank på den, men 170mm krank medfølger. Samt en ekstra kassett (lite brukt), aero bars, pedaler, sykkel sko (str.44) og hjelm (Str. L). Står også lite brukte Continental Grandprix 5000 dekk på denne. Kan også få med de gamle dekkene.","3748 Siljan"
"435770148","https://www.finn.no/recommerce/forsale/item/435770148","2026-03-02T15:30:33.047Z","Ny ubrukt Canyon Inflite CF SL 6 Cyclocross","22000","Som ny - Ikke synlig brukt","Canyon","Herre","Landevei","Canyon","Inflite CF SL 6","2025","S","","Shimano GRX RX820","true","false","false","Canyon Inflite CF SL 6 med samme rammeegenskaper som toppmodellen Inflite CFR til salgs! Størrelse: S (utsolgt hos Canyon) Kjøpt ny i 2025, ikke brukt, kun montert! Farge: Alpecin Deceuninck Replica Girutstyr: Shimano GRX RD-RX820 12s Hjul: DT Swiss C1800 Spline Krank: Shimano FC-RX610 (12-girs one-by krankset) Medfølgende ekstrautstyr: 2 x Canyon Bottle Cage, Canyon Ass Saver, Canyon Garmin Mount, Look Carbon Kéo 2 Max Pedals + Spare Derailleur Hanger.. Verdi: 2195,- https://www.canyon.com/no-no/landeveissykler/cyclocross-sykler/inflite/cf-sl/inflite-cf-sl-6/3843.html?dwvar_3843_pv_rahmenfarbe=R063_P26","5310 Hauglandshella"
"451139427","https://www.finn.no/recommerce/forsale/item/451139427","2026-03-02T15:30:34.820Z","DARE VA-AFO 24/25 Di2 105","35000","Som ny - Ikke synlig brukt","","Unisex","Landevei","DARE","VA-AFO 24/25 Di2 105","","XXS","","Shimano 105 Di2","false","false","true","Dare VA-AFO 24/25 Di2 105, str XXS VA (Velocity Ace)-AFO (Aficionado) er flaggskipet og aerosykkelen til DARE Bikes. Dare VA er en landeveissykkel med imponerende allround-egenskaper og den er satt opp med Shimano 105 Di2, et 12-delt girsystem. Mange unge syklister kombinerer gjerne terrengsykling og landevei i det de nærmer seg 12-13 år og det er nettopp her sykkelen har kommet til sin rett. Samtidig vokser landeveissykling i popularitet blant unge syklister i utvikling og det gir muligheter for lange fine turer på trening og utflukt, samt deltakelse i junior-ritt som Joker Ungdomsritt (se lenke nederst). Denne sykkelen er i str. XXS og anbefalt lengde på rytter er 157 - 167cm. Min sønn som har brukt sykkelen har vært super-fornøyd med den, men han har vokst fra den og vi ser nå etter en større sykkel. 105 gruppen med 12 gir har arvet funksjoner og teknologier fra Dura-Ace og Ultegra. Den har Di2 giring med mulighet for personlig tilpasning gjennom Shimano sin app, sofistikert ergonomi, 105-optimaliserte girkombinasjoner og et eksepsjonelt bremsesystem. Shimano 105 Di2 er et 2x12-delt gruppesett – en topp moderne girgruppe for skivebremser som leverer presisjon, pålitelighet og ytelse i verdensklasse. Med dette gruppesettet kan alle ryttere som til nå kun har syklet med mekanisk giring få oppleve gleden av elektronisk giring, noe som kommer til å forvandle sykkelopplevelse til det bedre. Kort oppsummert: 105 Di2 er meget effektivt og presist, med muligheter for individuelle tilpasninger. De hydrauliske skivebremsene sikrer full kontroll og gir en betryggende bremsekraft under alle værforhold. Stemmet som er montert i det integrerte styret er 90mm. Den selges uten pedaler og med PRO Stealth sete montert (ikke Selle Italia som på bildene, det er tilpasset nåværende eier). Sykkelen selges med kvittering og garanti fra Haakon Lund i Nittedal (HTL sykler). Om DARE: DARE Bikes var sykkelleverandør til det norske profflaget Uno-X fra 2018-2024 og har høstet mye positiv omtale. Syklene har vært representert av Uno-X i Tour de France, noe som understreker kvaliteten. Lenker til info: A New Tour de France Bike Hits the Market -> https://velo.outsideonline.com/road/road-gear/a-new-tour-de-france-bike-hits-the-market/ Unreleased Tour de France aero bike comes to market -> https://www.cyclingweekly.com/products/unreleased-tour-de-france-aero-bike-comes-to-market-starting-at-gbp4-000 Joker Ungdomsritt 2026 -> https://sykling.no/nyheter/joker-ungdomsritt-2026/ Vis hele beskrivelsen NB: Knappen for å vise hele beskrivelsen har kun en visuell effekt.","0382 Oslo"
"442254499","https://www.finn.no/recommerce/forsale/item/442254499","2026-03-02T15:30:37.072Z","Faggin Padova Oria Mirage m/Shimano Dura Ace/Ultegra - kan sendes","7250","Pent brukt - I god stand","","Unisex","Landevei","Faggin","Padova Oria Mirage","1997","52cm","700c","Shimano Dura Ace/Ultegra","false","false","false","Faggin begynte å lage sykler i Padova, Italia i 1945. Denne sykkelen er opprinnelig en toppmodell fra rundt 1997 for 50-årsjubileumet, men har nå flere moderne oppgraderinger etter å ha blitt fullstendig demontert og bygget opp på nytt. Rammen er satt sammen med Oria Mirage double butted rør, disse kommer fra samme kilde som Columbus-rør fra samme tid og kan sammenlignes med Columbus SL, lett og meget god kvalitet - intern kabelføring og lekre detaljer. Størrelse 52cm center-to-center, passer fint til noen på 155-170cm +/-. Shimano Dura Ace 9s gruppesett med Ultegra krank og nav. Campagnolo Omega V felger (ikke på bildet, men ser tilnærmet like ut). Selle Italia SLR sete. Masse nytt her, blandt annet dekk, slanger, styrelager, styretape, kjede, trinsehjul, pedaler, bremseklosser, strømper og wire. Det som ikke ble skiftet ut er i meget god stand og alt fungerer som det skal. Har også diverse sykkelskopedaler liggende for den som heller vil ha det. Perfekt til sykkelrulla gjennom vinteren Har pusset opp og solgt snart 50 sykler på Finn de siste årene, og har bygget sykler i over 15 år nå, så alt ligger til rette for en god kjøpsopplevelse. Vis hele beskrivelsen NB: Knappen for å vise hele beskrivelsen har kun en visuell effekt.","7030 Trondheim"
"362565760","https://www.finn.no/recommerce/forsale/item/362565760","2026-03-02T15:30:38.575Z","PRINCIPIA RSL HANDMADE","12500","Som ny - Ikke synlig brukt","","","Landevei","Principia","RSL","","","700c","Campagnolo Chorus","false","false","false","Dette er sykkel for kjennere! Håndlaget i Danmark. Ca 20 år gammel. Ser ny ut! Dekk og slanger er relativt nytt ( Max 1 år) Sykkel er så og si helt strøken. Ramme vekt 1340 gram Ben lengde 83 til 87 cm. Carbon gaffel 10 speed Komplett Campagnolo Chorus hele veien. MAVIC Ksyrium felger m / Aero eiker. Responsiv og svært stabil sykkel. Denne er det ikke mange av! Sykkelen er klar til omgående levering. Siste pris/ useriøse bud blir ikke besvart. Sykkel kan sendes! Pris på dette enes vi evt om. Vis hele beskrivelsen NB: Knappen for å vise hele beskrivelsen har kun en visuell effekt.","1776 Halden"
"432349866","https://www.finn.no/recommerce/forsale/item/432349866","2026-03-02T15:30:40.033Z","Pent brukt sykkel.","6000","Pent brukt - I god stand","","Unisex","Landevei","Jamis","Ventura Race","","","","","false","false","false","Jamis Ventura race. Kjøpt sykkelen brukt, da var styreteip og dekk byttet. Kun syklet på den to ganger etter kjøp. Selges da jeg har en annen sykkel jeg bruker. Passer til høyde 175cm +-","0467 Oslo"
"451121485","https://www.finn.no/recommerce/forsale/item/451121485","2026-03-02T15:30:41.648Z","SRAM etap 2x11 for felgbrems ønskes kjøpt!","10000","Pent brukt - I god stand","","","Landevei","","","","","","SRAM eTap","false","false","true","Er på utkikk etter SRAM ETAP 2x11 for felgbrems. Trenger primært girhendler og for/bak gir + batterier. Ta kontakt dersom du har det liggende!","7021 Trondheim"
"432560637","https://www.finn.no/recommerce/forsale/item/432560637","2026-03-02T15:30:43.138Z","Francesco Moser Super Prestige m/Shimano Ultegra - kan sendes","6900","Pent brukt - I god stand","","Unisex","Landevei","Francesco Moser","Super Prestige","","53cm","","Shimano Ultegra 9s","false","false","false","Meget pen landeveissykkel fra legendariske Moser modernisert med noen av de beste gruppesettene til Shimano. Ramme laget med Columbus-rør og Campagnolo dropouts - størrelse 53cm, passer fint til noen på 160-175cm (+/-). Shimano Ultegra 9s gruppesett og Selle Italia SLR sete. Akkurat bygd opp helt fra bunnen med masse nytt, blant annet 28c dekk, slanger, styretape, styrelager, kjede, pedaler, wire og strømper. Alt er justert og sykkelen fungerer akkurat som den skal. Har også div sykkelskopedaler som kan følge med for den som heller vil ha det. Perfekt til sykkelrulla gjennom vinteren Har pusset opp og solgt snart 50 sykler på Finn de siste årene, og har bygget sykler i over 15 år nå, så alt ligger til rette for en god kjøpsopplevelse.","7030 Trondheim"
"422533929","https://www.finn.no/recommerce/forsale/item/422533929","2026-03-02T15:30:44.649Z","Eddy Merckx corsa extra columbus slx","9500","Godt brukt - Synlig brukt","","Herre","Landevei","Eddy Merckx","Corsa Extra Columbus SLX","","","","","false","false","false","Eddy Merckx corsa extra columbus slx. Nytt i år: kjede, styretape, dekk og slanger.","3085 Holmestrand"
"451086447","https://www.finn.no/recommerce/forsale/item/451086447","2026-03-02T15:30:46.095Z","Scott Addict RC 15 – Str. 56/L – Oppgradert og meget godt vedlikeholdt","49500","Pent brukt - I god stand","Scott","Unisex","Landevei","Scott","Addict RC 15","2024","56","700c","Shimano Ultegra Di2","true","true","true","Selger en oppgradert Scott Addict RC 15 i størrelse 56/L. Sykkelen ble kjøpt høsten 2024 og tatt i bruk våren 2025. Sykkelen hadde et mindre transportuhell tidlig i mitt eierskap. Baktriangelet ble profesjonelt reparert av en av Norges ledende aktører innen karbonreparasjon (carbonfiks). Reparasjonen er fagmessig utført. I forbindelse med dette ble følgende deler erstattet med nye komponenter: • Ny gaffel • Nytt bakgir • Ny høyre girhendel • Nye hoods I tillegg er sykkelen oppgradert med: • 130 mm stem • Cervélo aero-styre (40 mm bredde) Sykkelen fremstår i dag som pent brukt, svært godt ivaretatt og teknisk oppgradert. ⸻ Størrelse og passform • Str. 56/L • Passer best for ryttere fra ca. 180 cm og oppover • Jeg er selv 183 cm • God justeringsmulighet i setehøyde ⸻ Spesifikasjoner • Hjulsett: Syncros Carbon, 35 mm profil (ikke som avbildet) • Nytt lager i boss (februar 2026) • Drivverk: Shimano Ultegra Di2 12-delt • Ny høyre hendel og bakgir • Utveksling: 52/36 • Dekk: Continental GP5000 (700x28) • Sete: Syncros • Stem: Syncros 130 mm (110 mm medfølger) • Styre: Cervélo aero 40 mm Sykkelen er jevnlig vedlikeholdt, og kjede/drivverk er byttet ved behov. ⸻ Ekstrautstyr (valgfritt tillegg) Sykkelen kan leveres med 12-delt Dura-Ace 54/42 wattkrank (Nypris ca. 20 000 kr) Pris med wattkrank: 58 000 kr ⸻ Tilgjengelighet Sykkelen er tilgjengelig for overtakelse i slutten av mars 2026. ⸻ Ta gjerne kontakt dersom du har spørsmål. Flere bilder kommer. Vis hele beskrivelsen NB: Knappen for å vise hele beskrivelsen har kun en visuell effekt.","3140 Nøtterøy"
"414897068","https://www.finn.no/recommerce/forsale/item/414897068","2026-03-02T15:30:47.692Z","Pinarello Dogma 2 Landeveissykkel – Str. Large (54cm) – Super Record 11s","32000","Godt brukt - Synlig brukt","Andre merker","Herre","Landevei","Pinarello","Dogma 2","","Large (54cm)","700c","Campagnolo Super Record 11s","true","true","false","Italiensk råskap – klassisk linje og moderne ytelse Selger en godt brukt, men nydelig vedlikeholdt Pinarello Dogma 2 i størrelse Large (målt 57 cm seterør, tilsvarer ca. 54–55 cm Pinarello). Dette er en ekte klassiker fra storhetstiden til Team Sky – laget i full karbon med legendarisk kjørefølelse og toppkomponenter fra Campagnolo Super Record. Sykkelen har nettopp vært på service og er klar for nye mil – perfekt for deg som vil ha en kompromissløs landeveissykkel med racing-DNA til en brøkdel av nypris. ⸻ 🔧 Spesifikasjoner: • Ramme og gaffel: Pinarello Dogma 2, Torayca 60HM1K karbon (original) • Størrelse: Large (målt 57 cm fra krank til seterørstopp) – passer for ca. 175–185 cm høyde • Girgruppe: Campagnolo Super Record 11s • Krank: 52/39 • Kassett: 11-25 (relativt ny) • Hjulsett: Ombygd DT Swiss 240s nav håndbygde carbonfelger fra Oslo Sportslager (veldig pent brukt) og Campagnolo Eurus (aluminium) – godt brukt • Bremser: Super Record (felgbremser) • Cockpit: • Stem: MOST Carbon 140mm • Styre: Aluminium 44cm • Sete: Prologo Dimension 143mm • Pedaler: Look Keo (kan følge med om ønskelig) • Vekt: Ca. 7,2 kg • Service: Nettopp byttet fremskifter og innmat i venstre girhendel. Kassett og kjede kjørt ca. 3000 km. • Tilstand: Godt brukt, men svært godt vedlikeholdt. Kun normale kosmetiske merker. Ingen strukturelle skader. ⸻ 💬 Litt ekstra: Dette er ikke bare en sykkel – det er en kjærlighetserklæring til italiensk ingeniørkunst og racinghistorie. Dogma 2 er sykkelen som bar Wiggins og Froome til toppen av pallen, og som fortsatt gir en kjøreopplevelse som er vanskelig å matche – selv av nyere modeller. ⸻ 💰 Pris: 32.000,- Nypris på denne sykkelen med tilsvarende utstyr lå på godt over 80 000 kr. Gi bud! Selges med karbonhjulene på bildene. Begge hjulsettene medfølger Vis hele beskrivelsen NB: Knappen for å vise hele beskrivelsen har kun en visuell effekt.","3128 Nøtterøy"
"450779854","https://www.finn.no/recommerce/forsale/item/450779854","2026-03-02T15:30:49.234Z","Giant propel advanced","55000","Som ny - Ikke synlig brukt","Giant","Unisex","Landevei","Giant","Propel Advanced Pro 0","2025","Medium","","Shimano Ultegra Di2","true","true","true","Selger en så godt som ny Giant Propel Advanced Pro 0 2025 modell. Størrelse: Medium Ny pris: 75 000 Sykkelen ble kjøpt helt ny i April 2025 og har kunnet rullet mellom 200-300 kilometer. Sykkelen er utstyrt med Shimano ultegra Di2 gir oppsett. Den er også utstyrt med Giant Power Pro Meter (2 sidet wattmåler) Hjulsett: Giant SLR 1 50 Carbon. Satt opp med tubeless og 25 mm dekk fra Cadex Styre: Zipp drop bar 38cm. Sykkelen befinner seg på Levanger i Trøndelag","7602 Levanger"
"423917440","https://www.finn.no/recommerce/forsale/item/423917440","2026-03-02T15:30:50.726Z","S-Works/Specialized Tarmac - 58 ramme","39000","Pent brukt - I god stand","Specialized","Unisex","Landevei","Specialized","S-Works Tarmac SL6","2019","58","","Shimano Dura-Ace R9270","true","false","true","Recently bought. 2019 model, SL6 used it for an Ironman. Replaced the tires, added a speedometer, and paid for a bike tune-up with brakes, gears, and chain. Shimano Dura-Ace R9270 Komplett Gruppe New pedals. Really good price.","0485 Oslo"
"451070930","https://www.finn.no/recommerce/forsale/item/451070930","2026-03-02T15:30:52.258Z","Giant TCR – Ultegra – Lett og rask landeveissykkel M størellse","7500","Pent brukt - I god stand","Giant","Unisex","Landevei","Giant","TCR","","M","700c","Shimano Ultegra","false","false","false","Giant TCR – Ultegra – Lett og rask landeveissykkel medıum Selger en solid og lett Giant TCR landeveissykkel med kvalitetsramme i ALUXX 6000 aluminium. Utstyrt med Shimano Ultegra girsystem – presise og raske girskift. Sykkelen er lett, responsiv og perfekt til både trening og pendling. ✔ Shimano Ultegra bakgir ✔ Continental dekk ✔ Shimano hjul ✔ Lett aluminiumramme ✔ TCR racing geometri Sykkelen fungerer som den skal. Noen normale bruksmerker, men ingen kjente feil. Kan selges med: – Pedaler – Flaskeholder – (Evt. sko og hjelm etter avtale) Ta kontakt for en hyggelig sykkelprat Vis hele beskrivelsen NB: Knappen for å vise hele beskrivelsen har kun en visuell effekt.","1634 Gamle Fredrikstad"
"431577671","https://www.finn.no/recommerce/forsale/item/431577671","2026-03-02T15:30:53.683Z","Landeveissykkel","8000","Pent brukt - I god stand","Giant","Herre","Landevei","Giant","","","M/L","","","false","false","false","Pent brukt Landeveissykkel vurderes solgt Str M/L - jeg er selv 180cm å passer sykkel godt. Alt følger med utenom computer/holder, taske/ oppbevaring. Alt fungerer som den skal:) mener den fremstår pen. Pris ja vurderes ved hurtig handel.","3186 Horten"
"451045148","https://www.finn.no/recommerce/forsale/item/451045148","2026-03-02T15:30:55.626Z","NY Pris🤩Orbea Orca M30i Di2 2025 + Elite Suito-T selges","28000","Som ny - Ikke synlig brukt","Orbea","Unisex","Landevei","Orbea","Orca M30i Di2","2025","51cm","700c","Shimano 105 Di2","false","false","true","Asfalten begynner å skimte i det fjerne, sola varmer og våren banker på døra. Sikre deg denne raceren før alle andre tar frem sine glis – tid for å kjenne fart, vind og frihet på to hjul! ☀️ Selger en meget pent brukt Orbea Orca M30i Di2 (str. 51 cm) sammen med Elite Suito-T. Dette er et komplett oppsett for både landeveissykling ute og effektiv vintertrening inne. Sykkelen ble kjøpt sommeren 2025 hos Unaas Cycling for 36 992 kr, og fremstår som pen og klar til bruk. Sykkelen er brukt 5 ganger ute og 2 ganger på rulle. Størrelse: 51 cm – passer ca. syklisthøyde ~165–175 cm (avhengig av kroppstype og tilpasning) 🔌 Elektrisk giring: • Shimano 105 Di2 12-delt elektronisk girsystem • Giringen gir presise og raske girskift med minimal vedlikehold 🔧 Drivverk: • Krank: 50/34 (kompakt) • Kassett: 11–34 Dette gir et bredt og anvendelig girspenn som fungerer i både kupert og flatt terreng. 🛞 Bremser: • Shimano hydrauliske skivebremser Gir kontrollert og effektiv bremsing i alle værforhold – spesielt nyttig på landeveien. 🪶 Rammekonstruksjon og kabling: • Intern kabling gir et rent og moderne uttrykk, samtidig som det beskytter kabler og ledninger mot vær og vind. 🚴 Hjul: • Standard alu-hjul (tubeless-ready) – stabile og pålitelige for trening og rittbruk. Sykkelrulle - Elite Suito-T Denne direct-drive smarttraineren gir realistisk motstand og fungerer godt med treningsapper som Zwift, TrainerRoad m.m. Hovedpunkter: • Direct drive (bakhjulet tas av) • Motstand opp til ca. 1900 W • Simulerer opptil ca. 15 % stigning • Nøyaktighet: ±2,5 % • ANT+ og Bluetooth • Kompatibel med Zwift, TrainerRoad Selges samlet eller hver for seg. Ta kontakt for mer informasjon. Evt bud. Unn deg raceren du har siklet etter lenge! Asfalten titter frem, sola varmer – nå er tiden for fart, frihet og lange turer på to hjul. 🚴☀️ Pris samlet: 30000,- Pris sykkel: 28000,- Pris sykkelrulle: 4000,- Vis hele beskrivelsen NB: Knappen for å vise hele beskrivelsen har kun en visuell effekt.","7725 Steinkjer"
"451045037","https://www.finn.no/recommerce/forsale/item/451045037","2026-03-02T15:30:57.114Z","Yosemite City Explorer 28","7500","Som ny - Ikke synlig brukt","","Herre","Landevei","Yosemite","City Explorer 28","","","28""","","false","false","false","Flott elsykkel selges komplett med batteri og lader. Ubetydelig brukt.","1820 Spydeberg"
"249534056","https://www.finn.no/recommerce/forsale/item/249534056","2026-03-02T15:30:58.579Z","Karbon landveissykkel 55/56 Ultegra","8200","","","","Landevei","Bottecchia","","","55/56","700c","Shimano Ultegra","true","false","false","Karbonramme Bottechia landveissykkel, omlakkert av opprinnelige eieren. Sykkelen er ubetydelig brukt etter at jeg kjøpte den for tre år siden. Ultegra gir, brems og drivverk gjør at sykkelen er pålitelig og lett. Rammen er av karbon, total vekt på sykkel med de hjulene som nå står på er i overkant av 8 kg. Ultegra (6600 dark grey) gruppe (10 speed), utenom brems foran som ble kjøpt ny i 2017 (Ultegra 6800). Nytt bakhjul, som vist på bilde, følger sykkelen. Størrelsen er antatt å være 55/56, jeg er 184 og sykkelen passer perfekt. Høyde fra krank til sadel som den står nå er 80cm. Dette er en perfekt sykkel for deg som ønsker en rimelig karbonsykkel med mange mil igjen. Den har også blitt stelt svært godt med og har selvsagt kun vært oppbevart innendørs.","0478 Oslo"
"370724261","https://www.finn.no/recommerce/forsale/item/370724261","2026-03-02T15:31:00.024Z","Ridley Noah-size S.","18000","","","","Landevei","Ridley","Noah","2017","S","","Shimano Ultegra","false","false","false","Ridley Noah 2017 Small-165cm-178cm Rotor aero No Q;52-36 Pedalarmssett i 170mm Bremsesett Ultegra,kassett ultegra 11-28,chain ultegra- Komplett Gruppe Shimano Ultegra Prologo NDR Saddle","1655 Sellebakk"
"409358870","https://www.finn.no/recommerce/forsale/item/409358870","2026-03-02T15:31:02.848Z","VIPERA TEAM ISSUE STR S","16000","Pent brukt - I god stand","Andre merker","","Landevei","Vipera","Team Issue STR","","S","","","false","false","false","Sykkel vurderes solgt","4353 Klepp stasjon"
"412184152","https://www.finn.no/recommerce/forsale/item/412184152","2026-03-02T15:31:04.286Z","Infinito CV Ultegra","17000","Pent brukt - I god stand","Bianchi","Herre","Landevei","Bianchi","Infinito CV Ultegra","2018","","","Shimano Ultegra","true","false","false","Selger en flott sykkel kjøpt ny i Italia i 20218. Den ble brukt flittig i ca. 2 år, og etter at jeg flyttet hjem til Norge, har den stått trygt lagret i kjelleren. Det følger med sykkelkomputer, tasker og diverse deler og tilbehør. Sykkelen er i god stand, men styretape bør byttes..","1724 Sarpsborg"
"450966969","https://www.finn.no/recommerce/forsale/item/450966969","2026-03-02T15:31:05.737Z","Scott Addic rc10 XL","43000","Pent brukt - I god stand","Scott","Unisex","Landevei","Scott","Addict RC10","2022","XL","700c","SRAM Force 2x12","true","true","false","Scott addict rc10 (rc20 farge) 2022modell kjøpt i 2023. XL ramme passer fra 1.85 - 1.98 Sram force 2x12. Kjøpt som rc20, men oppgradert med wattkrank og syncros capitol 1.0 karbonhjul. Står 110mm stem på, følger med 120mm for ytteligere tilpassing. Kan leveres med syncros rp2.0 aluhjul for en snillere pris. Selges med computerfeste og flaskeholdere men uten pedaler.","5563 Førresfjorden"
"450964789","https://www.finn.no/recommerce/forsale/item/450964789","2026-03-02T15:31:07.677Z","Specialized S-works Tarmac SL6 disc 54","39000","Pent brukt - I god stand","Specialized","Unisex","Landevei","Specialized","S-Works Tarmac SL6 Disc","","54","700c","Shimano Ultegra Di2","true","true","true","Selvbildet sier S-works men lommeboka sier gekko?Da har du sjansen nå. Les hele annonsen og se bildene. Specialized S-works Tarmac Sl6 i str 54. Ultegra di2 11 delt med S-works power to-sidig wattmåler (172,5) med Rotor aero-drev (52/38), Berk Lupina sete, Carbon-Ti bremseskiver, Dura-Ace kassett (11-30) og kjede (ceramic speed UFO pre-vokset), Absolute black topcap, Frames & Gear Garmin-feste (veldig fancy), S-Works SL 120 mm stem, Prime 38 cm carbon-styre, ny Zipp styretape, DT Swiss PRC1400 med 240 nav og 50 mm felg. Satt opp med GP5000 28mm (med slange). Det følges med ekstra hoods og et ekstra Ceramic Speed UFO Dura-ace kjede(!) 6,6kg på den middels presise koffertvekten slik avbildet. Custom lakket på Nøtterøy Billakk via Service Course i Oslo (Rip). Originalt var den i en urban camo-farge (se bilde). Noen lakkskade (se bilder) fra uforsiktig reise med sykkelkoffert. Lakket med neglelakk. Berk-sete er epoxy-limt foran. Har fungert fint siste året. Batteripod på høyre wattmåler er ""løs"" og bruker batteri raskere enn venstre. Ukjent årsak. Wattmåler fungerer ellers fint. Venstre side er helt fin. Derfor prisen. Selges da 2026 ikke blir et stort sykkelår. Kan hentes og sees på Marienlyst i Oslo eller sendes med oppkrav. Vis hele beskrivelsen NB: Knappen for å vise hele beskrivelsen har kun en visuell effekt.","0362 Oslo"
"450960135","https://www.finn.no/recommerce/forsale/item/450960135","2026-03-02T15:31:09.151Z","Cannondale Synapse Hi-Mod Disc Ultegra Di2 (2020) – Topp stand – Elektronisk gir","30000","Pent brukt - I god stand","Cannondale","Herre","Landevei","Cannondale","Synapse Hi-Mod Disc Ultegra Di2","2020","56","","Shimano Ultegra Di2","true","false","true","Cannondale Synapse Hi-Mod Disc Ultegra Di2 (2020) – Topp stand – Elektronisk gir - Strlse 56 Selger en 2020 Cannondale Synapse Hi-Mod Disc Ultegra Di2 i svært god stand. Dette er en lett, komfortabel og rask endurance-landeveissykkel med karbonramme (Hi-Mod) og elektronisk girsystem. Sykkelen er brukt, men godt vedlikeholdt. Det finnes noen helt små lakkskrammer under setet, men ingen strukturelle skader og ingen tekniske feil. Den har nylig vært på full gjennomgang hos Bike Brothers, Sandnes, og verkstedet rapporterte 0 feil eller mangler. Alt fungerer som det skal – klar for ny eier. Spesifikasjoner (kort oppsummert): Hi-Mod karbonramme Shimano Ultegra Di2 (elektronisk giring) Skivebremser Komfortabel endurance-geometri Lett og responsiv Dette er en topp landeveissykkel som passer perfekt til både lange turer, ritt og trening. Seriøse henvendelser ønskes. Skambud blir ikke besvart. Ta kontakt ved spørsmål eller for avtale om visning/prøvekjøring. Vis hele beskrivelsen NB: Knappen for å vise hele beskrivelsen har kun en visuell effekt.","4316 Sandnes"
"450955861","https://www.finn.no/recommerce/forsale/item/450955861","2026-03-02T15:31:11.245Z","Cannondale Supersix EVO Carbon Disc 105 | Veil 36 999,-","22000","Pent brukt - I god stand","Cannondale","Unisex","Landevei","Cannondale","Supersix EVO Carbon Disc 105","2023","60","700c","Shimano 105","true","false","false","Selger en Cannondale Supersix EVO Carbon 105. Jeg kjøpte denne landeveissykkelen på Anton Sport i august 2023. Selger den nå grunnet overgang til ny sykkel. Size 60 - passer for 185+ Sykkelen har aldri vært i velt og oppbevart i innebod eller stuen gjennom vinterene. Det er noen merker på bakhjulet etter å ha kjørt litt for tett på en fortauskant, kun visuelt (kan lett fikses med noe sort tusj). En rask, lett og komfortabel landeveissykkel som har gitt enormt med glede, og vil gi mye glede fremover! Sykkelen selges uten pedaler, men med flaskeholdere og computer-feste. ______________ Specs (hentet fra Anton Sport): Ramme: SuperSix EVO Carbon, integrated cable routing w/ Switchplate, 12x142 Speed Release thru-axle, SAVE, PF30a, flat mount disc, integrated seat binder Gaffel: SuperSix EVO Carbon, SAVE, integrated crown race, 12x100mm Speed Release thru-axle, flat mount disc, internal routing, 1-1/8"" to 1-1/4"" steerer and 55mm offset (44-54cm), 1/8"" to 1-3/8” steerer and 45mm offset (56-62cm) Styrelager: Integrated, 1-1/8"" - 1-1/4"" (44-54cm), 1-1/8"" - 1-3/8"" (56-62cm) Gir: (F) Shimano 105, braze-on, (R) Shimano 105 GS Girskifter: Shimano 105, 11-speed Antall gir: 11 Kranksett: Cannondale 1, BB30a, 50/34 Kranklager: Cannondale Alloy PressFit30 Kjede: Shimano HG601, 11-speed *Kassett: Shimano 105, 11-30, 11-speed Nav: (F) Formula CL-712, 12x100mm centerlock, (R) Formula RXC-400, 12x142mm centerlock *Bremser: Shimano 105 hydraulic disc, 160/160mm RT64 rotors Felger: Cannondale Disc, double wall w/eyelet, 28h Eiker: Stainless Steel, 14g Dekk: Vittoria Zaffiro Pro Slick, 700x25c Styre: Cannondale 3, 6061 alloy, Compact Styrestem: Cannondale 3, 6061 Alloy, 31.8, 7° Sete: Fizik Aliante Delta, S-alloy rails Setepinne: HollowGram 27 KNØT, Alloy, 2 bolt clamp, 330mm, 15mm offset Vis hele beskrivelsen NB: Knappen for å vise hele beskrivelsen har kun en visuell effekt.","0176 Oslo"
"450952343","https://www.finn.no/recommerce/forsale/item/450952343","2026-03-02T15:31:13.312Z","Concorde landeveissykkel","5000","Pent brukt - I god stand","","Herre","Landevei","Concorde","Mistral 360","","","","","false","false","false","Selger Concorde Mistral 360 landeveissykkel. Super sykkel! Ikke lenger i bruk. Nye felger, speedometer, felgbremser, nyoverhalt og i god stand. Klikkpedaler (sko i størrelse 43 kan medfølge). Passer personer 170 - 180 cm","5141 Fyllingsdalen"
"422421269","https://www.finn.no/recommerce/forsale/item/422421269","2026-03-02T15:31:14.797Z","RC LTD 105 23, landeveissykkel, unisex - str S /52","9000","Som ny - Ikke synlig brukt","","Unisex","Landevei","","RC LTD 105","2023","S /52","700c","Shimano 105","false","false","false","Veldig pent brukt Landveisykkel sykkler ca 50 mil perfekt til nybegynner . med et par sykkelsko str 43. jeg er 173cm høy. Passer bra.","1654 Sellebakk"
"303022158","https://www.finn.no/recommerce/forsale/item/303022158","2026-03-02T15:31:16.259Z","Cervelo P5","15000","Pent brukt - I god stand","","","Landevei","Cervelo","P5","2016","48","","SRAM Red","true","false","true","Cervelo P5, str 48, xs Passer for mindre syklister under 167cm. Elektroniske gir Sram red Toppmodell fra 2016. Selges med hjul, med helt nye Vittoria Corsa dekk. Selger med ekstra sett nye dekk og slanger. Alt av ekstra utstyr følger med. Flaske og GPS holder, liten bag på ramma for gels, aero carbon-flaskeholder bak der man kan oppbevare slange mm. Carbon flaskeholder på ramma. Denne sykkelen er race ready.","1350 Lommedalen"
"426258067","https://www.finn.no/recommerce/forsale/item/426258067","2026-03-02T15:31:17.596Z","Bianchi Impulso 57","10500","Pent brukt - I god stand","Bianchi","","Landevei","Bianchi","Impulso","","57","","","false","false","false","Svært behagelig i landeveissykkel i god stand. Ny slange medfølger. Rammestørrelse 57","0558 Oslo"
"450902183","https://www.finn.no/recommerce/forsale/item/450902183","2026-03-02T15:31:19.044Z","7,,6 kg Winspace S og (M solgt) - 105 DI2 el - Carbon styre, hjul, ramme, setep","32000","Helt ny - Uåpnet/med lapp","","Unisex","Landevei","Winspace","S","","S","700c","Shimano 105 Di2","true","true","true","Førstemann til mølla (medium er solgt) - Prisgunstig og oppsiktsvekkende sykkelpakke som virkelig gir mye for pengene. Vekt uten pedaler 7,65 kg 170 mm krank 28 mm conti dekk 380 mm bredde på styre Helintegret kokpit med skulte kabler Shimano 105 elektrisk gir 50 mm karbon hjul med karbon eiker Teknisk beskrivelse av ramme: Angled T-Tail Support for Up to 32mm Tire Clearance T47 Bottom Bracket 900g for M size (Unpainted) Thinner Tubes Design X-Ray Examined T800 + M Series High-modulus Carbon UCI Approved One-Piece Molding. https://www.winspace.cc/collections/wheelsets/products/unaas-pro2-wave-rim Står klar for bruk i Oslo. For andre størrelser, styre, farger eller modeller. Send meg forespørsel her. Vis hele beskrivelsen NB: Knappen for å vise hele beskrivelsen har kun en visuell effekt.","0270 Oslo"
"450886622","https://www.finn.no/recommerce/forsale/item/450886622","2026-03-02T15:31:20.451Z","Vision 40 SC Disc Carbon TLR CL","6000","Pent brukt - I god stand","Orbea","Unisex","Landevei","Vision","40 SC Disc Carbon TLR CL","","","","","false","true","false","Vision 40 SC Disc Carbon TLR CL hjulsett selges da jeg har kjøpt nytt. Hjulsettet er pent brukt og i god stand. Bare send melding hvis du lurer på noe:)","1357 Bekkestua"
"450863241","https://www.finn.no/recommerce/forsale/item/450863241","2026-03-02T15:31:22.128Z","Canyon Aeroad CFR ramme","30000","Pent brukt - I god stand","Canyon","Unisex","Landevei","Canyon","Aeroad CFR","2024","Medium","","","true","false","false","Lufter interessen for kjøp. Pris kan diskuteres. Canyon Aeroad CFR ramme i størrelse Medium. Rammen ble kjøpt ny i Februar 2024 direkte fra Canyon. Det er kun ramme, cockpit og bremsesystem som følger med. Slik første bilde illustrerer Skal passe en kroppshøyde på rundt 178–184 cm. Jeg selv er 183cm med beinlengde 89,5cm. og passer meg perfekt. Det sies at hvis man er på vippepunktet mellom to størrelser på Canyon rammer, så skal en gå for den laveste størrelsen. Har satt en forholdsvis lav pris på rammen ifht til nypris på 54.599kr. Var uheldig og fikk flaskeholder revet ut av rammen. Dette er lappet igjen med karbon. Er ikke spesielt synlig når flaskeholder er på og i bruk. Skaden har ingen betydning for rammen sin funksjon/stivhet. Når en lapper slike skader så slipes det helt ned til alle løse karbonfibre er vekk, og så limes det lag på lag med ny karbonduk. Området anses å være sterkere enn det var opprinnelig nå. Ellers er rammen helt fri for riper eller skader. Er ikke brukt i regnvær eller på saltede veier. Står lagret tørt og varmt innendørs. Dette følger IKKE med: Krank & lager, pedaler, sadel, hjulsett, girsystem, computer/baklys feste og flaskeholdere. Dimensjoner og geometri ligger i bildene og kan også finnes på Canyon sine hjemmesider. Vis hele beskrivelsen NB: Knappen for å vise hele beskrivelsen har kun en visuell effekt.","4326 Sandnes"
"450865746","https://www.finn.no/recommerce/forsale/item/450865746","2026-03-02T15:31:23.967Z","Cannondale caad13 105","25000","Pent brukt - I god stand","Cannondale","","Landevei","Cannondale","CAAD13 105","","","","Shimano 105","false","false","false","Selger min cannondale caad 105 da den ikke blir brukt like mye som jeg haddd tenkt. Rullet ca 500km så her er det mye Sykkel igjen. Har lagt ved et bilde med mere informasjon on sykkelen fra forhandler. Nypris 38 999kr.","7027 Trondheim"
"397924403","https://www.finn.no/recommerce/forsale/item/397924403","2026-03-02T15:31:25.515Z","Specialized Tarmac S-works Sl2 Saxobank","13000","Pent brukt - I god stand","Specialized","","Landevei","Specialized","Tarmac S-Works SL2 Saxobank","2009","56","700c","SRAM Red / Force","true","true","false","Rå sykkel selges. 2009 mod str 56 Sram red bremser og gir / force krank Mavic cosmic carbone slr hjul clincher dekk. Speedplay titanium pedaler Titanium setepinne 6.8 kg Passer til personer på 175-185cm Lite brukt","6514 Kristiansund N"
"306908390","https://www.finn.no/recommerce/forsale/item/306908390","2026-03-02T15:31:26.993Z","MERIDA Scultura Endurance 6000","24000","Som ny - Ikke synlig brukt","Merida","Unisex","Landevei","Merida","Scultura Endurance 6000","2023","S","","Shimano Ultegra","false","false","false","Selger en lite brukt MERIDA Scultura Endurance 6000 2023 modell. Kjøpt ny av meg i 2024. Veilpris 37999,-. Selges siden jeg kun bruker stisykkelen. Størrelse S, men litt stor i størrelse. Full Ultegra fra Shimano. Ta kontakt for info. Flere bilder kommer.","2682 Lalm"
"431286494","https://www.finn.no/recommerce/forsale/item/431286494","2026-03-02T15:31:29.244Z","White Interceptor med Sram Force AXS 12-delt","24000","Pent brukt - I god stand","","","Landevei","White","Interceptor RC","2025","Medium","700c","SRAM Force AXS 12-speed","false","false","true","Selger ein svært allsidig og rask landevegssykkel med aeroramme og komfortabel «endurance»-geometri med stor dekklaring. Perfekt både til lange turar på asfalt og lette grusvegar. Spesifikasjonar: • Ramme: White Interceptor RC Medium (kjøpt ny i -25) • Girgruppe: Full SRAM Force AXS 12-delt(brukt, men i god stand) • Hjulsett: Mavic Ksyrium (brukt, men godt vedlikehalde) • Dekklaring: Eg har køyrt med Challenge Strade Bianchi-dekk 36mm utan problem. No står det på Gp5000 28mm. • Styre/stem: 110 mm stem og 420 mm breitt styre med litt flare (nytt) • Kan evt. følge med 90 mm stem og 400 mm styre dersom ønskeleg Sykkelen er lite brukt og har ikkje vore sykla på grus. Kan følge med eit karbonhjulsett(Reynolds Assault ltd)mot tilegg i pris Vis hele beskrivelsen NB: Knappen for å vise hele beskrivelsen har kun en visuell effekt.","0567 Oslo"
"432247471","https://www.finn.no/recommerce/forsale/item/432247471","2026-03-02T15:31:30.839Z","DBS/Daccordi La Migliore m/Shimano Dura Ace 7800 - kan sendes","7900","Pent brukt - I god stand","DBS","Unisex","Landevei","DBS","Daccordi La Migliore","","56cm","700c","Shimano Dura Ace 7800","false","false","false","Kanskje den mest legendariske sykkelen som DBS har satt navnet sitt på. Ramme bygd av Daccordi i Toscana på midten av 80-tallet, og sendt videre til Sandefjord hvor DBS gjorde resten av jobben. Denne modellen har noen av de mest unike rørene fra Columbus, Campagnolo dropouts med ""fluted"" overrør, både lett og stiv, rett over 9kg i nåværende form. Størrelse 56cm center-to-center, passer fint til noen på 170-185cm (+/-). Fullstendig demontert og bygd opp med komplett Shimano Dura Ace 7800 10s gruppesett. Selle Italia SLR Carbon sete. Setepinne og styre i karbon, her er det ikke spart på noe. Masse nye deler, blant annet 28c dekk, slanger, styrelager, styretape, bremseklosser, kjede, keramisk kranklager, pedaler, strømper og wire. Alt annet er i særdeles god stand. Akkurat fått full service med alle justeringer. Har også sykkelskopedaler som kan følge med for den som heller vil ha det. Perfekt til sykkelrulla gjennom vinteren Har pusset opp og solgt snart 50 sykler på Finn de siste årene, og har bygget sykler i over 15 år nå, så alt ligger til rette for en god kjøpsopplevelse.","7030 Trondheim"
"429348779","https://www.finn.no/recommerce/forsale/item/429348779","2026-03-02T15:31:32.288Z","Scott Speedster","7500","Pent brukt - I god stand","Scott","","Landevei","Scott","Speedster","2015","L","","","false","false","false","Sykkelen er en Scoot Speedster 2015 model. Kjøpt i 2016. Lite brukt av forrige eier og av meg. Noe slitasje, men det er ikke mye. Speedometer og distanse-måler følger med. 1 flaskeholder, pedaler og veske under setet med reserve-slange følges med. Girsystemet er 2x11 og dekkene er 26mm brede. Dekkene er nye fra sommer 2025. Størrelse L. Jeg er 184 og den passer meg perfekt. Passer nok folk fra 178-188 😊 En perfekt og stilig sykkel for de som er nye til sykkelsporten.","7030 Trondheim"
"424972045","https://www.finn.no/recommerce/forsale/item/424972045","2026-03-02T15:31:33.931Z","Monoc Vipera landeveissykkel","5000","Pent brukt - I god stand","","Unisex","Landevei","Monoc","Vipera","","","","Shimano 105","false","false","false","Tilnærmet ubrukt Monoc Vipera landeveissykkel - aluminium. Italiensk kvalitetssykkel. Shimano 105 utstyrsgruppe. Brukt i ca 30 mil. Meget god stand selv om den er noen år. Vil tro den passer person mellom 160-175 cm. Kjøpt som ubrukt i juni 2025, men den ble for liten for meg (184). Må prøves/hentes i Tromsdalen.","9020 Tromsdalen"
"367333291","https://www.finn.no/recommerce/forsale/item/367333291","2026-03-02T15:31:35.806Z","Specialized s-works roubaix str 56 sram etap elektroniske gir trådlåst","23000","Pent brukt - I god stand","Specialized","","Landevei","Specialized","S-Works Roubaix","","56","","SRAM Red eTap","true","false","true","Helt nye roval felger. Gir gruppe sram red etap brukt veldig lite carbon krank krank drev 50/34 kasett 11/32.veier ca 7,4 kg med pedaler","4580 Lyngdal"
"441873606","https://www.finn.no/recommerce/forsale/item/441873606","2026-03-02T15:31:37.288Z","Wilier garda 105 m/wattkrank og unaas hjulsett","105","Pent brukt - I god stand","","","Landevei","Wilier","Garda 105","","L","","Shimano 105","false","true","false","Selger min wilier garda 105 i størrelse large. Sykkelen er kjøpt i august og syklet 1100km med. Sykkelen har ikke vært i velt eller krasjet med. Et par små riper, kun kosmetiske, ellers er sykkelen så god som ny. Sykkelen har blitt oppgradert med unaas 50mm lyd karbon hjulsett. På disse er det satt på 32mm continental gp 5000 dekk med slangeløst (tubeless) oppsett. Sykkelen har gode skivebremser og mekanisk shimano 105 gruppe. I tillegg til dette har jeg byttet ut venstre krankarm med en 4iiii wattmåler som måler ene siden. Veil pris 52 000 med alt utstyr Beste tilbud i skrivende stund for alt kommer på 43 000. Ta kontakt hvis du har spørsmål.","0467 Oslo"
"130569956","https://www.finn.no/recommerce/forsale/item/130569956","2026-03-02T15:31:38.695Z","Ridley Fenix fullkarbon racersykkel. Selges rimelig!","23000","","","","Landevei","Ridley","Fenix","2013","M/L","700c","Shimano Ultegra","true","false","false","Ridley Fenix racersykkel lite brukt. Størrelse M/L. Jeg er selv 175 cm. - Ramme/gaffel, 24 t HM carbon - Krank, Rotor 3D - Gir foran og bak, Ultegra - Pedaler, Ultegra - Hjul, Fulcrum Racing 7 -Styr/stem/salpinn/sal, 4ZA Stratos Veil pris ved kjøp i 2013: 32.000 ,- Oppbevart tørt og beskyttet i bod i alle år og vasket etter bruk. Sykkelen er fantastisk, men selges pga jobbytte og behov for å sykle ble minimert. Ved rask avgjørelse kan pris diskuteres.","0268 Oslo"
"450008197","https://www.finn.no/recommerce/forsale/item/450008197","2026-03-02T15:31:40.204Z","Dare VSRU Large","45000","Pent brukt - I god stand","","Unisex","Landevei","Dare","VSRU","","Large","","Shimano Ultegra","true","true","false","Dare VSRu i Large Regelmessig vasket og gjort service på deler. Noen bruksmerker, men kun i lakken og kosmetisk. Kranken er helt ny og ubrukt. Ta kontakt for spørsmål eller gjerne kom med bud. Utstyr: • Shimano Ultegra 12-Delt Girgruppe • DT Swiss ARC 1400 Dicut 50mm hjul • 11-34 kassett & 52/36 172.5mm krank • Ceramic speed OSPW • Selle Italia sete • Kommer med Deda Superbox 130mm stem & Pro Vibe Aero Pursuit Styre 36cm + K-Edge Garmin Computermount • Ekstra Dare Aero styre 40cm/130mm","3014 Drammen"
"450341277","https://www.finn.no/recommerce/forsale/item/450341277","2026-03-02T15:31:41.772Z","Specialized Tarmac Sport SL6 str 52","30000","Pent brukt - I god stand","Specialized","Herre","Landevei","Specialized","Tarmac Sport SL6","2020","52","700c","","false","false","false","Størrelse 52 vil nok passe for 163-173 cm Kjøpte sykkelen i mars/april 2020 hos sykkelbutikken. Har fulgt alle servicer hvert år og hatt den inne for småreperasjoner/service hos sykkelbutikken. Kjøpte nye aluminium hjul DT SWISS PR 1600 i 2025, byttet også slange, dekk og ny teip innvendig på hjulene. Kun kjørt 200km. Siden mai 2025 har den ikke vært brukt pga interessen for sykling er borte Har stått i oppvarmet garasje hele tiden. Er litt stygge merker noen plasser fra når jeg kjørte utenfor en asfaltkant på trang veg med stekende sol rett i fjeset.","5239 Rådal"
"251986912","https://www.finn.no/recommerce/forsale/item/251986912","2026-03-02T15:31:43.369Z","Elsykkel","13000","Pent brukt - I god stand","DBS","Herre","Landevei","DBS","","2018","Medium","","","false","false","false","Sykkelen er lite brukt og fremstår som ny. Rammestørrelse er Medium. Sykkelen er kjøpt høsten 2018, den er ikke brukt i vinterhalvåret.","1890 Rakkestad"
"423240041","https://www.finn.no/recommerce/forsale/item/423240041","2026-03-02T15:31:44.771Z","White RR Pro","5500","Pent brukt - I god stand","","","Landevei","White","RR Pro","","L (55,5cm)","","","false","false","false","White rr pro selges. Str. L (55,5cm) Passer til personer som er mellom 178-185. Selges grunnet oppgradering. Selges uten pedaler, men flaskeholdere medfølger! 5500,- Kan hentes i Oslo.","0970 Oslo"
"417042300","https://www.finn.no/recommerce/forsale/item/417042300","2026-03-02T15:31:46.339Z","Giant Propel Advanced Pro 0 - pent brukt 2023 modell Ultegra Di2","50000","Pent brukt - I god stand","Giant","Herre","Landevei","Giant","Propel Advanced Pro 0","2023","L","700c","Shimano Ultegra Di2","true","true","true","Selger en Giant Propel siden den ikke blir brukt like mye som tiltenkt. Sykkel ble kjøpt ny hos Olympia Sport i Tønsberg våren 2023 og siden den gang har den rullet til sammen 570 mil. Sykkelen blåste overende da den sto parkert første sommeren. Dette ga et par merker på gear, sete og felg bak (se bilder). Jeg har ikke gjort noe med det, da det er kun er kosmetisk og ikke har påvirket funksjon. Sykkelen kommer nettopp fra service der den fikk oppdatert programvare, nye dekk (Continental GP 5000) og slanger. Pris kr. 3200,- Felgene er av typen hookless, men jeg har benyttet slange for å enkelt skifte dekk selv hvis uhellet er ute. Rammen er str. L som passer til personer mellom 183 – 193 cm. Styret er kappet et par shims for mer aero sittestilling og pedalene er Shimano Ultegra. Ultegra Di2 med raskt gearskift på hendel og toppen av styret. Vekt uten pedaler er ca. 7,7 kg i str. L. Felgene er Giants egne SLR-1 i karbon med 50 mm profil for gode allround egenskaper. De er stive, responsive og ruller svært bra uten at vinden får tak i forhjulet. Pris for denne modellen i dag er kr. 75.000,- Sykkelen kan besiktiges og prøves i Tønsberg. Ønsker ikke å sende. Kun seriøse henvendelser. Vis hele beskrivelsen NB: Knappen for å vise hele beskrivelsen har kun en visuell effekt.","3125 Tønsberg"
"450687038","https://www.finn.no/recommerce/forsale/item/450687038","2026-03-02T15:31:47.816Z","Orbea Orca M30i 105 str 55 2025 Unaas 50 LTD","40000","Pent brukt - I god stand","Orbea","Unisex","Landevei","Orbea","Orca M30i","2025","55","700c","Shimano 105 Di2","true","true","true","Orbea Orca M30i str 55 2025 modell vurderes solgt til fordel for andre prioriteringer. Pent og lite brukt landeveissykkel fra Orbea, 70% på rulle innendørs. Sømløs elektrisk giring med Shimano 105 Di2. Oppgradert til Unaas 50 LTD hjul med continental grand prix 5000 dekk. 1 år igjen med gratis service på hjul hos Unaas. Skambud besvares ikke. Pedaler, garminfeste og flaskeholdere følger ikke med. Kan leveres mellom Oslo-Hønefoss-Beitostølen etter avtale. Beskrivelse fra Unaas: Orbea har nå lansert 2025 utgaven av deres flaggskip: Orca. Dette er syvende generasjon i serien og sykkelen er selvsagt mer gjennomført enn noen gang før. Rammen kommer i to utgaver: toppmodellen med OMX ramme med en vekt på rett over 700gram, og den mer prisgunstige varianten OMR rammen på litt over 1000gram. Orbea har oppnådd dette ved å benytte seg av en mer tradisjonell ramme med runde rør, selv om den fremdeles har ganske radikale linjer, i stedet for avkortede aerodynamiske rørprofiler. Kombinert med lette komponenter og lakk som veier kun 15g, har vi testet at sykkelen med enkelte oppgraderte komponenter veier kun 7,2kg med våre Unaas hjul. Den nye Orca er en virkelig god allround sykkel med mulighet for komfortabel geometri. Orbea har lagt mye innsats i utviklingen mot en leken sykkel som klatrer godt. Med en kombinasjon av umiddelbar respons og smidighet, samtidig som rammen er svært aerodynamisk med gjennomtenkte former både for stivhet og aerodynamikk. De har gjort små endringer i rammegeometrien fra den eldre modellen, med en kortere akselavstand. Rammen har klaring for dekk med bredde opp til 32mm. Omtale sier: The truth is that the Orca M30i has left us with a great taste in our mouth because it seems to us, in its price range, a purchase option difficult to beat. A carbon frame whose difference with the top of the range model is practically reduced to a small weight difference, a groupset with perfect performance and wheels with carbon rim and maximum technology. Orbea sier at de ikke har helt forlatt aerodynamiske egenskaper, og viser til gaffelformen, som reduserer luftmotstand samtidig som den sparer vekt. De har også intern ruting av bremseledningen for å forbedre aerodynamikken og gi sykkelen er rent og pent utseende. Den nye setepinneklammen har lav profil for å forbedre luftstrømmen og kan brukes med et bredt utvalg av runde setepinner. Denne modellen er Orbea M30i som beskriver at denne sykkelen er utstyrt med elektrisk 105 Di2 girgruppe, Orbea sine egne hjul og komponenter. Du kan selvsagt også oppgradere til våre Unaas karbonhjul om ønskelig. Her en utrolig god sykkel i en mappe som gir mest valuta for pengene. Dette sier Orbea om sykkelen: PRAISE THE LIGHT The most efficient Aero bikes can never be truly lightweight and in the same way the lightest bikes can never be super aero. Trying to make a tool do many different jobs often results in something that isn’t good at anything. Orca isn’t just light. It is 6.7kg of climbing technology designed to change how you reach the top. The feeling of a bike this light and efficient is unbeatable, and this instant acceleration, vibration absorption and responsive handling come from a frame which knows where it needs to be light and where it needs to be stiff. Dette er med OMX rammen og Dura Ace Di2 gruppe som bildet under viser. Omtale av nye Orca fra VeloVeloVelo Spesifikasjoner: FRAME Orbea Orca carbon OMR 2025, monocoque construction, HS 1,5"", BB 386mm, powermeter compatible, Rear Thru Axle 12x142mm, thread M12x2 P1, internal cable routing. FORK Orbea Orca OMR ICR 2024, full carbon, 1-1/8"" - 1,5"" tappered head tube compatible, Thru axle 12x100mm, thread M12x2 P1. HEADSET FSA 1-1/2"" Integrated Aluminium Cup CRANKSET Shimano 105 R7100 34x50t SHIFTERS Shimano Di2 R7170 CASSETTE Shimano 105 R7100 11-34t 12-Speed REAR DERAILLEUR Shimano 105 Di2 R7150 FRONT DERAILLEUR Shimano 105 Di2 R7150 CHAIN Shimano M6100 HANDLEBAR OC Road Perfornace RP31-R, Rise 15, Reach 70, Drop 125 STEM OC Road Performance RP21, -6º BRAKES Shimano R7170 Hydraulic Disc WHEELS Alloy, Tubeless, 700c, 19c, 28H TYRES Vittoria Zafiro V Rigid bead 700x28c FRONT WHEEL AXLE Orbea Thru Axle 12x100mm M12x2 P1 Solid REAR WHEEL AXLE Orbea Thru Axle 12x142mm M12x2 P1 Solid SEATPOST Carbon, 27.2mm, Setback 20 SADDLE Fizik Aliante R5 HANDLEBAR TAPE Orbea Eva Vis hele beskrivelsen NB: Knappen for å vise hele beskrivelsen har kun en visuell effekt.","3514 Hønefoss"
"352166167","https://www.finn.no/recommerce/forsale/item/352166167","2026-03-02T15:31:50.472Z","Fuji Speedmax Bike selges","6000","Som ny - Ikke synlig brukt","","","Landevei","Fuji","Speedmax","","","","","false","false","false","Sykkel merke Fuji Speedmax Bike selges. Brukt 3-4 ganger. Rammemål tror jeg er 21 eller 22 tommer. Passer til personhøyde rundt 170 cm. Nypris 12.000,- Selges til høystbydende. Minstepris 6.000,-","2618 Lillehammer"
"421929659","https://www.finn.no/recommerce/forsale/item/421929659","2026-03-02T15:31:52.148Z","Diamant Pinnacle R2","6500","Pent brukt - I god stand","","","Landevei","Diamant","Pinnacle R2","","57","","","true","false","false","Hel og pen Diamant Pinnacle R2 selges! Dette er en lett sykkel i karbonfiber. -nytt kranklager - ny styretape (Sram kork) - nytt kjede (voks) - ny framfelg (Shimano WH - RS500) Størrelse 57","2260 Kirkenær"
"440528571","https://www.finn.no/recommerce/forsale/item/440528571","2026-03-02T15:31:53.683Z","PENT BRUKT - FELT AR FRD Str 56","49000","Pent brukt - I god stand","","Unisex","Landevei","Felt","AR FRD Ultimate","2024","56","700c","Shimano Ultegra Di2","true","true","true","Felt AR FRD Ultimate str 56 Lufter min Felt AR FRD for salg. Dette er toppmodellen i AR-serien – Felt sin mest avanserte og aerodynamiske ramme. FRD-rammen (Felt Racing Development) er bygget med karbon av høyeste kvalitet og gir maksimal stivhet, lav vekt og suveren aerodynamikk. Sykkelen er kjøpt ny i 2024 og er lite brukt, totalt ca. 3000–4000 km. Den er kun syklet på i sommerhalvåret og ikke i regn. Oppbevart innendørs og aldri veltet. Den har noen få små slitemerker etter normal bruk, men fremstår generelt som svært pen. Nypris rundt 100 000 Les mer om sykkelen her: https://sykkelen.no/sykkeltester/landeveissykkel/test-av-felt-ar-frd-ultimate-red-axs-aerosykkel/ (*annet hjulsett og girgruppe enn i testen) ⸻ Spesifikasjoner • Ramme: Felt AR FRD – toppmodell aero-karbonramme • Girgruppe: Shimano Ultegra Di2 12-delt • Hjulsett: Shimano Ultegra C50 karbonhjul • Styre: PRO Vibe karbonstyre • CeramicSpeed BottomBracket • Dekk: Continental GP5000 – satt opp tubeless Diverse utstyr som di2 lader og Garmin computerfeste følger med ⸻ Sykkelen passer for ryttere ca. 175–183 cm, avhengig av sittestilling og preferanser. Kan også selges med 1cm lenger stem. ⸻ Kan fraktes til kjøper rundt på østlandet. Ta kontakt hvis du ønsker mer info eller flere bilder! Vis hele beskrivelsen NB: Knappen for å vise hele beskrivelsen har kun en visuell effekt.","0752 Oslo"
"450672677","https://www.finn.no/recommerce/forsale/item/450672677","2026-03-02T15:31:55.162Z","Cannondale landeveissykkel","12900","Pent brukt - I god stand","Cannondale","Unisex","Landevei","Cannondale","","","52cm","","Shimano 105","false","false","false","Cannondale landeveissykkel vurderes solgt 52cm Handmade in USA. Gaffel: Carbon / Karbon Bremser: Shimano 105 Pent brukt 8kg Nye dekk, kun gått noen få turer. akkurat vært på service. Alt i orden. Vurderer å selge pga flytting Kom gjerne med bud Jeg har fått montert drikkeflaske holdere. Kan følge med vanlige pedaler og sko + annet utstyr om ønskelig","0484 Oslo"
"450662065","https://www.finn.no/recommerce/forsale/item/450662065","2026-03-02T15:31:56.656Z","Merida Scultura landeveissykkel herre selges XL XL 28""/700c","6900","Pent brukt - I god stand","Merida","Herre","Landevei","Merida","Scultura","","XL","700c","","true","false","false","Merida Scultura landeveissykkel med rammestrørrelse XL (passer ca. 187 cm og oppover). Lett og rask sykkel, fin både til trening og lengre turer på asfalt. Kullfiberramme. Nye dekk. Nylig service på gir og bremser – fungerer som de skal. Pent brukt og i god stand. Sykkelen passer godt for høyere førere (jeg er 196 cm og den passer fint). Selges fordi den ikke blir brukt. Pris: 6 900 kr (kan diskuteres ved rask handel).","0760 Oslo"
"441458093","https://www.finn.no/recommerce/forsale/item/441458093","2026-03-02T15:31:58.472Z","Trek Madone 45 karbon","7500","Pent brukt - I god stand","Trek","Herre","Landevei","Trek","Madone 45","","","","","true","false","false","Veldig pen eldre komfort racer i karbon","1479 Kurland"
"347934419","https://www.finn.no/recommerce/forsale/item/347934419","2026-03-02T15:31:59.885Z","Nydelig klassiker fra 70-tallet - Gios Torino Super Record","6000","","","","Landevei","Gios","Torino Super Record","","54cm","","Campagnolo Gran Sport","false","false","false","Gios Torino Super Record fra 70 - tallet selges. Modellen er en kjent klassiker, de fleste har mellomblå ramme, denne er originalt rød. Bildet viser sykkelen uten den originale setepinnen, se eget bilde for den. Pedalbøylene er demontert, men følger med.Sykkelen er utstyrt som følger: Rammestørrelse 54cm - 54cm Komplett Campagnolo Gran Sport gruppe. Kranksett 53/39 6-delt kassett Hjul: Ambrosio Durex Super Professional felg Maillard Professional nav Dekk tubular 21mm(?) Campagnolo Gran Sport pedaler SAN Marco Rolls sete Sykkelen er lydløs og ruller svært godt, en original klassiker i god stand. Sykkelen kan sees og hentes på Frogner i Oslo Vis hele beskrivelsen NB: Knappen for å vise hele beskrivelsen har kun en visuell effekt.","0260 Oslo"
"370564003","https://www.finn.no/recommerce/forsale/item/370564003","2026-03-02T15:32:01.407Z","Canyon Endurace CF SL 8 Aero (2023 mod)","45000","Som ny - Ikke synlig brukt","Canyon","Herre","Landevei","Canyon","Endurace CF SL 8 Aero","2023","M","700c","Shimano Ultegra Di2","true","true","true","Fantastisk landeveissykkel på 7, 5 kg, med ramme, gaffel, setepinne og hjul i karbon. Sykkelen har komplett Di2 ultegra gir og wattmåler. Sykkelen er i rammestørrelse M som passer for lengde 177-185 cm. Svært lite brukt. fremstår som ny! Selges med pedaler Shimano Ultegra PD-R8000 Carbon Selges for kr 45000,- Med tilleggsutstyr fra Apidura og Garmin Edge 1040 Solar Sykkelcomputer er du klar for lengre turer. Tilleggspris per komponent (2023) er: • Apidura Sadlebag Expedition Saddle Pack (14 L) - Ubrukt! Kr 1900,- • Apidura Top tube: Racing Long Top Tube Pack (2 L) - Som ny-ikke synlig brukt! Kr 1000,- • Apidura Framepack: Racing Frame Pack (4 L) - Som ny-ikke synlig brukt! Kr 1400,- • Garmin Edge 1040 Solar Sykkelcomputer (2023): Som ny-ikke synlig brukt! Kr 6000,- Utstyr Ramme: • Canyon Endurace CF SL, Endurance road bike with aero-optimised tube shapes, and proven comfortable-yet-agile Sport Geometry for long-distance riding., Material: Carbon, Axle Dimension: 12 x 142 mm, Brake mount: flat mount • BB Standard: BB86/BB92, Press Fit • Tire Clearance: 30c Gaffel: • Canyon FK0098 CF Disc, Material: Carbon, Steerer: 1 1/4"", Axle dimensions: 12 x 100 mm, Brake mount: flat mount Kranklager: • Shimano Pressfit BB72, Pressfit BB86 road standard, compatible with 24 mm axles featuring Hollowtech 2 technology., Weight: 69 g Gir: • Bakgir: Shimano Ultegra Di2 R8150, 12-speed • Framgir: Shimano Ultegra Di2 R8150, 12-speed, Maximum chainring size: 50-52T, Mounting interface: braze-on • Girskifter: Shimano Ultegra Di2 R8170 2s | Shimano Ultegra Di2 R8170 12s Kassett: • Shimano Ultegra R8100, 12-speed, 11-34T Bremser: • Shimano Ultegra Di2 R8170 2s | Shimano Ultegra Di2 R8170 12s Hjul og dekk: • Felg:DT Swiss ERC1400 Dicut • Dekk: Continental GP5000s TR, 30mm • Disc Rotors: Shimano MT800, Weight: 133 g Krank med wattmåler: • Shimano Ultegra R8100 4iiii Precision Powermeter Sete og setepinne: • Sete: Fizik Tempo Argo R3, Endurance saddle with pressure-relieving short-nose design. Shell material: nylon. Rail material: Kium hollow. • Setepinne: Canyon S15 VCLS 2.0 CF, Material: Carbon, Setback: 13 mm / 25 mm, Technology: VCLS 2.0 | Fliphead, Weight: 220 g Vis hele beskrivelsen NB: Knappen for å vise hele beskrivelsen har kun en visuell effekt.","6854 Kaupanger"
"421445062","https://www.finn.no/recommerce/forsale/item/421445062","2026-03-02T15:32:03.333Z","Cannondale CAAD12 Disc, 105 di2, karbonhjul, str 58","29000","Pent brukt - I god stand","Cannondale","","Landevei","Cannondale","CAAD12 Disc","","58","700c","Shimano 105 Di2","false","true","true","CAAD12 satt opp med moderne komponenter. - Gir: Full Shimano 105 di2-gruppe - Setepinne: Cannondale Save i karbon - Sete: Selle Italia SLR Boost Superflow i str S3 - Styre: Zipp SL-70 i 40 cm - Styretape: Supacaz Super Sticky Kush - Stem: Deda Zero 2, 110 mm - Hjulsett: Nextie Racing Road med DT350-Nav - 49 mm fremme og 54 mm bak - Dekk: Continental GP5000 S TR - 28 mm fremme og 30 mm bak - Bremseskiver: RT-MT800 160 mm - Krankutveksling: 50-34 - Kasettutveksling: 11-36 - Krankarmlengde: 172,5 mm - Kranklager: Tripeak Twistfit - Kjede: M7100 vokset med Silca Secret Chain Blend - Ramme: CAAD12 Disc i størrelse 58 med flatmount både fremme og bak. Aldeles nydelig sykkel. Stort sett brukt på lengre turer. Diverse folie på rammen for å beskytte lakken ved bruk av lett rammeveske - kan enkelt demonteres. Svart tape over opprinnelige hull for mekaniske gir. Dekkene er satt opp med RideNow TPU-slange foran og slangeløst bak. Kan legge i slange bak før salg hvis ønskelig. Skramme i lakken på høyre side av styrerøret. Kan selges uten hjulsett mot avslag på 8 000 kroner. Vis hele beskrivelsen NB: Knappen for å vise hele beskrivelsen har kun en visuell effekt.","7047 Trondheim"
"450636864","https://www.finn.no/recommerce/forsale/item/450636864","2026-03-02T15:32:04.848Z","Orbea Orca OMX m/watt (Veil. 97.990,-)","46990","Pent brukt - I god stand","Orbea","","Landevei","Orbea","Orca OMX","2025","51","","SRAM Force AXS","true","false","true","Orbea Orca OMX i nydelig fargekombinasjon luftes for salg. Størrelse 51 (ca. 165-180cm). Sykkelen har trillet lite og var hentet ut i juli 2025. SRAM Force AXS med wattkrank og 165mm kranker (byttet fra 170). Selges med et annet sete, uten pedaler og flaskeholdere. Ta kontakt for en hyggelig sykkelprat! Må hentes i Oslo eller Sandefjord.","0366 Oslo"
"450633904","https://www.finn.no/recommerce/forsale/item/450633904","2026-03-02T15:32:06.429Z","Dare TSRf temposykkel str S (170-180cm)","28000","Pent brukt - I god stand","","","Landevei","Dare","TSRf","","S","","Shimano Ultegra Di2","false","true","true","Dare TSRf i størrelse S Sykkelen er relativt stor i størrelsen og vil anta den passer ca 170-180cm. Er selv ca 178cm og føler jeg er i øvre del av anbefalt høyde for størrelsen 11-delt Shimano Ultegra Di2 Krank - Shimano Ultegra 52/36 170mm Bakgir- Shimano Ultegra Frontgir- Shimano Ultegra Hendler - Shimano Dura-Ace Hjulsett - DT Swiss PRC 1400 65/80mm med 240 nav Noe slitasje på drivverk, dekk bør byttes og wire til bremser er modent for utskiftning Ta kontakt for spørsmål! Søkeord Tempo Temposykkel Triatlon Triathlon Triatlonsykkel Landevei Landeveisykkel Vis hele beskrivelsen NB: Knappen for å vise hele beskrivelsen har kun en visuell effekt.","0971 Oslo"
"427159003","https://www.finn.no/recommerce/forsale/item/427159003","2026-03-02T15:32:08.604Z","GIANT LIV EnviLiv Advanced 1 XS Mechanic Rose 2025 with FREE BIKE BAG","47000","Som ny - Ikke synlig brukt","Giant","Unisex","Landevei","Giant","Liv EnviLiv Advanced 1","2025","XS","700c","Shimano 105 Di2","true","true","true","Key Features Carbon Fibre Frame: Super lightweight & durable. Shimano 105 Di2: Ultra reliable wireless shifting Giant Wheelset: With tubeless technology for increased grip & reduced risk of punctures. Specification Frame: Advanced-grade composite, 12x142mm thru-axle, disc Fork: Advanced-grade composite, full-composite OverDrive Aero steerer, 12x100mm, disc Shifters: Shimano 105 Di2 2x12 Crankset: Shimano 105, 36/52 Cassette: Shimano 105, 12-speed, 11x34 Chain: KMC X12L-1 Front Derailleur: Shimano 105 Di2 Rear Derailleur: Shimano 105 Di2 Bottom Bracket: Shimano, press fit Pedals: Not supplied Rims: Giant SLR 2 50 Carbon Disc WheelSystem, [F] 50mm, [R] 50mm Front Hub: Giant alloy, CenterLock, 12mm thru-axle Rear Hub: Giant alloy, pawl driver(3-pawl 30t), CenterLock, 12mm thru-axle Tyres: Giant Gavia Course 1, 700x25c (28mm), folding, tubeless Brakes: Shimano 105 Di2 hydraulic, Shimano RT-70 rotors [F]160mm, [R]140mm Handlebars: Liv Contact SL Aero, 31.8mm Handlebar Tape: Liv Stratus Elite 2.0 Stem: Giant Contact SL Aero Saddle: Liv Alcara SL Seatpost: Giant Vector, composite Accessories: Out front computer mount, two bottle cages, factory tubeless set up, 30mm max tyre size Weight: Not Available Vis hele beskrivelsen NB: Knappen for å vise hele beskrivelsen har kun en visuell effekt.","1385 Asker"
"423228634","https://www.finn.no/recommerce/forsale/item/423228634","2026-03-02T15:32:10.086Z","Landeveissyklel Str. 57","14000","Pent brukt - I god stand","","Unisex","Landevei","","","","57","700c","SRAM Red","true","true","false","FULL CARBON RAMME. Superlett landeveissykkel Sram red gir TRP bremser FSA SLK carbon krank C4 RE3.0 carbon hjul Rammestørrelse 57 Den passer for 175 til 190cm. Sykkelen er kun 6,9 kg!! så lett som en fjær! Alle deler fungerer bra…","4631 Kristiansand S"
"450577442","https://www.finn.no/recommerce/forsale/item/450577442","2026-03-02T15:32:11.727Z","Aeroad CF SLX 7 Disc eTap- Pale Green","22000","Godt brukt - Synlig brukt","Canyon","Unisex","Landevei","Canyon","Aeroad CF SLX 7 Disc eTap","2023","","","SRAM Rival eTap","true","false","true","Canyon landeveisramme selges – kjøpt april 2023 Selger en Canyon racersykkel-ramme kjøpt ny i april 2023. Rammen er pent brukt og har fungert helt problemfritt. Den selges fordi resten av komponentene er brukt til å bygge opp ny sykkel. Rammen har ikke vært utsatt for velt eller skader. Det finnes noen normale bruksmerker ved kranken etter vanlig bruk, men ingenting som påvirker funksjon eller holdbarhet. Dette er en flott mulighet for deg som vil bygge opp en kvalitetslandevei med en solid og lett ramme som utgangspunkt. Ta kontakt ved spørsmål eller ønske om flere bilder 😊","1392 Vettre"
"416924877","https://www.finn.no/recommerce/forsale/item/416924877","2026-03-02T15:32:13.184Z","Strøken Ridley Helium SLX Disc","50000","Pent brukt - I god stand","Andre merker","Herre","Landevei","Ridley","Helium SLX Disc","","L","700c","Shimano Ultegra Di2","true","true","true","Våren er rett rundt hjørnet og det samme er landeveisesongen, sikre deg årets sykkel allerede nå! Strøken custom Ridley Helium SLX Disc med Ultegra Di2, Wattmåler og DT Swiss hjulsett selges. Custom farge kombinasjon valgt gjennom Ridley. Bestilt som rammesett og bygget opp med selvvalgte deler hos Sørensen Sykler. Har fullstendig innvendig kabelføring, men samtidig tradisjonelt styre og stem. Sammen med tradisjonell geometri på rammen gir det et veldig «cleant» og klassisk utseende. Er i veldig god stand og lite brukt, ser nærmest ny ut. Brukt i underkant av 2000 km. Har nettopp vært på full sjekk hos Sørensen Sykler. Ramme: Ridley Helium SLX Disc str. L Gaffel: Ridley Helium SLX Disc Stem: Zipp Service course SL 130mm -6 grader Styre: FSA K-Force compact 42cm(drops), 40cm(hoods) Setepinne: Zipp SL speed, 27,2mm, 20mm setback Sete: Specialized Toupe Pro, Carbon rails Hjulsett: DT Swiss ARC 1400 50mm, 240 hubs Dekk: Continental GP5000 28mm Hendler: Ultegra Di2 R8070 Frontgir: Ultegra Di2 R8050 Bakgir: Ultegra Di2 R8050 Bremser: Ultegra R8070 Bremseskiver: Shimano XTR 160mm Kassett: Ultegra R8000 11-34 Kjede: Dura Ace 11s Krank: Dura Ace 9100 175mm Drev: Dura Ace 9100 52/36 Wattmåler: Stages Dura Ace dual power meter Vekt ca. 7,3kg Nb! Selges uten pedaler. Sykkelen er i veldig god stand og selges da jeg ikke kan forsvare å ha to landeveissykler. Jeg er 188cm høy og sitter perfekt på denne. Vil kunne passe deg mellom ca. 185-200cm. Nypris på samme sykkel og deler er ca. 110 000kr Sykkelen kan ses/hentes i Lørenskog. Vis hele beskrivelsen NB: Knappen for å vise hele beskrivelsen har kun en visuell effekt.","1475 Finstadjordet"
"428357960","https://www.finn.no/recommerce/forsale/item/428357960","2026-03-02T15:32:14.662Z","Trek Landevei Sykkel Unisex Blå og Hvit str. 58","5500","Godt brukt - Synlig brukt","Trek","Unisex","Landevei","Trek","","","58","","","false","false","false","Landeveissykkel til salgs – rimelig og klar for nye eventyr! Perfekt for deg som vil begynne med landeveissykling, eller som ønsker en rask og sporty pendlesykkel. En flott mulighet til å skaffe seg en racer til en veldig god pris! Kjøpt for å bruke som pendlersykkel, men har skaffet ny.","0275 Oslo"
"450554999","https://www.finn.no/recommerce/forsale/item/450554999","2026-03-02T15:32:16.241Z","Tacx Bushido Smart + Jamis 54 - komplett pakke","6000","Pent brukt - I god stand","","Unisex","Landevei","Jamis","Ventura","2012","54cm","700c","","false","false","false","Selger en komplett og klar-til-bruk treningspakke for både ute- og innetrening. 🚴 Sykkel Jamis Ventura (ca. 2012-modell) Rammestørrelse 54 cm (passer ca. 170–180 cm) 2x10 gir, aluminiumsramme med karbongaffel og felgbremser. Solid og lett landeveissykkel som fungerer som den skal. 🌀 Smart-rulle Tacx Bushido Smart (Bluetooth og ANT+). Interaktiv rulle med wattmåling, kompatibel med Zwift m.m. Perfekt for strukturert innetrening. 📱 Styrestativ Tacx styrestativ / nettbrett-holder følger med – perfekt til mobil/nettbrett under øktene. 🎁 Ekstrautstyr som følger med • Flere par sykkelsko str. 42 (to par nesten ikke brukt) • Ekstra par sko • Seteveske • Multiverktøy • Dekkspaker • VDO sykkelcomputer med feste • Smøring / vedlikeholdsutstyr • Regntrekk / oppbevaring • Diverse smådeler og fester Selges samlet som komplett pakke. Alt fungerer og er i god brukt stand med normal slitasje. Dette er ferdig rigg for både ute- og innetrening - du slipper å kjøpe noe ekstra og sparer både tid og penger Pris er satt etter samlet verdi på sykkel, smart-rulle og utstyr. Tacx Bushido Smart-rulle kan selges alene for 2990 kroner (bluetooth/ANT+ og wattmåling). Åpen for seriøse bud ved rask handel. Vis hele beskrivelsen NB: Knappen for å vise hele beskrivelsen har kun en visuell effekt.","1511 Moss"
"450553543","https://www.finn.no/recommerce/forsale/item/450553543","2026-03-02T15:32:17.724Z","Scott landeveissykkel 54 cm 28""/700c unisex","35000","Pent brukt - I god stand","Scott","Unisex","Landevei","Scott","Addict RC 15","2024","M (54)","700c","Shimano Ultegra Di2 12s","false","true","true","Selger min Scott Addict RC 15 fra 2024, en toppmodell racer med premium komponenter, perfekt for både trening og konkurranse. Spesifikasjoner: Rammestørrelse: M (54) Gir: Shimano Ultegra Di2 12s Krank: Shimano Ultegra 52-36 Kassett: Shimano Ultegra 11-30 Hjul: Syncros Capital 1.0 35mm karbon Tilbehør: Selges med Di2-lader Sykkelen er i nesten ny stand, godt vedlikeholdt og klar til bruk. Perfekt for deg som vil ha en lett, stiv og rask landeveissykkel med elektronisk giring og høy kvalitet karbonhjul.","0567 Oslo"
"450533913","https://www.finn.no/recommerce/forsale/item/450533913","2026-03-02T15:32:19.504Z","Ridley Damocless str. M, med Unaas 50 Team-hjul","22500","Pent brukt - I god stand","","Unisex","Landevei","Ridley","Damocles","","M","","","false","false","false","Ridley Damocless str. M selges. Med Unaas 50mm Team-hjul (kjøpt i 2022). Sykkelen er lite brukt, og har gjennomgått service hos Unaas vinteren 2025 (sjekk av styrelager, kranklager, hjullager. Kjede byttet, bremser justert. Dekk på bakhjul byttet. Navboss byttet. Opprinnelig hjulsett (se bilder) kan medfølge hvis ønskelig.","0686 Oslo"
"450531972","https://www.finn.no/recommerce/forsale/item/450531972","2026-03-02T15:32:20.935Z","Scott CR1 Team Edition – 54 cm – Lett og rask landeveissykkel","7500","Godt brukt - Synlig brukt","Scott","Unisex","Landevei","Scott","CR1 Team Edition","","54cm","","Shimano","true","false","false","Selger en Scott CR1 Team Edition i størrelse 54 cm. Kjøpsbevis følger med. Dette er en lett og rask karbonramme som fortsatt fungerer fint som trenings- eller pendlesykkel for deg som vil ha noe rimelig og effektivt. Tilstand / hva må gjøres: • Sykkelen er godt brukt • Styretape må byttes • Bremsene bør gås over og finjusteres • Ellers ruller og fungerer den greit Spesifikasjoner: • Ramme: Scott CR1 Team Edition (karbon) • Størrelse: 54 cm • Gir: Shimano • Dekk: Continental • Klassisk dropbar-styre Perfekt som budsjettvennlig landeveissykkel, vinter-/treningssykkel eller for nybegynnere som vil teste landevei før man oppgraderer. Selges rimelig. Ta kontakt ved spørsmål eller for å se den. Vis hele beskrivelsen NB: Knappen for å vise hele beskrivelsen har kun en visuell effekt.","0360 Oslo"
"450531140","https://www.finn.no/recommerce/forsale/item/450531140","2026-03-02T15:32:22.517Z","Trek Madone 3.1 – 56 cm – Karbonramme, Bontrager-hjul, nylig servet","12500","Pent brukt - I god stand","Trek","Unisex","Landevei","Trek","Madone 3.1","","56 cm","","Shimano","true","false","false","Selger en Trek Madone 3.1 landeveissykkel med karbonramme i størrelse 56 cm. Lett, stiv og komfortabel – perfekt til både trening og lengre turer. Sykkelen leveres med Bontrager-hjul som gjør den rask og stabil. Tilstand / service: • Nettopp vært på service • Helt ny kassett bak • Alt er gått over og justert • Normale bruksmerker, men ingen kjente tekniske feil Spesifikasjoner: • Ramme: Trek Madone 3.1, karbon, 56 cm • Hjulsett: Bontrager • Gir og komponenter: Shimano • Klassisk landeveisoppsett med dropbar Flott mulighet til å skaffe seg en lett og effektiv karbonracer som allerede er servet og klar for mange nye mil. Selges rimelig. Ta kontakt for flere bilder eller prøvekjøring. Vis hele beskrivelsen NB: Knappen for å vise hele beskrivelsen har kun en visuell effekt.","0360 Oslo"
"450489546","https://www.finn.no/recommerce/forsale/item/450489546","2026-03-02T15:32:23.934Z","Merida Reacto 6000 - Størrelse L","39999","Pent brukt - I god stand","Merida","Unisex","Landevei","Merida","Reacto 6000","2025","L","700c","Shimano 105 Di2","false","true","true","Nydelig Merida reacto 6000 med vision sc55 karbonhjul og 105 di2. Luftes for salg da den kanskje er ett knepp for liten i størrelsen for meg. Sykkelen er kjøpt ny av meg sommeren 2025 og er regelmessig vedlikeholdt og vasket. Pris kan diskuteres ved rask handel. Veil. pris på denne er kr. 49 900,-. Syklet ca. 200 mil og alltid lagret innendørs. Ingen store skader bortsett fra en veldig liten skramme på høyre girhendel. Pedaler og flaskeholder følger i utgangspunktet ikke med. Kan ikke sende. Kan ses og prøves i Oslo ved avtale.","0259 Oslo"
"309714286","https://www.finn.no/recommerce/forsale/item/309714286","2026-03-02T15:32:25.332Z","Schwinn Lowrider tråsykkel shopper look","9500","Som ny - Ikke synlig brukt","","Unisex","Landevei","Schwinn","Lowrider","","","","","false","false","false","Kostet 15000,- ny. Hvis du sammenlikner med andre så ligger den på 30.000,- fordi det er kun laget 1000stk av de og et fåtall av de er blitt impotert og solgt i noen sykkelbutikker Norge på et tidspunkt for ca 15år siden. Dette er rett og slett en 'by'cruiser. Den vekker oppsikt med sine flammer, ekte skinnsete med innsydd broderte flammer, lange sykkelkjede og sitt insane brede bakfelg som komplimenterer videre fremover med sin lange krommet springergaffel. Den har og springer dempere under setet. Skivebrems fremme og bak. Schwinn er et sykkelmerke av kvalitet som har eksistert det siste århundret. Det har ikke blitt laget mange av denne sykkelen. Kjøpte den ny, flyttet til en annen by så den ble da stående igjen hos familie. Kun brukt den noen få ganger ellers blitt stående som et snakke-emne som ser rå ut i f.eks mancave'n, i sykkelbutikken eller i mc klubben 😎 Selger den videre slik at andre kan få nyte den.","4400 Flekkefjord"
"418961437","https://www.finn.no/recommerce/forsale/item/418961437","2026-03-02T15:32:26.796Z","Ridley Dean Fast Temposykkel, TT, Triathlon","26900","Pent brukt - I god stand","Andre merker","Herre","Landevei","Ridley","Dean Fast","","XS","","Shimano Di2 Dura-Ace/Ultegra","false","true","true","Selger fordi denne er for små til meg. Selger en brukt, men godt vedlikeholdt temposykkel, rett og slett fordi den ikke blir brukt lenger. Den er satt opp lovlig etter UCI-reglementet som cat 2 nå og passer perfekt for ryttere mellom 179–190 cm. 🔹 Ramme: Størrelse XS (disse er store i størrelsen) 🔹 Gir: Shimano Di2 med mix av Dura-Ace og Ultegra 🔹 Hjul: ENVE SES 80 mm tubeless foran + Pro Carbon Disc bak 🔹 Oppgraderinger: ✔ Helt nytt Di2-batteri ✔ Nye tempobøyler ✔ Ny Ultegra kassett En solid sykkel for deg som vil ha en konkurranseklar temposykkel med topp komponenter. Vis hele beskrivelsen NB: Knappen for å vise hele beskrivelsen har kun en visuell effekt.","4016 Stavanger"
"450445528","https://www.finn.no/recommerce/forsale/item/450445528","2026-03-02T15:32:28.414Z","Trek Emonda SL 5 47 cm","15000","Pent brukt - I god stand","Trek","Unisex","Landevei","Trek","Emonda SL 5","","47cm","700c","Shimano Ultegra / Shimano 105","false","false","false","Trek Emonda SL 5 landeveissykkel i størrelse 47 HUNT Race Aero tubeless ETRTO 622*18 23*27 Shimano Ultegra / Shimano 105 Mimic saddle","0273 Oslo"
"431029654","https://www.finn.no/recommerce/forsale/item/431029654","2026-03-02T15:32:30.003Z","Gavia Daedalus TT m/ Zipp Super-9 og Dura-Ace","17000","Godt brukt - Synlig brukt","","Unisex","Landevei","Gavia","Daedalus TT","2018","53","","Shimano Dura-Ace 9000","false","true","false","Selger en Gavia Daedalus temposykkel i størrelse 53. Jeg er selv 185cm og sykkelen passer folk fra 178cm. Sykkelen kommer med Shimano Dura Ace 9000 11-delt (54-40) og Quarq wattmåler. Wattmåleren er for øyeblikket i ustand, men kan sendes inn for reperasjon. Sykkelen har Shimano C50 tubular fremhjul og Zipp Super 9 karbon platehjul. Disse har nypris på rundt 25 000kr. Rammen og cockpiten er UCI godkjent. Slitedeler er ikke byttet men kan gjøres det før salg. Sykkelen er fra 2018. Send melding om det er noen spørsmål","2618 Lillehammer"
"450417143","https://www.finn.no/recommerce/forsale/item/450417143","2026-03-02T15:32:31.596Z","Cannondale Caad13 - 56 cm","14000","Pent brukt - I god stand","Cannondale","Unisex","Landevei","Cannondale","CAAD13 Disc Tiagra","2023","56cm","700c","Shimano Tiagra","false","false","false","Cannondale Caad13 Meget pen Cannondale CAAD13 Disc Tiagra - Veilpris 21 990,- | Size 56 | Size 56 Farge Purple Haze Sykkelen er svært lite brukt - ca 4000km på Strava. Kjøpt i september 2023, garantibevis følger med. Ellers er det livstidsgaranti på ramme, dette er registrert på Cannondale. - Brukt en gang i regnvær - Ikke brukt på rulle - Ikke utsatt for fall eller uhell - Spylt ren etter hver tur - Alltid hengt tørt og varmt i boden - Sykkelen er brukt med et annet hjulsett. Så det originale som følger (med dekk, kassett og skiver)er nesten ikke brukt. - Kjede er som nytt med veldig lite strekk-se bilde - Eneste merke på sykkelen er et millimeter tykt skrap på 0,5cm - se bilde. - Selges i utgangspunktet uten pedaler, men det kan følge med et par godt brukte Shimano SPD SL pedaler viss interesse. - Sykkel kan sendes i original eske, men da er det er ikke mulig med oppgjør med Fiks ferdig. Må da sendes med postoppkrav. I følge Posten blir dette 651,-. CAAD 13 fra anerkjente Cannondale har en av de mest avanserte og letteste aluminumsrammene tilgjengelig og er noe av det beste du får innen landeveissykler. Den er rask, komfortabel og har gode manøvreringsegenskaper. Med sin ultralette aluminiumsramme er CAAD13 den ultimate aluminumsraceren for trening eller konkurranse på landeveien, og med mulighet for opptil 30mm brede dekk er alt tilrettelagt for en komfortabel hurtig opplevelse. Sykkelen er utstyrt med den nye utgaven av Shimanos Tiagra gruppesett som leverer pålitelig girveksling. Den kommer også med en avtagbar skjermstøtte slik at du kan montere skjermer etter behov. Gruppesett: Shimano Tiagra Ramme: SmartForm C1 Premium Alloy, 12x142 Speed Release thru-axle, flat-mount disc, integrated cable routing w/ Switchplate, SAVE, BB30a, Di2 ready Gaffel: CAAD13 Full Carbon, SAVE, 12x100mm Speed Release thru-axle, flat mount disc, internal routing. Sete: Fizik Aliante Setepinne: HollowGram 27 KNØT, Alloy, 2 bolt clamp, 330mm Stem: Cannondale 4, 6061 Alloy, 31.8, 7 Bremser: Shimano Tiagra hydraulic disc, 160/160mm SM-RT30 rotors Kranksett: Shimano Tiagra, 52/36 Kassett: Sunrace, 11-32, 10-speed Utveksling: front: 52/36, bak: 11-34 Felgring: RD 2.0, 28h Fronthub: Formula CL-712, 12x100mm centerlock Bakhub: Formula RXC-400, 12x142mm centerlock Bakgir: Shimano Tiagra GS Dekk: Vittoria Zaffiro Pro Slick, 700 x 25c Kranklager: Cannondale BB30 m/24mm adapter Girskifter: Shimano Tiagra hydraulic disc, 10-speed Kjede: KMC X10, 10-speed Vis hele beskrivelsen NB: Knappen for å vise hele beskrivelsen har kun en visuell effekt.","5420 Rubbestadneset"
"307150319","https://www.finn.no/recommerce/forsale/item/307150319","2026-03-02T15:32:33.097Z","Peugeot Mens Vintage original Road Bike 1970's rare Bicycle Made In France","19999","Som ny - Ikke synlig brukt","","","Landevei","Peugeot","","","","","","false","false","false","Veldig strøken en veldig spesiell sykkel lurer bare på hva interessen til folk er for denne kommer det særiøse bud skal jeg vurdere å selge den, men veldig usikker på og selge. Betyr mye for meg. Har en dame sykkel i samme merke og fra samme tid kommer bilser etterverdt. Vintage fra 1970 ny styretape skal på og fikse dekkene vuderer å gå over navene eventuelt få smurt de opp. De er ikke byttet noen kompinenter på så der er orginale. Så si aldri brukt kanskje et par ganger da de ble kjøpt ellers stått lagret av min farfar. Man kan by på den","3160 Stokke"
"440671285","https://www.finn.no/recommerce/forsale/item/440671285","2026-03-02T15:32:34.558Z","Specialized Landevei sykkelramme unisex svart L størrelse","12000","Helt ny - Uåpnet/med lapp","Specialized","Unisex","Landevei","Specialized","Shiv","","L 56cm","","","false","false","false","Specialized shiv temporamme i svart farge, størrelse L 56cm. Fuel drikke slange , gaffel og setepinne følger med.","4406 Flekkefjord"
"440672896","https://www.finn.no/recommerce/forsale/item/440672896","2026-03-02T15:32:36.127Z","Specialized S-works roubaix ramme 56/ L","10000","Helt ny - Uåpnet/med lapp","Specialized","","Landevei","Specialized","S-Works Roubaix","","56","","","true","false","false","Specialized s-works roubaix ramme str 56. Ikke for skivebremser.","4406 Flekkefjord"
"447182258","https://www.finn.no/recommerce/forsale/item/447182258","2026-03-02T15:32:37.780Z","Gavia Imperiale Carbon 2024 – Shimano Ultegra Di2 – str. M – Nesten ny!","24900","Som ny - Ikke synlig brukt","","Unisex","Landevei","Gavia","Imperiale Carbon","2024","M","","Shimano Ultegra Di2","true","false","true","Selger min Gavia Imperiale Carbon landeveissykkel 2024-modell, kjøpt ny hos Bikeshop i 2024. Svært godt tatt vare på og i meget god teknisk- og kosmetisk stand. Ingen velt. Selges grunnet overgang til grussykkel. Spesifikasjoner: • Karbonramme • Shimano Ultegra Di2 gruppesett (elektronisk, 2x12) • Stem byttet fra 100 mm til 90 mm • Kjøper kan velge mellom følgende dekk: • Continental GP5000 30 mm med slange • eller Vittoria Corsa Pro 30 mm tubeless Vedlikehold og bruk: • Byttet kjede og store drev foran samt vokset kjede med jevne intervaller (ca hver 150km) – drivverk i topp stand • Logget 1463 km på Strava, anslår ca. 1800 km da jeg syklet litt på den før jeg la den inn på Strava • Grundig vasket etter nesten hver tur • Kun to små kosmetiske hakk i setepinne (1–2 mm) Følgende ekstrautstyr kan medfølge mot tillegg: • Garmin Rally RK200 wattpedaler (dobbeltsidig). Kjøpt nye hos Garmin samtidig som kjøp av sykkel, nypris var på rett under 12 000 kr. • Tempobøyler (Deda Superzero + Deda Alta Uno). Måtte kombinere to ulike modeller for å få det til å passe aero-styret på sykkelen. Fungerer utmerket. Pris: • Sykkel uten pedaler: 24 900 kr • Med Garmin Rally RK200+tempobøyler: 29 900 kr Her får du mye sykkel for pengene! Ta kontakt for en hyggelig sykkel-prat. Pris kan diskuteres ved hurtig handel! For detaljert beskrivelse av sykkelen les her: https://bikeshop.no/gavia/nygaim09/gavia-imperiale-carbon-landeveissykkel-ud-carbon-ultegra-di2-2x12s-dt-swiss Vis hele beskrivelsen NB: Knappen for å vise hele beskrivelsen har kun en visuell effekt.","3179 Åsgårdstrand"
"421708151","https://www.finn.no/recommerce/forsale/item/421708151","2026-03-02T15:32:39.192Z","Håndbygd sykkel selges","10000","Pent brukt - I god stand","","Unisex","Landevei","Ove's Racing","","","","","","false","false","false","Svært lite brukt spesiell racersykkel håndlaget av Ove`s Racing. Sykkelen har svært fin og spesiell lakk. Det står på sykkelen hvem den ble laget til i sin tid. Det følger med tøytrekk til sykkelen som den vil bli sendt i om det er ønskelig. For flere spørsmål om sykkelen er det bare å ta kontakt med meg på melding her. Det kan følge med sko til klikkpedalene. Passer personer fra 140 til 160 cm","9842 Tana"
"450367927","https://www.finn.no/recommerce/forsale/item/450367927","2026-03-02T15:32:40.696Z","Gekko Feather landeveissykkel","11000","Pent brukt - I god stand","","","Landevei","Gekko","Feather","","60","700c","Shimano Dura Ace","false","false","false","NY PRIS! Skal vekk 😊 Fantastisk rask og lett Gekko Feather landeveissykkel i størrelse 60 (passer ryttere ca 190 cm og lengre). Svært god å kjøre, og en drøm i motbakker. Selges grunnet nylig skulderskade. - Shimano Dura Ace - drivverk/gir/bremser og hjul (Dura Ace C24) - Fizik Arione-sete - Continental Grand Prix 5000 dekk - Vekt: 6,7 kg Helt nytt kjede, kassett bak og begge gear-wire. Lite brukt, lette og stive Shimane sko str 45 + div. anna utstyr (eks seteveske m/reserveslange og verktøy, ny Pitbull helårsjakke str L m.m.) kan følge med mot fornuftig tillegg. Kan hentes på Skodje (Sunnmøre) eller bringes strekninga Ålesund-Oslo. Er du seriøst interessert, ta kontakt med melding. Trond Vis hele beskrivelsen NB: Knappen for å vise hele beskrivelsen har kun en visuell effekt.","6260 Skodje"
"431644888","https://www.finn.no/recommerce/forsale/item/431644888","2026-03-02T15:32:42.160Z","Trek 5500 OCLV i størrelse S","5300","Pent brukt - I god stand","Trek","Unisex","Landevei","Trek","5500 OCLV","1998","S","700c","Sensah Empire","true","false","false","Legendarisk Trek 5500 OCLV i størrelse S selges siden junior vokser. Tilsvarende sykkel Lance Armstrong brukte da han herjet i Le Tour de France. Fullkarbon rammesett fra 1998 (1999?) ombygd med 2x11 Sensah Empire gruppesett (tilsvarer Shimano Ultegra eller Sram Force). Helt ny Shimano Ultegra kjede og helt ny Sram Force 22 11-32 kassett. 165mm krank i kompakt oppsett med 50-34. Kranklager er standard Shimano BSA 24mm. Hjulsett - Bontrager Race X Lite med Vittoria Rubino Pro 25mm dekk og TPU slanger. Merker på ramme finnes pga alder, ellers sykkelen er i meget god stand og alt fungerer som det skal. Passer for 160-175 cm. Perfekt som første landevei sykkel til junior f.eks. Enkelt, raskt og med lukten av historien om de legendariske seirene! Vekt - ca 7.5 kg som vises på bilder. Foretrekker at sykkelen hentes hos meg i Oslo. Vis hele beskrivelsen NB: Knappen for å vise hele beskrivelsen har kun en visuell effekt.","0664 Oslo"
"339785947","https://www.finn.no/recommerce/forsale/item/339785947","2026-03-02T15:32:43.635Z","TREK racer / landeveissykkel 54cm","8500","Som ny - Ikke synlig brukt","Trek","","Landevei","Trek","","","54cm","","","false","false","false","Lite og veldig pent brukt landeveissykkel fra Trek.","1177 Oslo"
"418978033","https://www.finn.no/recommerce/forsale/item/418978033","2026-03-02T15:32:45.418Z","Oppgradert Wilier Cento 1","12000","Pent brukt - I god stand","","Unisex","Landevei","Wilier","Cento 1","2010","","","Campagnolo Potenza","true","false","false","Meget velholdt og oppgradert karbon sykkel vurderes solgt pga alt for lite bruk. Denne må du prøve! Lite brukt etter oppgradering. Dette var flaggskipet til Wilier tilbake i 2010. Oppgradert med Campa Potenza 11 delt shiftere og frem/bakgir( skal tilsvare Shimano Ultegra), Campa Record bremser og Campa Chorus kranksett 52/36. Ritchey cockpit. Campa Shamal Ultra hjulsett. Sykkelen fremstår som meget pen. Selges uten computer, mulig Look KEO pedaler kan følge. Originalt sete følger også. Ramme passer perfekt til mine 172 cm. Stiv men behagelig, vekt under 7 kg. Integrert setestag, mulig å forlenge antar jeg. Beholdes om ikke en fornuftig pris oppnås. Se link til test fra Cyclingnews: https://www.cyclingnews.com/reviews/wilier-triestina-cento-uno/ Med forbehold om feil i annonsen.","3744 Skien"
"450356126","https://www.finn.no/recommerce/forsale/item/450356126","2026-03-02T15:32:46.963Z","BH GC Aero Str MT","14000","Pent brukt - I god stand","","","Landevei","BH","GC Aero 105","","MT","","Shimano 105","true","false","false","Lufter min BH GC Aero sykkel, vurderes salg eller kanskje bytte mot en gravel/landeveis sykkel. BH GC Aero 105 er en tempo-/triathlon-sykkel som kan hjelpe deg å barbere bort verdifulle sekunder fra personbeste tiden din. Sykkelen har en avansert ramme og gaffel i karbon, nøye utformet for å redusere luftmotstand og gi maksimal aerodynamikk. Shimano 105-komponenter sørger for presis og pålitelig giring, mens deler fra Michelin, FSA og BH tilfører både ytelse og god verdi. Er 188cm høy og passer bra til meg","1639 Gamle Fredrikstad"
"411657407","https://www.finn.no/recommerce/forsale/item/411657407","2026-03-02T15:32:48.470Z","Ridley Dean Temposykkel til salgs","15000","Pent brukt - I god stand","","Unisex","Landevei","Ridley","Dean","","S","","Shimano Ultegra","false","false","false","Ridley Dean Temposykkel til salgs. Veldig fin, velholdt og lite brukt, kun på temporitt og noe trening. Størrelse S. Utstyrt med Shimano Ultegra gir system og Rotor krank med nytt krank lager. Sykkelen selges med platehjul og et sett Forza Cirius Pro høy profil hjul med limedekk. Sykkelen har også Shimano pedaler. Mål fra krank til setehøyde er 77-78 cm. Det er mullig å kutte ned setepinnen hvis lavere setehøyde er ønsket.","4012 Stavanger"
"124081463","https://www.finn.no/recommerce/forsale/item/124081463","2026-03-02T15:32:50.038Z","Landeveisykkel - Argon 18- meget lett sykkel","29000","Pent brukt - I god stand","","Unisex","Landevei","Argon 18","","","S","700c","Shimano Dura-Ace","true","false","false","Argon 18, str Small landeveisykkel Dura ace 11 delt 11-25 kassett Dura ace krank 50-34 Krankarmer 172,5 Hjulet helt nye og ubrukte Unaas A5-30 ( K syrium hjulet som er avbildet med sykkelen følger ikke med) Bremser : Dura ace Carbon ramme Vekt ca 7 kg Bredde på styret : 41 cm Sykkelen er brukt 1 sesong og er meget pent brukt. Selges da jeg ikke sykler konkurranser lengre. Meget godt vedlikeholdt. Har ingen skader, slitemerker eller riper. Ser ny ut. Pedaler kan følge med med et tillegg på kr 500 Flaskeholder følger ikke med. Nypris: 55000 kr Vis hele beskrivelsen NB: Knappen for å vise hele beskrivelsen har kun en visuell effekt.","3151 Tolvsrød"
"421556192","https://www.finn.no/recommerce/forsale/item/421556192","2026-03-02T15:32:52.542Z","Cervelo S3 -str 51. Selges","25000","Pent brukt - I god stand","","Unisex","Landevei","Cervelo","S3","2017","51","","Shimano Ultegra Di2","true","false","true","Selger min Cervelo s3, kjøpt våren 2017. Kun 1 eier. Jeg er 175 cm høy og sykkelen passer perfekt til den høyden. Sykkel ikke brukt i ritt eller veltet med. Shimano Di2 Ultegra 11-delt. Kassett 11-34 bak, 50-34 foran. Krankarm 170mm og Rotor INpower som wattmåler. Hjulsett HED Jet 6 Carbon Alu Clincher (felgbrems). Veldig godt hjulsett og overraskende stabil i sterk vind. Følger også med Shimano Ultegra hjulsett. Sykkelen er i veldig bra stand, kun ubetydelig riper enkelte plasser i lakken. Legger også med ekstra Rotor IN power wattmåler, setepinne, stem og diverse annet.","7024 Trondheim"
"450323557","https://www.finn.no/recommerce/forsale/item/450323557","2026-03-02T15:32:54.046Z","2019 Scott Foil RC disc etap str 49","24000","Pent brukt - I god stand","Scott","Unisex","Landevei","Scott","Foil RC","2019","XS/49","700c","SRAM RED 22 eTap","true","false","true","Fin Foil RC vurderes solgt. Jeg er andre eier av sykkelen. Både hos meg og opprinnelige eier var sykkelen brukt relativt lite og med god og jevn vedlikehold. Ingen velt. God teknisk stand og minimalt med bruksmerker. Oppgitt pris er for sykkelen med hjullsett og utstyr fra andre bilde (dvs, ikke med hjullsett på sykkelen i første bilde). Syncros RP 2.0 hjulsett (lette og fine alu hjul), original syncros sete, keo pedaler, flaskeholdere og ny styreteip. Kan eventuelt selges med et fast forward f4d karbonhjul, 45mm, dt swiss 240 hubs, satt opp tubeless med 32mm dekk. For et 5000,- tillegg. Om sykkelen: 2019 modell HMX carbon ramme str XS/49 (passer 165-173 ish høyde, jeg er 169cm og sitter på 68cm høyde fra midt kranken) SRAM RED 22 etap gruppe (2x11 batteri gir) 100mm stem 38cm styre 170mm karbon krankarmer Ny Force kassett og kjede (brukt på 1 tur) Som oppsett nå, veier sykkelen 7,6kg med pedaler, flaskeholdere og computerfeste. Med alu hjullsett er vekten omtrent 7,9kg. Sjekker interesse, ikke et must å selge. Elsker sykkelen men føler jeg kunne trengt en sykkel med noe mer avslappet geometri så vurderer bytte. Flere bilder sendes på forespørsel. Vis hele beskrivelsen NB: Knappen for å vise hele beskrivelsen har kun en visuell effekt.","1640 Råde"
"423885231","https://www.finn.no/recommerce/forsale/item/423885231","2026-03-02T15:32:55.886Z","Prakteksemplar av en Peugeot vintage damesykkel (Recotd du monde) til salgs","5000","Pent brukt - I god stand","Crescent","Dame","Landevei","Peugeot","Record du Monde","","","","","false","false","false","Nydelig fransk vintage landeveissykkel, modell recotd fu monde fra tidlig 1970-tall. De fleste delene er originale, inkludert dekkene. Gjennomført overhaling med skifte av bremsevaiere og fikset gir. Sender gjerne flere bilder.","0674 Oslo"
"450286116","https://www.finn.no/recommerce/forsale/item/450286116","2026-03-02T15:32:57.728Z","Merida Reacto 6000 Force Edition","53000","Som ny - Ikke synlig brukt","Merida","Unisex","Landevei","Merida","Reacto 6000 Force Edition","2025","Medium","700c","SRAM Force D2","true","true","true","Selger en Merida Reacto 6000 Force Edition medium størrelse (passer rundt 180cm). Sykkelen er en 2025 modell som er kun testet på rulle. Satt opp med Sram Force D2 og kommer med Assioma Favero Duo. Vision SC55 hjulsett. Drikkeflasker følger med. Alle ladere følger med. Det er også montert K-edge kjedefanger så kjededrop ikke ødelegger rammen. Kan potensielt være interessert i å selge rammesett (ramme, styrepinne, styre, setepinne og sete) for 25000. Har girøre og kranklager for både shimano og sram som kan følge med. Ta kontakt for hyggelig sykkelprat :)","5221 Nesttun"
"438111988","https://www.finn.no/recommerce/forsale/item/438111988","2026-03-02T15:32:59.225Z","SE Bikes DC Fixie Single Speed 700 °C Fixed Gear/ GI BUD!!!","10000","Helt ny - Uåpnet/med lapp","","","Landevei","SE Bikes","DC Fixie Single Speed","","51cm","700c","","false","false","false","Ny sykkel , samarbeid mellom SE Bikes og DC (skomerket ) Kjøpte denne med noen andre sykler og unga ville ikke ha den. Her kan du få en sykkel som er den Kuleste eller Styggeste i gata avhengig av Personlig mening. Helt RÅ spør du meg Står 51cm på ramma, Har en annen fixi ramme+gaffel til salgs her på finn som er str 58. Se mine andre annonser:-) https://fixedgeararchive.com/se-pk-ripper-2010/","1679 Kråkerøy"
"450272742","https://www.finn.no/recommerce/forsale/item/450272742","2026-03-02T15:33:00.663Z","Ønsker å kjøpe landeveissykkel","20000","Pent brukt - I god stand","","","Landevei","","","","S","","","false","false","false","Ønsker å kjøpe landeveissykkel til dame i størrelse S, 164 cm. Send gjerne en melding hvis du selger noe","7052 Trondheim"
"421389867","https://www.finn.no/recommerce/forsale/item/421389867","2026-03-02T15:33:02.219Z","ubrukt Head Raceone selges billig","6500","","","","Landevei","Head","Raceone","","","","","false","false","false","Som ny","1526 Moss"
"450231041","https://www.finn.no/recommerce/forsale/item/450231041","2026-03-02T15:33:03.722Z","Specialized landeveissykkel","14500","Pent brukt - I god stand","Specialized","Unisex","Landevei","Specialized","","","","700c","","false","true","false","Passer til alle mellom 165-185cm Selger denne Specialized landeveissykkelrn i god stand. Dette er en komfortabel og lett landeveissykkel som passer godt til både trening og lengre turer. Sykkelen har aluminiumsramme med karbongaffel, klassiske felgbremser og er utstyrt med Dura-Ace hjulsett som gir lav vekt og god rullefølelse. Ny service nå i vinter gjennomført! - Per dekk med felg ligger på 6499,- nypris - Veldig lite brukt dekk og karbonfelgene er i veldig fin stand - Nytt kasett - Girsystemet ble justert - Bremser og klosser Følger med et par klick pedaler Kan prøves etter avtale. Vis hele beskrivelsen NB: Knappen for å vise hele beskrivelsen har kun en visuell effekt.","4638 Kristiansand S"
"450220460","https://www.finn.no/recommerce/forsale/item/450220460","2026-03-02T15:33:05.203Z","Scott Foil RC 10 2025 strM","50000","Pent brukt - I god stand","Scott","Unisex","Landevei","Scott","Foil RC 10","2025","M","","","true","false","false","Flott aerosykkel selges. Godt vedlikeholdt. Moderne 60mm høye, brede og lette hjul. Hjulsettet er lite brukt, da det er brukt andre treningshjul på sykkelen. De er satt opp slangeløst med nye scwalbe aero dekk. Kan sette i slange ved salg om ønskelig. Krank med drev, og sete er ubrukt. Lite kilometer på kjede og kassett. Armer 172,5 med 52/36 og 11/30 kassett Styrelager er byttet før salg, og ny styretape er lagt på. Sykkelen kan prøves på rulle. For stor til fiks ferdig","3158 Andebu"
"440927093","https://www.finn.no/recommerce/forsale/item/440927093","2026-03-02T15:33:06.724Z","(Ny)Scott Addict RC15 Ultegra Di2 str.M-54","49500","Helt ny - Uåpnet/med lapp","Scott","Unisex","Landevei","Scott","Addict RC 15","2025","M-54","700c","Shimano Ultegra Di2","true","true","true","Til salgs: en helt ny, ubrukt, ingen kilometerstand Scott Addict RC15, størrelse 54-M. Kjøpskvittering og garanti inkludert. Kjøpt 15. november 2025, ubrukt, står den i utstillingslokalet og venter på en ny eier.Lett og rask, klar til å snu seg. Addict RC 15 vil gi deg det konkurransefortrinnet du alltid har drømt om. Fullt integrerte kabler og konkurranseklare spesifikasjoner gir deg verktøyene til å spurte til toppen av fjellet eller vinne ditt lokale kriterium. Veilpris 79.990 RAMME ADDICT RC Disc HMX KOMPONENTER Ny SHIMANO ULTEGRA Di2 24-gir, hydrauliske bremser, Syncros Capital 1.0 35 karbonhjul HJUL Syncros Capital 1.0 35 skive, 24 foran / 24 bak, Syncros-aksel med avtakbart verktøy Dekk: Schwalbe ONE Race-Guard Fold, 700x28C Spesifikasjoner: Shimano Ultegra Di2 Syncros karbonstyre Ramme: Addict RC Disc HMX, Road Race Geometry / Utskiftbar dropout / Intern kabelføring Gaffel: Addict RC HMX Flatmount Disc, 1 1/4”-1 1/2” eksentrisk karbonstyre Bakgir: Shimano Ultegra Di2 RD-R8150-SS, 24 gir / Elektronisk giring Gir (foran): Shimano Ultegra Di2 FD-R8150, Elektronisk giring Kontroller: Shimano Ultegra ST-R8170, 24-trinns elektronisk giring Kranksett: Shimano Ultegra FC-R8100, Hollowtech II 52x36T Krankaksel: Shimano SM-BB72-41B Kjede: Shimano Ultegra CN-M8100-12 Kassett: Shimano Ultegra CS-R8100-12, 11-30 Stem: Syncros RR 1.5, 1 1/4” Bremser: Shimano BR-R8170 hydraulisk skivebrems, Shimano SM-MT800 CL 160/F og 160/R skiver Styre: Syncros Creston 1.0 Compact, Carbon Setestang: Syncros Duncan 1.0 Aero Sete: Syncros Belcarra Regular 2.0 Styrelager: Integrert Syncros Addict RC Dekk: Schwalbe ONE Race-Guard Fold, 700x28C Hjul: Syncros Capital 1.0 35 Disc, 24 foran / 24 bak, Syncros-aksel med avtakbart verktøy Omtrentlig vekt: ca. 7,58 kg, størrelse M Vis hele beskrivelsen NB: Knappen for å vise hele beskrivelsen har kun en visuell effekt.","3711 Skien"
"431512564","https://www.finn.no/recommerce/forsale/item/431512564","2026-03-02T15:33:08.108Z","BH G5 Carbon landeveissykkel","14500","Pent brukt - I god stand","","Herre","Landevei","BH","G5 Carbon","","54cm","","Shimano","true","true","true","BH G5 Carbon. Pent brukt karbon landeveissykkel, medfølger karbonhjulsett høyprofil, bag til sykkelhjul. Elektrisk gearing fra Shimano, ladeadapter. 20 gir. Kjøpt brukt i 2012. Rammehøyde 54cm. Passer til personer med høyde 175-180cm.","5533 Haugesund"
"450192208","https://www.finn.no/recommerce/forsale/item/450192208","2026-03-02T15:33:09.506Z","Landeveisykkel Orbea Orca Aero str 53","12999","Pent brukt - I god stand","Orbea","Herre","Landevei","Orbea","Orca Aero","2014","53","700c","Shimano Dura Ace 7900","true","true","false","Selger en Orbea Orca Aero landeveissykkel i god stand. Rask og stiv aerosykkel, oppgradert med flere nye og lette komponenter. Perfekt som intro sykkel eller konkurranse- eller treningssykkel med topputstyr til en god pris. Sender ikke. pris kan diskuteres ved rask avgjørelse. Spesifikasjoner: • Ramme: Orbea Orca Aero, str. 53, sykkelen er 2014 mod (karbon, ca. 7,5 kg totalvekt med pedal) • Gruppe: Shimano Dura Ace 7900, 10-delt • Bremser: Shimano Dura Ace • Krank: Shimano Dura Ace (nytt krankdrev i sommer, kranklager byttet etter sommeren) • Hjul: Superteam 55 mm karbonhjul med Continental GP 5000 dekk (nye), hjullager byttet etter sommeren • Cockpit: Aero integrert styre, stem 110 mm, bredde 420 mm • Sete: Nytt sete •Lykt: gode kraftige både foran og bak kjøpt nye sommer 2025 •STAGES wattmåler på venstre krankarm •nye Ultegra pedaler 2025( nye gule cleats kan følge med) • Slitedeler skiftet sommer 2025: kjede, kassett og krankdrev,lager og bremseklosser •feste til Edge enhet på styre •Garmin cadens og hastighetmåler Tilstand: • Noen små riper i lakk/klarlakk, men ingen strukturelle skader på rammen • Sykkelen er godt vedlikeholdt og klar til bruk Ta kontakt om du har noen spørsmål! Vis hele beskrivelsen NB: Knappen for å vise hele beskrivelsen har kun en visuell effekt.","5360 Kolltveit"
"450172151","https://www.finn.no/recommerce/forsale/item/450172151","2026-03-02T15:33:10.942Z","Giant Propel 20/21 gunmetal vurderes solgt!","31999","Pent brukt - I god stand","Giant","Unisex","Landevei","Giant","Propel Advanced 1","","M","","Shimano Ultegra","true","true","false","Giant Propel Advanced 1 str M i gunmetal vurderes solgt! Tøffeste fargekombinasjonen etter min mening. Her har du en helt rå aerosykkel som er klar for alt. Str M. Vil si den vil passe dem mellom 170cm opp til rundt 187/188 cm. I følge giant passer denne de mellom 171-181. Dette er kun veiledende da sykkelstørrelse er preferanse der man må se an beinlengde osv. Sykkelen er meget godt velholdt og har blitt vasket jevnlig. Sykkelen har alltid stått inne og har ca rullet 750-800 mil. Aldri hatt noen velt og kun kosmetiske merker. Nylig montert nytt kjede, kassett og en kalipper. På denne servicen ble alt av slitte deler byttet ut. Utstyrt med fult Ultegra med dura-ace bremseskiver og giant powerpro wattmåler. Det er mekanisk giring på sykkelen Kommer med giant sitt slr karbon hjulsett - 65mm bak, 42mm foran. Meget god sammensetning for at sykkelen blir mer allsidig for klatring og i sidevind. Dekaler er tatt av men har nye liggende. Continental gp5000 dekk (25mm foran / 28mm bak) lite brukt! Selges uten pedaler Vis hele beskrivelsen NB: Knappen for å vise hele beskrivelsen har kun en visuell effekt.","0883 Oslo"
"414994962","https://www.finn.no/recommerce/forsale/item/414994962","2026-03-02T15:33:12.368Z","Specialized sprint allez","33000","Som ny - Ikke synlig brukt","Specialized","","Landevei","Specialized","Allez Sprint","","54","700c","SRAM Rival AXS","false","true","true","Specialized Allez Sprint M (54) – SRAM Rival AXS Selger min Specialized Allez Sprint (str. M/54) da jeg skal være borte store deler av sommeren og ønsker å lufte interessen. Oppsett: Ramme: Specialized Allez Sprint (nyeste generasjon, kjent for stivhet og respons) Gruppe: SRAM Rival AXS (trådløs elektronisk giring) Hjul: Elitewheels Drive 38mm karbonhjul Dekk: Pirelli P-Zero 32mm (komfort og grep i toppklasse) Stem, setepinne og sete: Specialized Selges uten pedaler og computer Sykkelen er bygget opp med kvalitetskomponenter og har kun blitt brukt på et par turer. Rammen har fått svært gode omtaler i tester og er en favoritt blant mange som ønsker en rask og aggressiv landeveissykkel. Dette er aluminiumsversjonen av tarmac og kalles av specialized for tidenes første aluminium superbike. Flere bilder kan sendes ved interesse. Kan fraktes til Oslo etter avtale. Bud vurderes. Vis hele beskrivelsen NB: Knappen for å vise hele beskrivelsen har kun en visuell effekt.","2618 Lillehammer"
"450137437","https://www.finn.no/recommerce/forsale/item/450137437","2026-03-02T15:33:14.335Z","Karbon Nakamura Pursuit 7.0 med el. girsystem Shimano Ultegra.","10000","Som ny - Ikke synlig brukt","Nishiki","Unisex","Landevei","Nakamura","Pursuit 7.0","","51","700c","Shimano Ultegra 6800 Di2","true","false","true","Rammestørrelse 51, som tilsvarer størrelse M. Sykkelen er i svært god stand. Alle komponenter er kontrollert, vedlikeholdt og smurt. Dekk, bremseklosser og kjede er i utmerket tilstand. Sykkelen er fullt klargjort og klar for den nye sesongen. Kort spesifikasjon av sykkelen: Ramme: monocoque-konstruksjon T700, unidirectional fiber weave, karbon. Ingen reparasjoner og ingen sprekker. Shimano Ultegra 6800. Bakskifteren har noen mindre, ikke-kritiske riper. 2x11. Mekaniske bremser fra TRP. Hjulsett Novatec C4 (har noen bruksriper) med Schwalbe One Plus-dekk (28x1.1). Inkludert: Lader til Ultegra. (Selges uten sykkelcomputer.) Vis hele beskrivelsen NB: Knappen for å vise hele beskrivelsen har kun en visuell effekt.","4016 Stavanger"
"450114100","https://www.finn.no/recommerce/forsale/item/450114100","2026-03-02T15:33:15.886Z","Scott Foil RC 10 2025 Størrelse Medium","55000","Pent brukt - I god stand","Scott","Unisex","Landevei","Scott","Foil RC 10","2025","Medium","700c","Shimano Ultegra Di2","true","false","true","Scott Foil RC 10 2025 modell Junior selger sin landevei konkurranse sykkel. Hjulsettet m. kasset er kun brukt på treningsturer, da han har eget hjulsett for konkurranser. Kranken er og helt ny. Nettopp komme tilbake fra 1 ukes treningsleir i Spania med sykkelen. Hvor den gikk som en drøm. Passer ryttere fra ca 170cm - 185. ( er selv 181 og sitter meget godt på denne medium ramma) Sykkelen har kun noen få kosmetiske bruksmerker her og der. har ikke vært i noen velt. Ny styretaipe kan legges på om fargen ikke fenger. Kjedet er nettopp vokset med Silca Secret Chain Blend. Hjulsettet er satt opp tubless med Stans Racing blend. Stem lengde 110mm Styre bredde: 420mm Vekt. 7,9 kg slik den står på bildet Sykkelen er rengjort og klar for salg. Kan sendes på kjøpers kostnad. ( estimert ca 500kr) FRAME - FOIL RC Disc HMX Internal cable routing FORK - FOIL Disc HMX REAR DERAILLEUR - Shimano Ultegra Di2 RD-R8150 - 24 Speed Electronic Shift System FRONT DERAILLEUR - Shimano Ultegra Di2 FD-R8150 Electronic Shift System SHIFTERS - Shimano Ultegra Di2 ST-R8170 24 Speed Electronic Shift System CRANKSET - Shimano Ultegra FC-R8100 Hollowtech II 52x36 T BB-SET - Shimano SM-BB71-41B CHAIN - Shimano CN-M8100-12 CASSETTE - Shimano Ultegra CS-R8100-12 11-30 BRAKES - Shimano BR-R8170 Hyd.Disc ROTOR - Shimano RT-CL800 rotor 160/F and 160/R HANDLEBAR- Syncros Creston 2.0 Aero SEATPOST - Syncros Duncan SL Aero CFT SEAT - Syncros Belcarra V2.0 NEO Cut Out WHEELSET - Syncros Capital 1.0 Aero 60mm Vis hele beskrivelsen NB: Knappen for å vise hele beskrivelsen har kun en visuell effekt.","7099 Flatåsen"
"400537610","https://www.finn.no/recommerce/forsale/item/400537610","2026-03-02T15:33:17.392Z","Pinarello FP3 Carbon landevei/ racer","16000","Pent brukt - I god stand","Andre merker","Unisex","Landevei","Pinarello","FP3","","56","","","true","false","false","Flott sykkel, lite brukt. Nye dekk i fjor. Se bilder for spec. Str 56 (jeg er 182 cm, og den passer fint til meg)","7022 Trondheim"
"412377420","https://www.finn.no/recommerce/forsale/item/412377420","2026-03-02T15:33:19.056Z","Diamant Pinnacle R2|rett styre|str 54 cm|ca 7.2 kg|22 gir|Unaas hjul","12400","Pent brukt - I god stand","Andre merker","Unisex","Landevei","Diamant","Pinnacle R2","2015","54 cm","700c","","false","false","false","""Ny"" 2015/2025 modell Diamant Pinnacle R2 med rett styre, str 54 cm, ca 7.2 kg, 22 gir, Unaas hjul og GP5000 dekk. Sykkelen har i hovedsak nye eller nesten nye komponenter. Sykkelen er opprinnelig en 2015 modell, som er bygd om i vinter, år 2025. Den har fått lettere og bredere utveksling. Den har 30/46 foran og 11-36 bak. Sykkelen er ikke brukt etter ombygging. Sykkelen passer personer fra ca 165 til 183 cm, alt etter tilpasninger som gjøres. Kan skifte til kortere/lengre og mer/mindre aggressivt stem, rett setepinne og bytte sete. Oversikt NYE komponenter: FSA 30/46 krank Kranklager Sunrise 11-delt, 11-36 kassett SRAM Kjede Forgir og girskifter foran Bakgir Girvaiere og strømper Bremsevaiere og strømper Bremsehendler Styre, stem og barends Sete og setepinne i carbon Oversikt nesten nye komponenter: Unaas hjul som knapt er brukt. Continental 5000 dekk XT MTB pedaler Girskifter bak Hva som anses å være lite brukt: Ramme Felgbremser Flaskeholdere Altså, alt i alt en sykkel som på mange områder er som ny. Sykkelens bruksområdet er fremdeles som en racer / landeveissykkel, med gode egenskaper for kupert terreng. I tillegg vil den fungere utmerket som en hybrid / pendlersykkel, og som en treningssykkel. Det er også lett å tilpasse den til ønsket sittestilling ved å bruke passende stem og setepinne. Store deler av oppgraderingene/endringene er utført på autorisert sykkelverksted. Oppgitt ca vekt på 7.2 kg er uten utstyr, på samme måte som på nye sykler. Vis hele beskrivelsen NB: Knappen for å vise hele beskrivelsen har kun en visuell effekt.","2040 Kløfta"
"365494145","https://www.finn.no/recommerce/forsale/item/365494145","2026-03-02T15:33:20.564Z","Bianchi Ti-Carbon","17000","Pent brukt - I god stand","","","Landevei","Bianchi","Ti-Carbon","2003","52cm","700c","Campagnolo Record","true","false","false","Samleobjekt. Kom kun som rammesett, bygd opp hos Aspaas i Larvik. 2003 modell Titanium og carbon ramme Campagnolo 10 delt Record gruppe og pedaler Mavic Ksyrium SL hjulsett Karbon sete Titan setepinne Bianchi Itm stem med titan bolter Itm styre 52 cm center top","1591 Sperrebotn"
"421407074","https://www.finn.no/recommerce/forsale/item/421407074","2026-03-02T15:33:22.091Z","Helt perfekt sommer sykkel","5000","Som ny - Ikke synlig brukt","Merida","Dame","Landevei","Merida","","","","","","false","false","false","Perfekt for og kjøre langt ""IKKE ELEKTISK""❗️❗️ "" BILLIGERE EN VANLIG""❗️❗️ Veldig fin og lett og passe på Anbefales skikkelig","2020 Skedsmokorset"
"450034151","https://www.finn.no/recommerce/forsale/item/450034151","2026-03-02T15:33:23.626Z","Giant Propel Adv1 Str M","40000","Som ny - Ikke synlig brukt","Giant","Unisex","Landevei","Giant","Propel Advanced 1","2024","M","","","true","false","false","Lufter denne for salg. Et prakteksemplar, 2024 modell kun hatt 4-5 turer ute. Ellers brukt maks 300 km til sammen inkl rulle.","5419 Fitjar"
"450013107","https://www.finn.no/recommerce/forsale/item/450013107","2026-03-02T15:33:25.079Z","Ønsker å kjøpe canyon endurace CF /SLX","37000","Som ny - Ikke synlig brukt","Canyon","Herre","Landevei","Canyon","Endurace CF SLX","","Medium","","","true","false","false","Må være fint brukt og i god stand. Størrelse Medium Endurace CF SLX Endurace CF 7","5725 Vaksdal"
"440710762","https://www.finn.no/recommerce/forsale/item/440710762","2026-03-02T15:33:26.569Z","Nakamura Pursuit carbon","8600","Pent brukt - I god stand","","","Landevei","Nakamura","Pursuit Carbon","","51","","Shimano Ultegra 6800","true","false","false","Selger en godt vedlikeholdt Nakamura Pursuit Carbon i størrelse 51. Full karbonramme, Shimano Ultegra 6800 girsystem og FSA Gossamer krank. Perfekt sykkel for både trening og raske turer – lett, responsiv og komfortabel.","4058 Tananger"
"433873396","https://www.finn.no/recommerce/forsale/item/433873396","2026-03-02T15:33:28.100Z","Carbon landeveissykkel for trening eller pendling str M Passer 175-180","7000","Pent brukt - I god stand","","Unisex","Landevei","","","","M","","","true","false","false","Lett carbon sykkel! (9,5kg) Perfekt for landeveissykling eller pendle-til-jobb! Har bruksmerker, litt rust, noe svake bremser men ellers helt grei! Selger fordi den er for liten for meg:) Selges enten med pedaler for sykkelsko eller vanlig pedaler- eller begge! Fått en med greie på sykkel om å vurdere: generelt svært godt inntrykk, den framstår ryddig og nesten som ny, med minimal bruksslitasje. Bremser, dekk, hjullager, styrelager, girfunksjon, kranklager, pedaler - alt dette virker nær 100% Merk: - revne/rift på setet, bakre del - rust på strammebolt under setet Ring gjerne på 46606000 om du vil ha en prat før du kommer til Grefsen for en titt og kanskje en prøvetur :) Vis hele beskrivelsen NB: Knappen for å vise hele beskrivelsen har kun en visuell effekt.","0488 Oslo"
"418667427","https://www.finn.no/recommerce/forsale/item/418667427","2026-03-02T15:33:29.640Z","White RR Pro L","7500","Godt brukt - Synlig brukt","","Herre","Landevei","White","RR Pro","","L","","","false","false","false","White rr pro selges. Str. L (55,5cm) Godt brukt. Selges grunnet oppgradering. Slitt girkabel, ny kabel medfølger. Flaskeholderne medfølger Sykkelpumpe medfølger 7500kr Hentes i Verdal.","7653 Verdal"
"449867250","https://www.finn.no/recommerce/forsale/item/449867250","2026-03-02T15:33:31.057Z","Trek Checkpoint AL 4","8000","Pent brukt - I god stand","Trek","Herre","Landevei","Trek","Checkpoint AL 4","","54","","","false","false","false","Brukt sykkel selges. Fungerer som det skal. Litt overflate rust på kjede etter men kan fint smøres bort. Er også litt andre merker rundtom sykkelen. Du er velkommen til å se på den. Nypris er 17000.- eks frakt Selges for 8000.- Kan være behjelpelig med frakt i Rogalands område. Størrelse 54","5515 Haugesund"
"449858224","https://www.finn.no/recommerce/forsale/item/449858224","2026-03-02T15:33:32.551Z","Specialized S-Works str 52- Billig ved rask handel","29000","Pent brukt - I god stand","Specialized","Herre","Landevei","Specialized","S-Works","","52cm","","Shimano Dura-Ace Di2","false","false","true","Specialized landeveissykkel rammehøyde 52 cm, Shimano Dura-Ace. Ny styretape og full sjekk gjort nå i vinter. Elektronisk di2 giring. Fint Roval hjulsett med konkurransedekk. Flaskeholdere og Garminholder følger med. Selges grunnet ny sykkel. Vanlige bruksmerker må påregnes men med tanke på alder en veldig flott sykkel","3174 Revetal"
"428190070","https://www.finn.no/recommerce/forsale/item/428190070","2026-03-02T15:33:35.040Z","Gavia Treviso","16000","Som ny - Ikke synlig brukt","","Herre","Landevei","Gavia","Treviso","","","","Shimano 105 R7100","false","false","false","Selger en så godt som ny landeveisracer da jeg må finne en annen form for trening pga skuldre som ikke samarbeider. Pedaler og sko kan følge med om det er av interesse, sko er i størrelse 44. Har blitt syklet ca 30km, så har såvidt vært på veien. Ifølge størrelsesguide fra bikeshop så passer denne om du er 187-196cm. Eksklusiv ramme i aluminium med lav vekt og god ytelse Shimano 105 R7100 mekanisk girgruppe med 2x12-delt gir Carbongaffel for ekstra komfort og lavere vekt Pålitelige og solide Shimano hydrauliske skivebremser Anerkjente DT Swiss P1800 Spline 23 DB hjul med centerlock skivebremsfeste Vis hele beskrivelsen NB: Knappen for å vise hele beskrivelsen har kun en visuell effekt.","2870 Dokka"
"449831395","https://www.finn.no/recommerce/forsale/item/449831395","2026-03-02T15:33:36.621Z","Triathlon Tempo sykkel Carbon Medium","10000","Godt brukt - Synlig brukt","","Unisex","Landevei","NOR","Triathlon Tempo","","Medium","","Shimano Ultegra","true","false","false","Selger en helt unik triathlon Tempo sykkel merke NOR. Disse syklene blir ikke produser lengre. One of a kind!! Meget bra og stiv ramme, ultegra gruppesett. Denne doningen har båret meg gjennom en rekke Ironman 70.3, Ironman og 4 Xtrem triatlon. Sykkel er godt brukt, men velfungerende og har blitt jevnlig vedlikeholdt. Kan selges med høyprofilerte hjul, mot lite tillegg i pris.","4054 Tjelta"
"449828194","https://www.finn.no/recommerce/forsale/item/449828194","2026-03-02T15:33:38.012Z","LANDEVEISYKKEL CARBON VIPERA RACE 9.5 MEDIUM","8500","Godt brukt - Synlig brukt","","Unisex","Landevei","Vipera","Race 9.5","","Medium","","Shimano Dura Ace","true","false","false","God og lett sykkel som har stått ubrukt i flere år. Gruppesett er Dura Ace, men lite slitasje da det er byttet kassett bak og nytt kjede, samt godt vedlikehold gjennom alle år. Supert for de som ønsker en premium treningssykkel! Lett Carbon ramme, stiv og meget god respons. Setepinne er kappet til ca ryttere på 175 -185 høyde. Nb, selges ikke med høyprofilerte hjul.","4054 Tjelta"
"418977524","https://www.finn.no/recommerce/forsale/item/418977524","2026-03-02T15:33:40.761Z","Argon 18 Krypton - Medium (172-185cm) - Karbon, Ultegra","14999","Pent brukt - I god stand","","","Landevei","Argon 18","Krypton","","Medium","700c","Shimano Ultegra R6800","true","true","false","Argon 18 Krypton – karbonramme og karbonhjul Selger en lett og responsiv Argon 18 Krypton landeveissykkel i størrelse medium. Passer rundt 172-185cm en plass. Dette er en sykkel for deg som ønsker god ytelse til en overkommelig pris😃 Nypris for denne er 40 000 i sin tid, da uten karbonfelger. Så denne er opp i mot 45-50 000 ny. Spesifikasjoner: • Ramme: Full karbon i størrelse Medium • Hjul: Karbonhjul av typen Velostrada Performance. Forhjulet ble gått over og rettet nylig. Felgene er som på siste bildene uten dekaler. Disse ble fjernet men er samme hjulsett. • Drivverk: Full Shimano Ultegra R6800 gruppe (krank, gir, bremser, hendler). 11-30 kassett r8000 ultegra. • Kranksett: Nylig skiftet. 53-39 (ikke som på bildet) utveksling 172,5 armer. • Bremser: Bremseeffekt på forhjulet er litt ujevn. Nesten umerkbart men velger å nevne det. Jeg har brukt den slik og ikke vært særlig plaget. Også R6800 Ultegra. • Vekt: Rett under 8 kilo fra produsent men har ikke målt med disse felgene. Antakeligvis enda lettere da. Uten pedaler, flaskeholdere og den posen under setet. Mine pedaler kan evt kjøpes for tillegg i pris da jeg i utgangspunktet må ha dem selv. Akkurat gjort grundig service. Hele drivverket er demontert og renset, og er helt plettfritt. Nye hoods på styret også. Tilstand: Generelt god stand. Sykkelen er brukt, men godt vedlikeholdt. Sykkelen er reparert i området ved krankhuset med karbon og epoxy. Rammen er antakelig mer holdbar i det området enn før reperasjonen, da det er lagt på noen ekstra lag med karbon for å sikre. Reparasjonen i krankområdet påvirker ikke bruksfunksjonen og er detaljert utført. Det kosmetiske preget er minimalt. Syntes ikke mm. man vet om det, eller demonterer. Selges som den er. Ta kontakt ved interesse eller spørsmål! Sykkelen er på vei til Bergen etter sommerferie, så kan hentes her når den kommer. Vis hele beskrivelsen NB: Knappen for å vise hele beskrivelsen har kun en visuell effekt.","5018 Bergen"
"449804711","https://www.finn.no/recommerce/forsale/item/449804711","2026-03-02T15:33:41.987Z","Trek Madone Project 1 m/Sram Force axs, wattmåler","52000","","Trek","Unisex","Landevei","Trek","Madone Project 1","2022","52","700c","SRAM Force AXS","true","true","true","Selger denne perlen av en sykkel. Hele gruppen var ny våren 2024 og kun syklet et fåtall km på så så og si ubrukt. Stem 120mm Krankarmer 172,5mm (wattmåler) 38cm styrebredde Rammen er fra 2022 med noen bruksmerker i (så vidt jeg vet) eneste utgaven i norge i rose gold lakk. Selges med Bontrager aeolus pro 5 hjulsett som originalt satt på men også veldig lite brukt. Batterier og lader følger selvsagt med. Flaskeholdere følger også med. Ny og fler bilder kommer. En absolutt maskin på landeveien! Jeg er 177 høy og har alltid foretrukket 52 i str fra trek. Kan leveres i Oslo etter avtale. Vis hele beskrivelsen NB: Knappen for å vise hele beskrivelsen har kun en visuell effekt.","5152 Bønes"
"449776401","https://www.finn.no/recommerce/forsale/item/449776401","2026-03-02T15:33:43.653Z","Scott Foil 20 str 54/M","19000","Pent brukt - I god stand","Scott","Unisex","Landevei","Scott","Foil 20","","54/M","","","false","false","false","Scott Foil 20 landeveissykkel str 54/M selges. Sykkelen er i god stand. Pent brukt på solskinnsdager. Vasket og stelt etter bruk. Lagret innendørs. Garmin sykkelcomputer medfølger. Selges 19.000kr","5210 Os"
"449765890","https://www.finn.no/recommerce/forsale/item/449765890","2026-03-02T15:33:45.838Z","Scott plasma temposykkel","50000","Pent brukt - I god stand","Scott","Unisex","Landevei","Scott","Plasma","","52","","Shimano Dura-Ace","false","true","false","Lufter interessen for kanskje Norges raskeste felgbrems temposykkel. Den har noen bruksmerker men ingen av betydning. Den er brukt pent og har blitt godt tatt vare på. Sykkelen har også triathlonoppsett så den er også mulig å benytte i triathlon konkurranser Størrelse: 52 (small) (jeg sitter på 74cm) Krankarmlengde: 165mm Gruppesett: Dura ace 11-delt, med CeramicSpeed bakskifter og kranklager Hjulsett: Zipp super 9 platehjul med Zipp 909 fremhjul, inkludert Zipp 303 treningshjulsett Hvis du har noen spørsmål så ta kontakt","2619 Lillehammer"
"449746921","https://www.finn.no/recommerce/forsale/item/449746921","2026-03-02T15:33:47.471Z","Canyon Ultimate CF SL 7 Di2 - Str S","37000","Pent brukt - I god stand","Canyon","Herre","Landevei","Canyon","Ultimate CF SL 7 Di2","2024","S","","Shimano 105 Di2","true","false","true","Til salgs: Canyon Ultimate CF SL 7 Di2, 2024 model. Flott og rask racer i god stand! Selger min Canyon Ultimate CF SL 7 Di2 med Shimano 105 Di2 (12-delt elektronisk giring). En lett, stiv og veldig allsidig landeveissykkel som har vært med på mange fine turer. Nå selges den fordi jeg skal oppgradere til en ny sykkel! Høydepunkter: Shimano 105 Di2 – knirkefri og presis giring Integrert wattmåler – gull verdt for strukturert trening Service utført – kvitteringer kan fremvises ved forespørsel Usikker på KM 15000-20000 km – godt vedlikeholdt hele veien Karbonramme og -gaffel i Canyons Ultimate-serie (rask klatrer, bra på flatene og overraskende komfortabel) Vekt - 8.16kg Små brukstegn: Liten ripe/skrubb på fremre gir, kom fra en vindfull iskrem pause der sykkelen veltet (kosmetisk, null funksjonsfeil) En bulk/inntrykk i felgen på ett hjul (typisk etter mange mil/steins prut, men hjulet ruller rett og er helt brukbart) Sykkelen er ellers i veldig fin stand totalt, perfekt for deg som vil ha en lett Di2-racer med wattmåler uten å punge ut nypris. Pris: 37000kr (Kan diskuteres ved hurtig avgjørelse) Kan sendes. Send melding for flere bilder, detaljer, kvitteringer eller spørsmål! Interessert? Vis hele beskrivelsen NB: Knappen for å vise hele beskrivelsen har kun en visuell effekt.","7061 Trondheim"
"426173801","https://www.finn.no/recommerce/forsale/item/426173801","2026-03-02T15:33:49.131Z","Orbea Orca OMR M21 Team, Sram Force AXS","38500","Pent brukt - I god stand","Orbea","Unisex","Landevei","Orbea","Orca OMR M21 Team","","57cm","700c","SRAM Force AXS","true","false","true","Pent brukt i en halv sesong, ingen riper eller skader. Sykkelen ser ny ut. Størrelse er 57 cm. Passer til deg med høyde mellom 185-192cm. Sykkel leveres med computerfeste for Garmin og Wahoo. Flaskeholdere. Ett ekstra dekk følger med, samme som står på sykkel, samt en TPU slange. Powermeter i krank Vekt ca 7.5KG. Orbea Orca carbon OMR, monocoque construction, HS 1,5"", BB 386mm, powermeter compatible, Rear Thru Axle 12x142mm, thread M12x2 P1, internal cable routing. Orbea Orca OMR ICR, full carbon, 1-1/8"" - 1,5"" tappered head tube compatible, Thru axle 12x100mm, thread M12x2 P1. Headset FSA 1-1/2"" Integrated Aluminium Cup Crankset Sram Force AXS Power Meter Dub 35x48t Shifters Sram Force AXS Cassette Sram XG-1270 10-33t 12-Speed Rear derailleur Sram Force AXS 12s Front derailleur Sram Force eTAP AXS Chain Sram Force 12-Speed Handlebar OC Road Performance RP21 Alu SL, Reach 80, Drop 125 Stem OC Road Performance RP10, -8º Sadle Ryet T 200 EVA Brakes Sram Force AXS Rotors 160mm Front /140mm Rear Wheels Oquo Road Performance RP35TEAM Tyres Vittoria Corsa Pro G2.0 TLR 700x28c Front Wheel Axle Orbea Thru Axle 12x100mm M12x2 P1 Lite Rear Wheel Axle Orbea Thru Axle 12x142mm M12x2 P1 Lite Sender i post. Pedaler følger ikke med. Vis hele beskrivelsen NB: Knappen for å vise hele beskrivelsen har kun en visuell effekt.","6530 Averøy"
"449719481","https://www.finn.no/recommerce/forsale/item/449719481","2026-03-02T15:33:50.750Z","Canyon Ultimate Cf SLX 6.8 KG","35000","Som ny - Ikke synlig brukt","Canyon","Unisex","Landevei","Canyon","Ultimate CF SLX Disc 8.0 Di2","","3XS","700c","Shimano Ultegra Di2","true","false","true","Selger en rå Canyon Ultimate CF SLX 3SX på utrolige 6,8kg. Sykkelen har toppmodell Carbon ramme, full Ultegra di2 gruppe(Eletrisk), ultegra hydrauliske bremser, aero styre i Carbon, DT Swiss hjulsett og Canyon S14 VCLS 2.0 CF Setepinne med vibrasjonsdemping. Dette er rett og slett en av de råeste landeveissyklene for lavere ryttere. Før salg har det blitt tatt full service, og sykkelen har fått helt nye dekk (onto GP 5000), ny styretape og nytt kjede. Sykkelen har noen små bruksmerker men fremstår i veldig god form. Anbefalt rytterhøyde 148-160cm. Ny pris 78000kr Les alt om sykkelen her: https://www.canyon.com/no-no/ultimate- wmn-cf-slx-disc-8.0-di2/1791.html? dwvar_1791_pv_rahmenfarbe=BK&dwvar_17 91_pv_rahmengroesse=3XS&utm_source=cs email&utm_medium=email&utm_campaign=c ustomer-email Vis hele beskrivelsen NB: Knappen for å vise hele beskrivelsen har kun en visuell effekt.","5419 Fitjar"
"449645827","https://www.finn.no/recommerce/forsale/item/449645827","2026-03-02T15:33:52.420Z","Ønsker og kjøpe brukt landevei sykkel.","7000","Pent brukt - I god stand","Cannondale","Dame","Landevei","Cannondale","","","48","","","false","false","false","Ønsker og kjøpe en brukt landevei sykkel i str 48 , men 50 kan prøves. Merke og farge er jeg åpen for, men helst en lett sykkel som ikke veier så mye mer enn 10 kg 😊 Den kan godt være 10 - 15 år gammel også. Jeg holder til i Bergen 🚴 ☀️","5164 Laksevåg"
"449601119","https://www.finn.no/recommerce/forsale/item/449601119","2026-03-02T15:33:54.105Z","Boardman air 9.0","12000","Pent brukt - I god stand","","","Landevei","Boardman","Air 9.0","","","","Shimano 105","false","false","false","Selger en fin landeveissykkel/temposykkel. Grunnet at den ikke blir brukt. Sykkelen er helt strøken. Shimano 105 gir og bremser. Følger også med nye Scott sykkelsko i størrelse 43, kun brukt 2 ganger.","0150 Oslo"
"431275357","https://www.finn.no/recommerce/forsale/item/431275357","2026-03-02T15:33:55.879Z","Bianchi Oltre XR4 str 55 di2","35000","Pent brukt - I god stand","Bianchi","Unisex","Landevei","Bianchi","Oltre XR4","2021","55","700c","Shimano Ultegra Di2","true","true","true","Selger en Bianchi Oltre XR4 fra 2021. Dette er gamle sykkelen til Stian Fredheim. Jeg kjøpte den av han Januar 2025, og har brukt den en sesong. Jeg har byttet høyre girhendel, fremgir og bakgir. Kranklager er byttet i April 2025. Jeg gikk i bakken med den under NorgesCup, der høyre girhendel knakk (som jeg byttet) men det er ingen myk karbon og ingen sprekker i verken ramme eller andre deler (sjekket over av mekaniker). Litt kosmetisk skade på styret, men dette syns ikke når styretapen er over, og heller ingen sprekk/myk karbon. Sykkelen funker fantastisk og jeg har vært veldig fornøyd. Kjedet har vært vokset hele tiden så det er minimalt slitasje på drivverk. Mavic Cosmic karbonhjul som jeg hadde service på nettopp. Kan selges sammen med wattmåler for et tillegg, ellers setter jeg på en Ultegra krank. Flaskeholderne, pedalene og setevesken følger ikke med. Følger med lader til di2😊. Ønsker helst at den blir hentet i Kristiansand, men kan sendes dersom kjøper betaler for frakt Send gjerne melding hvis det er noen spørsmål😁 Vis hele beskrivelsen NB: Knappen for å vise hele beskrivelsen har kun en visuell effekt.","4633 Kristiansand S"
"231358365","https://www.finn.no/recommerce/forsale/item/231358365","2026-03-02T15:33:57.553Z","Trek landeveissykkel 56 cm","5900","","","","Landevei","Trek","","","56cm","","","false","false","false","Trek landeveissykkel selges da den ikke lenger blir brukt,. Vært lite i brukt etter siste service i 2020 med bytte av nye dekk. Generelt lite brukt! 56 cm aluminium ramme og Carbon gaffel. SPD klikkpedaler er montert.","3021 Drammen"
"449572293","https://www.finn.no/recommerce/forsale/item/449572293","2026-03-02T15:33:59.296Z","GT SERIES 2 SUPPERT SYKKEL 🏆","6000","Som ny - Ikke synlig brukt","Scott","Unisex","Landevei","GT","Series 2","","M/L","700c","Shimano 105","false","false","false","GT Series 2 Landeveissykkel – Str. M / L 🎉🎉🎉 Veldig god stand 🏅 Veldig lett 🚴 ♂️ Bare kom og prøve Alle deler fungerer godt 👍 Du finner anmeldelsesvideoer og artikler om sykler her. https://youtu.be/znkcxeMMyOo?si=RkG_UE5ZQ0vZzxNg https://www.220triathlon.com/gear/gt-series-2 • Ramme: Hydroformet aluminium (Speed Metal™), konisk styrerør 1 1/8” – 1 1/4” 🚴🏼 • Gaffel: GT karbon landeveisgaffel (FOC Ultra™), konisk, integrert styrelager • Gir: ⚙️ • Framgir: Shimano 4600 • Bakgir: Shimano 105, 10-delt💿 • Girhendler: Shimano 105 STI, 10-delt • Bremser: RC 476 dobbel pivot caliper / Shimano 105 STI 🏅 • Krank: FSA Gossamer BB30 Compact 50/36T • Kranklager: FSA BB30, forseglede lagre • Kassett: Shimano 4600, 10-delt 12–28T⚙️ • Kjede: KMC X10 • Hjulsett: Alex ALX 200 (ca. 1900 g), 20 eiker foran / 24 bak🛞 • Nav: Alex aluminium nav med forseglede lagre (QR) • Dekk: Schwalbe Lugano 700x23c • Styrestem: GT 3D-smidd aluminium, 4-bolts front • Styre: GT landeveisstyre, shallow drop • Sete: GT Biomorphic racing sete • Setepinne: GT aluminium, 31.6 x 300 mm • Pedaler: Bits landeveispedaler (klikkpedaler) • Farge: Som vist på bildene • Kabler: Bremsekabel internt, girkabler eksternt (som på bildene) Vis hele beskrivelsen NB: Knappen for å vise hele beskrivelsen har kun en visuell effekt.","4638 Kristiansand S"
"420713251","https://www.finn.no/recommerce/forsale/item/420713251","2026-03-02T15:34:01.081Z","Scott Addict RC 20 58 cm 2020 Sram Force AXS","32939","","Scott","Unisex","Landevei","Scott","Addict RC 20","2020","58cm","700c","SRAM Force AXS","true","false","true","Pent brukt, men bruksmerker finnes. Jeg kjøpte denne i et optimistisk øyeblikk i fjor vår, og har bare gjort den (veldig) ren 😄, byttet setepinne, byttet til nytt kjede, nye bremseklosser til Galfer 👍, luftet bremse foran og byttet bartape. RC har mer aggressiv geometri, denne egner seg for deg med litt erfaring eller ambisjoner. Pedaler på bildet (Look Keo) kan medfølge. Har også et nytt sett Zipp 303S og ny kassett 10-28 som kan kjøpes til en gunstig pris om ønskelig. Dekkene bør byttes snart. Med oppsettet på bilder, originale aluhjul, pedaler, to flaskeholdere og computerfeste, samt relativt tungt sete fra SQlabs veier jeg den til 8,4 kg. Ta kontakt ved interesse! Sykkelen er tilgjengelig for inspeksjon i Molde, Trondheim og Ålesund nærmeste tida, etter nærmere avtale. Kan sendes i egnet sykkeleske godt emballert over hele landet mot 400 kr i frakt. Ble kjøpt hos Braa sport, kvittering følger. Vis hele beskrivelsen NB: Knappen for å vise hele beskrivelsen har kun en visuell effekt.","6410 Molde"
"440701582","https://www.finn.no/recommerce/forsale/item/440701582","2026-03-02T15:34:02.770Z","Bianchi Landevei sykkel unisex","5000","Godt brukt - Synlig brukt","Bianchi","Unisex","Landevei","Bianchi","","","","","","false","false","false","Bianchi Landevei sykkel for unisex. Sykkelen er designet for landeveissykling og har en ramme i karakteristiske farger med merkevarelogo. Passer for bruk på asfalt og lange turer.sykkelen var tenkt som veggpryd hos meg. Det har vært en eier før meg. Sykkelen trenger selvfølgelig og gåes over. Jeg valgte og kjøpe den da det er en noe spesiell epoke og type sykkel. Ja du får både nyere og bedre sykkel til en billigere kr en denne, Denne sykkelen er for entusiaster. Pris setter jeg til 5000 Bud blir vurdert.","1796 Kornsjø"
"438831855","https://www.finn.no/recommerce/forsale/item/438831855","2026-03-02T15:34:04.747Z","Bianchi racersykkel","6950","Som ny - Ikke synlig brukt","Bianchi","Herre","Landevei","Bianchi","Impulso","","","","","false","false","false","Strøken Bianchi Impulso sykkel til salgs. Syklet 2-3 turer i 2013 og 2014. Lite tid til å bruke den. Nå tar den plass og må vekk.","3295 Helgeroa"
"449485010","https://www.finn.no/recommerce/forsale/item/449485010","2026-03-02T15:34:06.434Z","Cannondale Caad2 landeveissykkel / 2024 modell/ 58/XL","5750","Pent brukt - I god stand","Cannondale","Unisex","Landevei","Cannondale","Caad2","2024","58/XL","700c","Shimano Tiagra","false","false","false","Strøken landeveissykkel klar for ny eier! Jeg har gjennomført en service på sykkelen som omfatter: Grundig vask og smøring av hele sykkelen Smurt kulelager bakhjul Bremser og gir finjustert Rettet små kast i felg Størrelse 58/XL passer deg som er mellom 185 og 193 cm. Vekt 9,6 kg. Høydepunkter: - Shimano Tiagra komponenter - 175 mm krankarmer og 44 cm styre passer for personer over 185 cm. - Continental Grandsport race 25 mm dekk i god stand (kan ta 28 mm dekk) - ramme i aluminium, gaffel i karbon - intern vaierføring for estetikk - fester for skjermer og baggasjebrett i ramma Selges uten pedaler. Ta gjerne kontakt dersom du ønsker mer informasjon! Se mer info her https://www.cannondale.com/en-no/bikes/road/race/caad-optimo/caad-optimo-2 Vis hele beskrivelsen NB: Knappen for å vise hele beskrivelsen har kun en visuell effekt.","1339 Vøyenenga"
"420509332","https://www.finn.no/recommerce/forsale/item/420509332","2026-03-02T15:34:09.019Z","Giant Propel Advanced Pro 0 2025","50000","Som ny - Ikke synlig brukt","Giant","","Landevei","Giant","Propel Advanced Pro 0","2025","Medium","700c","Shimano Ultegra Di2","true","true","true","Selger en så godt som ny Giant Propel Advanced Pro 0 2025 modell. Størrelse: Medium Ny pris: 75 000 Sykkelen ble kjøpt helt ny i April i år og har kunnet rullet mellom 200-300 kilometer. Sykkelen er utstyrt med Shimano ultegra Di2 gir oppsett. Den er også utstyrt med Giant Power Pro Meter (2 sidet wattmåler) Hjulsett: Giant SLR 1 50 Carbon. Satt opp med tubeless og 25 mm dekk fra Cadex Styre: Zipp drop bar 38cm. Sykkelen befinner seg på Levanger i Trøndelag Kan sendes dersom kjøper betaler frakt!","7602 Levanger"
"449429415","https://www.finn.no/recommerce/forsale/item/449429415","2026-03-02T15:34:11.546Z","Orbea Ora Temposykkel","16000","Pent brukt - I god stand","Orbea","Unisex","Landevei","Orbea","Ora","","51cm","","Shimano Dura Ace Di2","true","true","true","Selger en meget strøken temposykkel for en god venn. Sykkel er svært lite brukt og meget velholdt. Akkurat tatt service på den og byttet kjede og styretape. Passer til personer mellom 168-180cm. Sykkel er brukt av person på 174cm. Ta kontakt ved spørsmål eller en hyggelig sykkelprat. Kom gjerne med et bud. Sykkel ønskes primært ikke sendes i posten, men ta kontakt om det er av betydning. Følgende utstyr: Carbon ramme i 51cm Dura Ace Di2 felgbremser Dura Ace Di2 krankgir 2 speed Dura Ace Di2 bakgir 11 speed Rotor 3D+ wattkrank ANT+ Fast Forward platehjul Microtech Carbon forhjul Lader til Shimano girsystem Carbon styre og tempobøyler Aerodynamisk flaske Følger også med en ekstra Dura Ace Krank, men denne mangler minste drevet Vis hele beskrivelsen NB: Knappen for å vise hele beskrivelsen har kun en visuell effekt.","1553 Son"
"449102072","https://www.finn.no/recommerce/forsale/item/449102072","2026-03-02T15:34:13.131Z","White Interceptor Di2","10000","","","Unisex","Landevei","White","Interceptor Di2","2016","54cm","","","false","false","true","White Interceptor Di2 elektronisk gir, akkurat byttet til helt nytt batteri. Nylig byttet slange i begge hjulene. Størrelse 54cm https://sykkelen.no/sykkeltester/white-interceptor-di2-2016/ Selges som den er, ikke vært brukt på 2 år…","0380 Oslo"
"449427420","https://www.finn.no/recommerce/forsale/item/449427420","2026-03-02T15:34:14.757Z","Cannondale CAAD Optimo 2","9000","Som ny - Ikke synlig brukt","Cannondale","Unisex","Landevei","Cannondale","CAAD Optimo 2","","56cm","700c","","false","false","false","Cannondale CAAD Optimo 2 landeveissykkel i unisex-utgave. Sykkelen har en rammehøyde på 56 cm og hjulstørrelse 28""/700c, tilpasset landeveissykling. Modellen er en lett aluminiums landeveissykkel med geometri beregnet for effektiv sykling på asfalt. Passer til både trening og pendling på vei for brukere som ønsker en landeveissykkel med 56 cm ramme og 28""/700c hjulstørrelse. Må hentes i Kråkstad.","1408 Kråkstad"
"448602951","https://www.finn.no/recommerce/forsale/item/448602951","2026-03-02T15:34:16.349Z","Nydelig Pinarello Prince fx","30000","Pent brukt - I god stand","","Unisex","Landevei","Pinarello","Prince FX","2022","53.5","","Shimano Ultegra","true","false","false","Fin Pinarello Prince fx , 2022 model. Fint godt og aldri i velt. Ikke brukt siste året . Lagret inne. Str 53,5. Unisex. Ultegra 11/28 man. Gir. Skivebremser. Nypris ca 75.000","8011 Bodø"
"449338769","https://www.finn.no/recommerce/forsale/item/449338769","2026-03-02T15:34:17.910Z","Specialized Tarmac SL8 2026 105 di2 - uten hjul","44000","Som ny - Ikke synlig brukt","Specialized","Unisex","Landevei","Specialized","Tarmac SL8","2026","54","","Shimano 105 Di2","true","false","true","Specialized SL8 2026 vurderes solgt. Kjøpt ny i Januar 2026. Gått ca 200km. Satin Carbon farge. str 54 ramma er expert/pro/comp (samme) 105 di2 - oppgradert til 165mm lengde på krank armer. 400mm bredde på styret - 100m stem. vokset kjedet. selges uten hjul. Kun ramme og gir gruppe.","7606 Levanger"
"449350907","https://www.finn.no/recommerce/forsale/item/449350907","2026-03-02T15:34:19.536Z","De Rosa pininfarina vurderes solgt","45000","Pent brukt - I god stand","","Herre","Landevei","De Rosa","Pininfarina Nero Terra","2019","56","","Shimano Dura Ace R9150 Di2","false","false","true","De Rosa pininfarina Nero Terra mod 2019, syklet kun 2 sesonger, vurderes solgt høystbydende over 45.000,-,, grunnet overgang til EL-sykkel. Nypris 2019 ca. 75.000,- Gruppe: Dura Ace R9150 Di2 172,5mm Compact 52/36 Kassett: Dura Ace R9150/70 / 11-30 Hjulsett Fulcrum Racing 4 C17 Rammestørrelse 56, passer syklister ca. 180cm-185cm, Sykkel er tilpasset syklist 182cm. Medfølger Look Keo Blade 2 pedaler og eldre Bontrager Aeolus 5 hjulsett påsatt sykkel nå. Har også DT Swiss ekstra hjulsett.","1435 Ås"
"421734258","https://www.finn.no/recommerce/forsale/item/421734258","2026-03-02T15:34:21.110Z","Diamant C4 Pinnacle - Shimano","5500","Pent brukt - I god stand","Cannondale","Unisex","Landevei","Cannondale","Diamant C4 Pinnacle","","","","Shimano Sora","false","false","false","Selger denne sykkelen for min lille svigerbror. Tiden strak aldri til for trening. Kjøpte den i mars og stått stille siden, alltid lagret i tørr garasje. Bremser funker, men sykkelen trenger service. Lillebror er 175cm og passer han fint. Shimano Sora girsystem. 2 stk vannholder. Vi kan ikke mye om sykler, men kom gjerne og prøv den. Kom gjerne med bud.😊","2050 Jessheim"
"433299259","https://www.finn.no/recommerce/forsale/item/433299259","2026-03-02T15:34:22.662Z","BMC TEAMMACHINE SLR ONE","35000","Pent brukt - I god stand","","Herre","Landevei","BMC","Teammachine SLR One","2019","","","SRAM RED eTap","true","false","true","Strøken BMC selges. Satt opp med SRAM RED E-TAP. Ubetydelig brukt. 20-30 mil totalt. Kassett bør skiftes, hakker litt på 2 eller 3 drevet. Helt nye Specialized turbo dekk Identisk sykkel som på bildet men uten skivebremser. 2019mod","3027 Drammen"
"449315530","https://www.finn.no/recommerce/forsale/item/449315530","2026-03-02T15:34:24.263Z","Giant TCR (L) – Campagnolo Record – Bora One tubular","29000","Pent brukt - I god stand","Giant","Unisex","Landevei","Giant","TCR","","56","700c","Campagnolo Record","true","true","false","Selger en meget velholdt Giant TCR racersykkel i størrelse 56 / Large. Dette er en lett, stiv og responsiv landeveissykkel med Campagnolo Record-gruppesett og Campagnolo Bora One tubular-hjul – et supert oppsett for ritt og seriøs trening. Sykkelen fremstår som svært pen og mekanisk solid, og nylig oppgradert med nye slitedeler. 🔧 Spesifikasjoner Ramme: Giant TCR karbon Rammestørrelse: 56 / Large (passer ca. 175–185 cm) Gruppesett: Campagnolo Record, 11-delt Bremser: Felgbrems Hjul: Campagnolo Bora One – tubular Kassett: Campagnolo Chorus 11s 12–27 Kjede: Campagnolo Potenza (nytt juni 2025) Dekk: Tubular, nye mai/juni 2025 (foran og bak) ⚡ Wattmåler Har også Garmin Vector 2S wattpedaler som kan følge med mot tillegg i pris. Perfekt for strukturert trening, eller for deg som bare er glad i tall og statistikk. ➡️ Kan selges: Sykkel alene: 29 000,- Sykkel + wattpedaler: 32 000,- Vis hele beskrivelsen NB: Knappen for å vise hele beskrivelsen har kun en visuell effekt.","2260 Kirkenær"
"440450282","https://www.finn.no/recommerce/forsale/item/440450282","2026-03-02T15:34:25.932Z","Canyon Speedmax CF 7 str M","52500","Som ny - Ikke synlig brukt","Canyon","Unisex","Landevei","Canyon","Speedmax CF 7","","M","","SRAM Rival eTap AXS","true","false","true","Svært lite brukt og godt vedlikeholdt Canyon Speedmax CF 7 selges. Rask sykkel som er godt egnet for triatlon. Størrelse M Info om sykkelen: Gir - Sram Rival E-tap AXS (elektronisk) Skivebremser Reynolds AR hjulsett - 58mm foran og 80mm bak Helt nytt kranklager: Sram Rival Sram Rival Dub watt måler krankarm Vittoria Corsa dekk Ekstra: Helt ny Bentoboks Feste til Computer Pedaler ikke inkludert Kan hentes på Smestad. Ta kontakt ved interesse! Søkeord: Canyon, triathlon, TT sykkel, Triatlonsykkel, Temposykkel Vis hele beskrivelsen NB: Knappen for å vise hele beskrivelsen har kun en visuell effekt.","0379 Oslo"
"436372543","https://www.finn.no/recommerce/forsale/item/436372543","2026-03-02T15:34:27.494Z","Pen sykkel selges til småbarnsforeldre","5000","Pent brukt - I god stand","DBS","Dame","Landevei","DBS","","","","","","false","false","false","God stand, pedalene mangler. Selges snarest","4018 Stavanger"
"410574107","https://www.finn.no/recommerce/forsale/item/410574107","2026-03-02T15:34:29.065Z","Orbea Orca M11iLTD-D (toppmodell)","35000","Pent brukt - I god stand","Orbea","Unisex","Landevei","Orbea","Orca M11iLTD-D","2021","60","700c","SRAM Red AXS","true","true","true","En toppmodell fra produsenten Orbea, Baskerland Spania. Kjøpt 16. juni 2021. (Har kjøpskvittering). Merke: Orbea - modell Orca. Denne har all moderne teknologi man en sykkel har idag. Topp-spekket med toppgruppen fra SRAM Red (trådløst) Krank 48/35 Kasett 10/36 (12 gir) Topp hjulsett med Zipp 303 Satt opp slangeløst med 30mm (lite brukt hjul fra i år) Str. 60 passer oss menn på 190+. Enkelt å bytte stem for perfekt tilpasning / bike fit. Styrerør er originalt og ikke kappet (alle justeringer mulig). Sykkelen er lite brukt og syklet 480 mil. Aldri vært i sykkelvelt med den, ellers kun normal slitasje. Jeg kan gjerne sende sykkelen til deg i posten via posten sin uemballert løsning eller emballert i sykkel papp eske. Sykle selges uten sete, flaskeholdere, ringeklokke, computer og baklys. Du kan få med et bra sete og sorte, bra flaskeholdere om ønskelig Les om sykkelen her; https://99spokes.com/en-EU/bikes/orbea/2019/orca-m11iltd-d Vis hele beskrivelsen NB: Knappen for å vise hele beskrivelsen har kun en visuell effekt.","2387 Brumunddal"
"449027248","https://www.finn.no/recommerce/forsale/item/449027248","2026-03-02T15:35:00.925Z","Jamis xenith Carbon","9000","Pent brukt - I god stand","","Unisex","Landevei","Jamis","Xenith","","56cm","","","true","false","false","JAMIS landeveissykkel 56cm rammestørrelse Landveissykenl i full karbon Flott karbon landeveissykkel i god stand. Det er 10 delt girsystem, totalt 20 gir. Lite brukt, gir/brems hendel er byttet for gir foran Sykkelen var på verksted og sett over og funnet i god stand","2069 Jessheim"
"401538596","https://www.finn.no/recommerce/forsale/item/401538596","2026-03-02T15:35:02.728Z","Bianchi XL EV2 landevei, str 49 cm senter topp,Ultegra/105","19000","Pent brukt - I god stand","Bianchi","","Landevei","Bianchi","XL EV2","","49cm","700c","Shimano Ultegra/105","false","false","false","Bianchi XL EV2, 49 cm senter topp. Vekt 7,9 kg komplett. Med Ultegra/105 utstyr. Styrebredde 38 cm c/c. Styrestem 8 cm. Carbon setepinne og forgaffel. Leveres med Look Keo pedaler. Kompaktkrank 34-50. Mavic helium hjul. Nye dekk Michelin Pro 2 Race. Aluminiumsramme. Bontrager Ajna damesete. Alt utstyr er nytt bortsett fra bremseklo og setepinne. Vintage sykkel. Passer best til dame/junior jente. Svært pen sykkel bygget opp av erfaren sykkelforhandler.","4815 Saltrød"
"448495692","https://www.finn.no/recommerce/forsale/item/448495692","2026-03-02T15:35:04.602Z","Trek Emonde SLR Disc . Str. 60","45000","Pent brukt - I god stand","Trek","Herre","Landevei","Trek","Emonda SL6","2024","60cm","700c","Shimano 105 Di2","true","false","true","Selger racersykkelen Trek Emonda SL6, då eigar dessverre har gått bort. Størrelse 60 cm. Eigaren var 1,94 høg, Spesifikasjoner: -Garmin Rally RK 100 Wattpedaler med klossetype look Keo med 1 sensor følger med. Kjøpt nye i mars 2025. -Sykkelhjula er type Bontrager Elite størrelse 23 . -Dekka er med slange. -Sykkelen er størrelse 60. - Gir, elektronisk shimano 105. - 12 delt gir. Tilstand og historikk. - -Ny pris , 59 800 kr -Sykkelen vart kjøpt på Trek i Bergen juli 2024. - 1 år service sommaren 2025. -Sykkelen er kun brukt i nokre få konkurransar. -Svært lite brukt så fremstår tilnærmet som ny. -Oppbevart innandørs. - sykkelen kan eventuelt leverast privat rundt Bergen området . Annet: DT SWISS hjulsett 55mm . Størrelse 23, kan følge med mot tillegg i pris. Dei vart kjøpt november 2024. Innkjøpspris 36 000kr seljast for 25 000kr. Hjula er kun brukt i nokre få sykkelritt. Vis hele beskrivelsen NB: Knappen for å vise hele beskrivelsen har kun en visuell effekt.","6963 Dale i Sunnfjord"
"449242797","https://www.finn.no/recommerce/forsale/item/449242797","2026-03-02T15:35:06.259Z","Ny Winspace T1550, Small. Shimano 105 Di2","31000","Helt ny - Uåpnet/med lapp","","","Landevei","Winspace","T1550","","Small","","Shimano 105 Di2","true","true","true","Helt ny Winspace T1550, Gen 2. Shimano 105 DI2 Gir. Karbon hjul fra Lun. Vittoria Dekk. 380/95 Zero Handlebar. Kan sees/hentes i Oslo.","0366 Oslo"
"449192870","https://www.finn.no/recommerce/forsale/item/449192870","2026-03-02T15:35:07.879Z","Campagnolo Super Record 12 DISC girgruppe, meget pen!","10000","Pent brukt - I god stand","","","Landevei","Campagnolo","Super Record 12 Disc","","","","Campagnolo Super Record 12 Disc","false","false","false","Campagnolo Super Record 12 DISC girgruppe, meget pen! Toppen av girgruppene. Denne gruppen tilsvarer minst Shimano sin Dura Ace. Ifølge Campagnolo selv plasseres den over Dura Ace performancemessig. Gruppen er er svært god stand uten egentlige spor av bruk. Veldig høy nypris (et fint hakk over Dura Ace) Har også en EPS elektronisk versjon av Super Record liggende, til en høyere pris. Prisene gjelder avbildet gruppe, Super Record Disc 12 speed (mekanisk) Kan sendes","6433 Hustad"
"449176957","https://www.finn.no/recommerce/forsale/item/449176957","2026-03-02T15:35:09.475Z","Mango Cross gravel alu","5000","Pent brukt - I god stand","","","Landevei","Mango","Cross","","M 52","","Shimano Ultegra/105 2x10","false","false","false","Gravel M 52 størelse Ultegra c wattmåler FC-6800 nye batteri (nye koster 3000 kr) 2×10 Ultegra krank med 105 bakgir Xt pedaler 32 continental dekk med ZTR Alpha 340 hjulsett Rett Carbon settepine med prologo sette Helt ny bremseklosser Trp bremser Rett og fint bremseskiver Klar for sesong Kan sendes","1473 Lørenskog"
"427146112","https://www.finn.no/recommerce/forsale/item/427146112","2026-03-02T15:35:11.185Z","Flott Bianchi Infinito ICR - str. 50 - 2025 modell","20000","Pent brukt - I god stand","Bianchi","Unisex","Landevei","Bianchi","Infinito ICR","2025","50","700c","Shimano 105 12s","true","false","false","Sykkelen er meget pent brukt og har ikke vært utsatt for velt eller uhell. Bianchi Infinito ICR Shimano 105 12s 2025 er en avansert landeveissykkel designet for ytelse og komfort på lange turer. Med en karbonramme, integrert kabelhåndtering og hydrauliske skivebremser gir denne sykkelen en jevn og responsiv opplevelse, uansett terreng eller kjøreforhold. Nøkkelfunksjoner: Ramme: Infinito Carbon ICR-1.5, kompatibel med både mekaniske og elektroniske Di2 girsystemer. Passer for dekk opptil 32 mm bredde. Gaffel: Full karbon ICR-28 med 12x100 mm gjennomgående aksel for optimal stabilitet. Gruppesett: Shimano 105 12-trinns for presis girskifting og pålitelig ytelse.","1410 Kolbotn"
"399381353","https://www.finn.no/recommerce/forsale/item/399381353","2026-03-02T15:35:12.872Z","Argonaut GR All Road Bike til salgs (Ny pris!)","36000","Pent brukt - I god stand","","Herre","Landevei","Argonaut","GR All Road","2016","56/57","700c","Shimano Dura-Ace Di2","true","true","true","Jeg rydder opp blant sykler og vurderer å selge min Argonaut GR-sykkel. Den ble kjøpt rett fra produsent, Argonaut (https://argonautcycles.com), i Bend Oregon i 2016, og er satt opp med Shimano Dura Ace Di2, Enve SES 3.4 hjulsett, Enve stem (120 mm) og styre (42 cm), samt en Fizik Arione sadel i karbon, og spesiallakkert i ensfarget sølv. Som en av tre sykler jeg eide i perioden, så har den blitt bragt med ulikt av langturer, bikepacking omkring i Norge og USA, rikelig med grus i Nordmarka, foruten brostein i Flandern og i Italia. Det har, dog, blitt mere løping og mindre sykling og to sykler holder mer enn nok for de kommende sesongene. Detaljene er: Ramme: Argonaut GR All Road - str 56/57 Gruppesett: Shimano Dura-Ace Di2 Hjulsett: Enve SES 3.4 m/ DT Swiss 240 nav (utstyrt med Vittoria Rubino) Styre: Enve Compact 42 cm Stem: Enve 120 mm Headset: Chris King Setepinn: Argonaut integrert Sadel: Fizik Arione R1 Carbon Braided Flaskestativ: Blackburn (kan eventuelt selges med Enve karbon-versjon) Sykkelen er pent brukt, kontinuerlig vedlikeholdt, utelukkende lagret innendørs annet enn i bruk, og aldri vært i noen alvorlige kræsj. Den som ender opp med sykkelen for en pålitelig sykkel som er komfortabel for langdistanse, rask og responsiv i klatringene, og vil stadig være unik på norske landeveier i veldig mange sesonger fremover. PRIS: 36000 NOK Vis hele beskrivelsen NB: Knappen for å vise hele beskrivelsen har kun en visuell effekt.","0175 Oslo"
"436762487","https://www.finn.no/recommerce/forsale/item/436762487","2026-03-02T15:35:14.629Z","Pent brukt landeveissykkel","5500","Pent brukt - I god stand","","Unisex","Landevei","Pinnacle","R4","","48","","","false","false","false","Pinnacle R4, ramme: 48.","5035 Bergen"
"430218177","https://www.finn.no/recommerce/forsale/item/430218177","2026-03-02T15:35:16.250Z","Canyon Endurace CF rammesett Str. Medium","11000","Helt ny - Uåpnet/med lapp","Canyon","","Landevei","Canyon","Endurace CF","","Medium","","","true","false","false","Selger en Canyon Endurace CF ramme som er splitter ny og fortsatt pakket inn i beskyttelsesmateriale fra produsent. Rammen har aldri vært montert eller brukt. Følger ikke med setepinne, gaffel, styre eller noe annet enn kun rammen. Dette rammesettet tilsvarer farge og spesifikasjoner fra nyere Canyon Endurace CF. Modell: Canyon Endurace CF Farge: Stealth Black Materiale: Karbon Størrelse: Medium Kompatibilitet: Elektronisk og mekanisk gir (intern kabelføring), skivebrems Akselstandard: 12x100 mm foran / 12x142 mm bak (thru-axle) Dekklaring: Opptil 35 mm Canyon selger normalt ikke CF-rammer separat, så dette er en sjelden mulighet for deg som ønsker å bygge din egen sykkel fra bunnen av eller trenger å erstatte en ødelagt ramme med en topp kvalitets karbonramme. Kan sendes eller hentes i Oslo. Vis hele beskrivelsen NB: Knappen for å vise hele beskrivelsen har kun en visuell effekt.","0585 Oslo"
"417119267","https://www.finn.no/recommerce/forsale/item/417119267","2026-03-02T15:35:17.917Z","Scott Foil 20","18000","Pent brukt - I god stand","Scott","","Landevei","Scott","Foil 20","","54","","Shimano Ultegra","false","false","false","Scott Foil 20 vurderes solgt. Utstyrt med Shimano Ultegra 10-delt. Har normal bruksslitasje med noen kosmetiske merker, se bilder. Størrelse 54. Sykkelen må ikke selges, så det blir ikke aktuelt å selge den ved skambud.","2007 Kjeller"
"449099030","https://www.finn.no/recommerce/forsale/item/449099030","2026-03-02T15:35:19.609Z","Vitus Razor Intl. Sølv – Landevei | Str. M (51 cm)","7000","Som ny - Ikke synlig brukt","","Unisex","Landevei","Vitus","Razor Intl.","","M (51 cm)","700c","Shimano Claris","false","false","false","Selger en Vitus Razor Intl. racersykkel i sølv (rammehøyde M | 51 cm / 28"") + LOOK - KEO Classic 3 landeveispedaler. Sykkelen er som ny og kun brukt inne på rulle mellom 10–15 ganger. Aldri brukt ute. Ingen riper, skader eller rust. Vitus Razor Intl – Roadbike 6061-T6 dobbelbuet aluminiumramme med intern vaierføring og muligheter for skjermer. 700c hjul (28″). Carbongaffel gir en lettere og mer komfortabel tur. Shimano Claris-drivverk (typisk 2×8 eller 2×9 gir, avhengig av versjon). Tektro R317 dual pivot bremser. Komfortabel geometri som passer både nybegynnere og mer erfarne. Veier ca. ~9.8 kg i størrelse M (avhengig av eksakt modell). Passer ca. rytterhøyde: ~170–175 cm (vanlig anbefaling for rammestørrelse M). Kan sende fler bilder hvis det er ønskelig. Vis hele beskrivelsen NB: Knappen for å vise hele beskrivelsen har kun en visuell effekt.","0481 Oslo"
"449075088","https://www.finn.no/recommerce/forsale/item/449075088","2026-03-02T15:35:21.223Z","3T New Strada Rival AXS 2x12 delt - Large / 56","29900","Helt ny - Uåpnet/med lapp","","Unisex","Landevei","3T","New Strada Rival AXS 2x12","","Large / 56","700c","SRAM Rival AXS 2x12","true","false","true","Helt ny i eske. Rask landeveissykkel med topp moderne Rival AXS (D1) 2x12 delt elektronisk gruppesett. Kan leveres ferdig montert, eller sendes delvis montert i eske. Alle specs er lik denne: https://bikeshop.no/3t/ny3tb129/3t-new-strada-landeveissykkel-karbon-rival-axs-2x12-fulcrum-700c Nypris 64990,- Kan sendes for 440 kroner med Posten.","4318 Sandnes"
"439665639","https://www.finn.no/recommerce/forsale/item/439665639","2026-03-02T15:35:22.849Z","Hard Rocx Helium RR","10000","Pent brukt - I god stand","","","Landevei","Hard Rocx","Helium Super Veloce RR","","56","","Shimano Ultegra/Dura Ace","true","false","false","Selger min Hard Rocx Helium Super Veloce RR. Sykkelen er pent brukt og i god stand. Carbon ramme med Ultegra/Dura Ace utstyr. Ramme størrelse 56, indikasjon på rytterens høyde 175 - 184cm. Selges uten pedaler.","3616 Kongsberg"
"440182728","https://www.finn.no/recommerce/forsale/item/440182728","2026-03-02T15:35:24.499Z","TREK Emonda","8000","Som ny - Ikke synlig brukt","Trek","Unisex","Landevei","Trek","Emonda","","54cm","","Shimano Tiagra","false","false","false","Selges Trek Emonda sykkel. Sykkelen er som ny,klar til ny eier. Helt nye dekkene, alt virker som det skal. Gir system er shimano Tiagra 2*10, rame størrelse er 54cm. Lys og flaskeholder. Veldig lett og raskt sykkel!","5228 Nesttun"
"449014762","https://www.finn.no/recommerce/forsale/item/449014762","2026-03-02T15:35:26.108Z","Canyon Landevei Sykkel S 28""/700c Unisex","43000","Pent brukt - I god stand","Canyon","Unisex","Landevei","Canyon","","","S","700c","SRAM Force","false","false","false","Hei, jeg har en Canyon-sykkel til salgs. Sykkelen er i størrelse small. Den har SRAM Force-komponenter, og krankdrevet foran har en effektmåler. Jeg har også en Wahoo Kicker V6-trener til salgs 8000nok og en Wahoo Headwind 2500nok","5227 Nesttun"
"449007935","https://www.finn.no/recommerce/forsale/item/449007935","2026-03-02T15:35:27.798Z","Gavia Treviso Landeveissykkel - XL","8000","Pent brukt - I god stand","","Unisex","Landevei","Gavia","Treviso","","XL","700c","Shimano Tiagra 4700","false","false","false","Gavia Treviso har gjennom flere år vært en av våre mest solgte landeveissykler. Hvorfor det? Den gir deg svært mye utstyr, ytelse og kvalitet for pengene. Den er bygd for å tilfredstille ambisiøse nybegynnere, aktive mosjonister og yngre aktive. Sykkelen har gått ca 500km. Stått lagret tørt og varmt det siste året. Eksklusiv ramme i aluminium med lav vekt Shimano Tiagra 4700 2x10-delt girsystem med bred utveksling Carbongaffel for ekstra komfort og lav vekt Pålitelige og solide Shimano RS-305 mekaniske skivebremser Sterke felger fra DT Swiss med Novatec nav som har 12 mm gjennomgående aksling Gavia Treviso landeveissykkel passer perfekt til lett konkurranse og lange treningsturer. Sykkelen har en balansert geometri perfekt for deg som ønsker en sporty sittestilling som ikke blir for aggressiv. Klikk pedaler fra Shimanno Sko str: 47 kan medfølge. Les mer her: https://bikeshop.no/gavia/nytrev001/gavia-treviso-landeveissykkel-alu-shimano-tiagra-2x10s-skivebremser Vis hele beskrivelsen NB: Knappen for å vise hele beskrivelsen har kun en visuell effekt.","4021 Stavanger"
"432891327","https://www.finn.no/recommerce/forsale/item/432891327","2026-03-02T15:35:29.478Z","Trek Madone SL 5.2, sko, sete og sykkelcomputer","7000","Godt brukt - Synlig brukt","Trek","Herre","Landevei","Trek","Madone SL 5.2","","58","700c","","false","false","false","Jeg legger ut denne sykkelen da den ikke blir brukt. Ikke helt sikker på rammestørrelse, tror det er 58, jeg er 185 .Vært med på 4 Lillehammer-oslo og mange fine turer. Den har stått i boden i 2 år, så trenger gir justering og litt shine. Mange gode turer igjen i denne nydelige sykkelen. Følger med shimano landeveissko str 46, ekstra sykkelsete og en sigma 1108 sykkelcomputer. Vanlige bruksmerker. Gi bud.","1361 Østerås"
"429514790","https://www.finn.no/recommerce/forsale/item/429514790","2026-03-02T15:35:31.140Z","Kirk Precision landeveissykkel","5700","Godt brukt - Synlig brukt","","Herre","Landevei","Kirk Precision","Precision","1991","","","","false","false","false","Lodder stemningen for en original Kirk Precision landeveissykkel. Et forsøk på et industrieventyr i Norge hvor Norsk Hydro produserte magnesiumsrammer for Kirk Precision, en britisk sykkelprodusent. Denne er antakeligvis fra 1991 og er særs lite brukt, kun vært på noen få turer de siste 30-ish årene. Det er litt flasset maling på rammen og dekkene trenger litt luft. Den er originalt utstyrt, sett bort i fra dekkene som ble byttet for en 18 år siden.","5215 Lysekloster"
"424699949","https://www.finn.no/recommerce/forsale/item/424699949","2026-03-02T15:35:32.786Z","Giant TCR Advanced 1 Disc 2021 – str. M/L","22000","Pent brukt - I god stand","Giant","Unisex","Landevei","Giant","TCR Advanced 1 Disc","2021","M/L","700c","Shimano Ultegra","true","false","false","Selger en pent brukt Giant TCR Advanced 1 Disc 2021-modell i størrelse M/L grunnet oppgradering til ny sykkel. Sykkelen har en lett og stiv karbonramme som egner seg godt både til lange turer og ritt. Den er godt vedlikeholdt og klar til bruk. Giants størrelsesguide anbefaler høyde mellom 177 – 187cm. Nypris: 31 999kr Tilstand: Pent brukt, aldri veltet Nylig byttet kjede Originalt hjulsett (PR-2) nesten ubrukt, da jeg har kjørt mest med et annet hjulsett Spesifikasjoner: Ramme: Advanced-Grade Composite, disc Gaffel: Advanced-Grade Composite, OverDrive steerer, disc Styre/stem: Giant Contact Setepinne: Giant Variant, composite Sete: Giant Approach Girgruppe: Shimano Ultegra (krank 36/52, 11-delt kassett 11-30, hydrauliske skivebremser) Kassett: Shimano 105 11x30 Hjulsett: Giant PR-2 Disc (12mm thru-axle), ca. 1500 km Dekk: Giant Gavia Course 1, tubeless, 700x25mm Vekt: ca. 8,2 kg (str. Medium, uten pedaler) Selges uten pedaler. Vis hele beskrivelsen NB: Knappen for å vise hele beskrivelsen har kun en visuell effekt.","0661 Oslo"
"428456294","https://www.finn.no/recommerce/forsale/item/428456294","2026-03-02T15:35:34.457Z","Specialized S-Works Landevei Herre","20000","Godt brukt - Synlig brukt","Specialized","Herre","Landevei","Specialized","S-Works","","","700c","","true","true","false","Jeg vurderer å selge min S-works da den ikke blir brukt. Det er en utrolig god sykkel og det er montert en wattmåler av merke Quarq DZero. Sykkelen har akkurat hatt service og der ble det montert en wattmåler med helt nytt lager og byttet alt av drivverk som bare er blitt brukt noen få kilometer. Jeg er selv 178cm og den passer meg utmerket. Styrer røret er kappet og man har en del drop. * Wattmåler Quarq DZero * Det er helt nytt drivverk, kjede, kasset, begge tannhjulene foran er også nye. Dette ble satt på i år og kun blitt brukt noen få kilometer. * Ganske nye og lite brukt bremseklosser av merket Switt stop - Flash pro * Karbon felger - Aerlite * Fremre gir er SRAM-Force * Bakre gir er Ultegra * Bremser er SRAM-Force Om jeg ikke husker helt feil så veier sykkelen slik som den står rett over 7kg. Jeg har to ruller en balanse og en fast rulle som kan følge med uten ekstra kostnader. NB: Dekkene på sykkelen bør byttes da disse er en del år gamle. De er begynt å morkne. Vis hele beskrivelsen NB: Knappen for å vise hele beskrivelsen har kun en visuell effekt.","3772 Kragerø"
"448899485","https://www.finn.no/recommerce/forsale/item/448899485","2026-03-02T15:35:36.226Z","Trek Emonda ALR 5 slate","21000","Som ny - Ikke synlig brukt","Trek","Unisex","Landevei","Trek","Emonda ALR 5 Slate","","58cm","","Shimano 105","false","false","false","Selger min Trek Emonda ALR 5 Slate med tungt hjerte. Sykkelen har en lett aluminiumsramme med og nesten helt integrerte kabler, noe som gir den er veldig elegant utseende Kjøpte denne ny hos glade hjul i sommer og har kun blitt brukt i finvær! Sykkelen er så god som ny uten noen synlige bruksmerker. Service ble gjort på den i oktober før jeg ryddet den vekk for vinteren. Rammestørrelse: 58cm Vekt: 9,15kg Gir: Shimano 105 Selv er jeg 193 og denne sykkelen har vært utrolig behagelig! Send meg en melding dersom du har noen spørsmål! NB! Pedaler og flaskeholdere følger ikke med Vis hele beskrivelsen NB: Knappen for å vise hele beskrivelsen har kun en visuell effekt.","0661 Oslo"
"448898159","https://www.finn.no/recommerce/forsale/item/448898159","2026-03-02T15:35:37.955Z","Landeveissykkel | str 54 | SRAM Force AXS 2X12 | Carbon hjul |165mm krankarmer!","54212165","Pent brukt - I god stand","","Unisex","Landevei","Velobuild","","","54","700c","SRAM Force AXS 2x12","false","true","true","Selger en meget pen og velholdt landeveissykkel. Meget god mekanisk stand og har svært få bruksmerker / riper. Rammestørrelse 54. Er på bildene satt opp til ei som er 170cm høy. Rammen er brukt i kun 1 sesong i bra vær. Utstyrt med SRAM Force AXS 2X12 girsystem. og 165mm krankarmer! (Rival krankarmer). Carbon hjulsett. Bakhjul fra Giant og fremhjul fra Hollowgram (Cannondale). Rammen er kjøpt fra: https://www.velobuild.com/ Ny styretape vil bli lagt før salg. Kan sendes, men vil prioritere de som kan hente. Ta kontakt dersom du lurer på noe ☺️","3160 Stokke"
"448897075","https://www.finn.no/recommerce/forsale/item/448897075","2026-03-02T15:35:39.649Z","Giant landevei/temposykkel str M","23000","Pent brukt - I god stand","Giant","Unisex","Landevei","Giant","","","M","","","false","false","false","Giant landevei sykkel med ramme størrelse M. Kjøpt brukt i oktober. Bare brukt noen få ganger på sykkelrulla. Må hentes i Oslo. Selges med «treningshjulsettet», ikke det som er på bildet","0254 Oslo"
"448891112","https://www.finn.no/recommerce/forsale/item/448891112","2026-03-02T15:35:41.747Z","Cube landevei sykkel 58 cm 28""/700c unisex","7000","Pent brukt - I god stand","Cube","Unisex","Landevei","Cube","","","58cm","700c","","false","false","false","Cube landevei sykkel med 58 cm ramme og 28""/700c hjulstørrelse. Sykkelen er designet for unisex bruk.","0664 Oslo"
"448870460","https://www.finn.no/recommerce/forsale/item/448870460","2026-03-02T15:35:43.430Z","Scott CR1 Carbon landeveissykkel – str. 56 (L)","10500","Pent brukt - I god stand","Scott","Unisex","Landevei","Scott","CR1 Carbon","","56","","Shimano Ultegra","true","false","false","Selger en velholdt Scott CR1 Carbon i størrelse 56 (L). Lett, komfortabel og rask landeveissykkel som passer perfekt både til utebruk og rulle. Brukt primært på innendørs på rulle i mitt eie, jeg har to turer ute. Spesifikasjoner: • Carbonramme • Shimano Ultegra gir (10-delt) • Shimano 105 bremser • Vekt: ca. 7,8 kg • Selges med aluminiumshjul+rullehjul Vedlikehold / tilstand: • Ny styretape • Ny kassett • Kjede som nytt (ca. 2000 km) • Nye kabler • Hjulsett brukt < 1000 km ✅ ROCKBROS rammeveske følger med i prisen. Kan kjøpes i tillegg: KASK Utopia landeveishjelm • Størrelse 52–58 cm (justerbar) • Ca. 260 g • Aldri vært i velt eller utsatt for slag • Komfortabel og godt ventilert premiumhjelm • Pris: 2500,- (nypris 3199,-) Shimano RC5 landeveissko (BOA) • Pent brukte, hvite/svarte • BOA-stramming + borrelås • Stive og komfortable, god kraftoverføring • Passer både landevei og rulle • Pris: 1100,- (nypris 1600,-) Selges samlet eller separat etter avtale. Ta kontakt ved spørsmål eller interesse 😄 Vis hele beskrivelsen NB: Knappen for å vise hele beskrivelsen har kun en visuell effekt.","4085 Hundvåg"
"419905405","https://www.finn.no/recommerce/forsale/item/419905405","2026-03-02T15:35:45.114Z","Head Cyclone landeveissyklel","7999","Pent brukt - I god stand","","Herre","Landevei","Head","Cyclone","","","","","false","false","false","Hei, Selger en ubetydelig brukt Head Cyclone landeveissykkel i god stand. Gator dekk sitter på sykkelen. Byttet slanger i starten av august. Brukt av herre på 186cm. Pris kan diskuteres ved rask avgjørelse 🙂","2656 Follebu"
"435201725","https://www.finn.no/recommerce/forsale/item/435201725","2026-03-02T15:35:46.747Z","landevei sykkel fra Rose Bikes","9500","Pent brukt - I god stand","","Unisex","Landevei","Rose","","","M","700c","Shimano Ultegra","false","false","false","Veldig lett sykkel fra Rose bikes Tyskland. Størrelse M (passer for de som er mellom 172-182cm). Gruppe: Shimano Ultegra (bremser, gir fremme, bak, cassette, hendel v/h) Ramme: Aluminium Hjul: Fullcrum Racing 3 type clincher Dekk: Continental GP5000 (som ny), 25mm Gaffel: Carbon Setepinne: Carbon Handlebar: Richey Pro WCS Godt vedlikeholdt sykkel","5235 Rådal"
"402837615","https://www.finn.no/recommerce/forsale/item/402837615","2026-03-02T15:35:48.353Z","Ønsker å kjøpe 2x landeveissykkel str 49-51 og 54-56.","40000","Pent brukt - I god stand","","Herre","Landevei","","","","","","","false","false","false","Ønsker å kjøpe 2x landeveissykkel/racer. Helst med elektroniske Di2 eller AXS gir. 10-40 000kr. Str 49-57. (Både S og L er interessant). Fara, Dare, Focus, Merida, Factor, Cannondale, Orbea, Specialized, Bianchi, Wilier, Van Rysel, Cube, Argon, Trek, Shimano, Sram Ta gjerne kontakt dersom du har en som skal selges.","4638 Kristiansand S"
"448708401","https://www.finn.no/recommerce/forsale/item/448708401","2026-03-02T15:35:50.007Z","Giant TCR Advanced 1 landeveissyklel","40000","Pent brukt - I god stand","Giant","Herre","Landevei","Giant","TCR Advanced 1","2023","Large","700c","Shimano 105 Di2","true","true","true","Vurderer å selge min Giant TCR Advanced 1 Large 23/24 landeveissykkel. Sykkelen er påkostet og oppgradert alt fra hjul til sete og cockpit, samt oppgradert deler av drivverk. Perfekt allround landeveissykkel til deg som er mellom 182 til 192cm høy. Sykkelen er utstyrt med elektroniske Shimano 105 12 delt girsystem, Hollowgram RS50 karbonhjul (rullet ca. 500km) og fullkarbon ramme. Originalt hjulsett medfølger også. Alt av drivverk er nylig byttet, og sykkelen er svært godt vedlikeholdt. Foreløpig lufter jeg interesse for kjøp, kommer fler og bedre bilder siden. Fra eventuell avgjørelse om kjøp vil det kunne ta et par uker før jeg lar sykkel gå, da jeg ønsker ny sykkel på plass først. Oppgraderte komponenter: - Hollowgram RS50 karbonhjul: veil pris 18 999,- - Pro Vibe aero 42cm styre: veil pris 1499,- - Ultegra 12 speed kjede og kassett: veil pris 1400,- - Pro Falcon Team sete: veil pirs 1940,- - GP5000S 32mm TR dekk: veil pris 1398 - Ultegra bremseskiver: veil pris 1400,- Kan medfølge Garmin Rally Wattpedaler mot et tillegg i pris. Veil pris original sykkel: 38 999,- Estimert veil pris etter oppgraderinger: Ca. 60 000,- Selges 40 000,- (bud kan vurderes) Vis hele beskrivelsen NB: Knappen for å vise hele beskrivelsen har kun en visuell effekt.","0655 Oslo"
"297893254","https://www.finn.no/recommerce/forsale/item/297893254","2026-03-02T15:35:51.589Z","Trek Madone racer 5-serie 50cm","15900","","","","Landevei","Trek","Madone 5-series","","50cm","700c","Shimano Ultegra","true","false","false","Flott racer-sykkel, svært lite brukt og uten bruksmerker. Passer person høyde ca 150-165 cm. OCLV Carbonramme. Handbuilt in the USA. Mavic Ksyrium hjul. 20 gir. Komplett Shimano Ultegra utstyr. Look pedaler. Carbon flaskeholder. Damesete Bontager Aina.","4815 Saltrød"
"182687654","https://www.finn.no/recommerce/forsale/item/182687654","2026-03-02T15:35:54.038Z","Focus Izalco Max 4.85 kg. Sram Etap","39000","Som ny - Ikke synlig brukt","","Unisex","Landevei","Focus","Izalco Max","","54","700c","SRAM Red eTap","true","true","true","Focus Izalco Max landeveissykkel med Sram Etap, med remote shifters selges - Les teksten for info VEKT 4.85 kg med Spada Spillo 820 gram hjulsett Str 54 / Passer dem mellom 175 og 185, selv er jeg 180 Nybygget sykkel med utgangspunkt i Focus Izalco Max 690 gram rammesett Ble et prosjekt for å se hvor lett jeg kunne få den uten å gå på bekostning av vanlig bruk, men som skal fungere som både ritt og treningssykkel. Selv Smud carbonsetet oppleves faktisk som forholdsvis behagelig. Følger med lader til Sram Etap gruppesettet Totalkostnad for deler og ramme overstiger til de grader salgsprisen, og for dem som ønsker det kan de regne ut hva kostnaden kommer på + arbeidstid. Det er INGEN komprimisser på dette bygget. Det er benyttet torque tool og carbon grease under all montasje. Merk; Spada Spilo hjulsettet har en vektbegrensing på rytter på 83 kg, men er et fantastisk lett og litt aerodynamisk hjulsett. Sykkelen kan benyttes med andre hjulsett og har da ingen vektbegrensing. Har kun hatt denne på 1 testrunde, er en fantastisk følelse å sykle på denne da den oppleves som utrolig stiv og responsiv, samtidig som at den er så utrolig lett at det nærmest er ubegripelig. Gaffelrør er IKKE kappet med vilje slik at ny eier kan justere høyde etter behov.. Kappes rør helt ned og spacere tas bort vil en spare ca 35 gram Detaljer: Ramme; Focuz Izalco Max str 54 . Nypris for kun rammesett 33900,- Gaffel; Scott Addict Ltd Girsystem; Sram Red Etap med Ceramic Speed trinsehjul, inkl Etap klatreskiftere / remote controls Krank; Lightning carbon. 172,5mm krankarmer Drev: Carbon-Ti 50-36 Drevbolter; KCNC Kranklager; FSA Pressfit30 Pedaler: Time Xpresso 12 Titan - 160 gram for settet, Pedalene er brukt, men det følger med nye klosser Styre: Deda Elementi Superleggara - 180 gram Styretape; Spirale Spugna - verdens letteste Styrelager; Syncros Topcap; Extralite - pen liten detalj som veier 4 gram, spesialbestilt fra Extalite fabrikk i Italia Stem: Extralite 100mm. 90 gram Styreexpander (stjerne): Extralite - 8 gram Setepinne: Tune 27,2mm Setepinneklemme: Tune Sete: Smud Carbon - 69 gram, håndlaget i Tyskland Bremser; Ciamillo Micro GLS 160 gram Bremsesko: M5 - ultralette Bremseklosser; Swissstopp Black Prince carbon spesifikke Bremsekabler; Power Cordz - Syntetiske, sterkere og 20 ganger lettere en stålkabler Bremsestrømper; Alligator iLink - favoritten til Alberto Contador Kjede; KMC X11 SL Gold - Behandlet med Molten SpeedWax, så det ser litt sort ut. Kassett: ReconBlack Alu 11-29. 11 delt - 120 gram. Nypris ca 1800 Kassett 2. Recon Gold. 119 gram 11-28 Flaskeholdere: 2 x Alpitude Superleggero 9,5 gram hver, inkl titanbolter. Nypris 1199,- per stk. Hjulsett; Alternativ 1: Spada Spillo Tubular 820 gram, nypris 23400,- 27mm profil med Token Shark hurtigkoblinger. Et av verdens letteste hjulsett. Må bare oppleves. Mer info her: https://www.spadabike.com/en-en/134/spillo/ Alternativ 2: Zipp 202 tubular på 1100 gram med Vittoria dekk Sykkelen kan selges med beggehjulsett, men da til 42.000. Er det noen spørsmål så gi en lyd. Kan hentes på Tranby / Liertoppen eller sendes nasjonalt i original sykkeleske imot frakt på 420,- Vis hele beskrivelsen NB: Knappen for å vise hele beskrivelsen har kun en visuell effekt.","3408 Tranby"
"429753048","https://www.finn.no/recommerce/forsale/item/429753048","2026-03-02T15:35:56.260Z","Scott Addict RC 10, 2019 modell","18500","Pent brukt - I god stand","Scott","","Landevei","Scott","Addict RC 10","2019","56","700c","Shimano Dura Ace","true","false","false","Selger min Scott Accict RC 10, 2019 modell kjøpt i 2022. Str 56/L Ca. 8kg Lett og responsiv landeveissykkel brukt til trening. Her kan du sikre deg en prisgunstig sykkel, med noen av de beste komponentene på markedet. Slitedeler byttet høsten 2025. Oppgraderinger gjort: - Zipp traditional bend 42mm styre - Zipp service course 130mm stem Sykkelen er nå utstyrt med: - Syncros Tofino T-cutout 2.0 sete - Shimano Dura Ace gir og bremser - Shimano Ultegra FC-R9100 50-34 krank 172,5mm (byttet september 2025) - Shimano 105 kassett (byttet september 2025) - Shimano Dura Ace kjede (byttet september 2025) - Pirelli zero race dekk foran, Pirelli zero road dekk bak (begge byttet september 2025) Kan få med pedaler, garmin feste, originalt styre og reservehjul (riktignok litt kast i disse, men kan brukes som en nødløsning) Noen kosmetiske skader på lakken etter en velt i 2023 som vist på bilder Veil pris på sykkel inkl oppgraderinger: ca. 60 000,- Mer info om sykkelen: https://99spokes.com/en-EU/bikes/scott/2019/addict-rc-10 Sykkelen kan sees og hentes i Lillehammer. Vis hele beskrivelsen NB: Knappen for å vise hele beskrivelsen har kun en visuell effekt.","2619 Lillehammer"
"439857878","https://www.finn.no/recommerce/forsale/item/439857878","2026-03-02T15:35:59.024Z","Merida Ride 90 landeveissykkel • Lett alu • Shimano • Klar til bruk","5500","Pent brukt - I god stand","","Unisex","Landevei","Merida","Ride 90","","","700c","Shimano","false","false","false","⚡ Merida Ride 90 landeveissykkel • Lett alu • Shimano • Klar til bruk ⚡ Beskrivelse: Selger en Merida Ride 90 landeveissykkel, perfekt for trening, pendling eller som første ordentlige racersykkel. Sykkelen er lett, rask og behagelig – en klassisk Merida-ramme med god komfortgeometri. ✔️ Spesifikasjoner: Modell: Merida Ride 90 Ramme: Lett aluminium Hjulstørrelse: 28” / 700c Girsystem: Shimano (foran og bak) 2x gir foran • Flere bakgir Bremser: Felgbremser (rim brakes) Sadelveske fra Lezyne Drikkeflaskeholder Sporty Merida-design (svart/grønn) ✔️ Tilstand: Sykkelen er i grei brukt stand og klar til bruk. Gir og bremser fungerer. Kjed og kassett viser normal bruksslitasje. Rammen er hel og fin. Perfekt startsykkel for landevei, intervaller eller jobbpendling. Merida, Merida Ride 90, racersykkel, landeveissykkel, road bike, 700c, Shimano, alu ramme, lett sykkel, trening, pendling, sykkel Fredrikstad, sykkel Sarpsborg, sportssykkel, landevei, Shimano gir, felgbrems, brukt landeveissykkel. Vis hele beskrivelsen NB: Knappen for å vise hele beskrivelsen har kun en visuell effekt.","1526 Moss"
"416296984","https://www.finn.no/recommerce/forsale/item/416296984","2026-03-02T15:36:00.842Z","Scott Addict RC Pro (Med wattkrank)","","Som ny - Ikke synlig brukt","Scott","Unisex","Landevei","Scott","Addict RC Pro","","L","","","true","false","false","Scott Addict Rc Pro Selges. Helt strøken Addict RC Pro selges. Denne har kun rullet ca 350 mil. HMX Rammen gjør den til den letteste og stiveste sykkelen på markedet. Størrelse L. Kommer til å skifte dekk,kassett og kjede før salg.","2672 Sel"
"395291919","https://www.finn.no/recommerce/forsale/item/395291919","2026-03-02T15:36:02.620Z","Colnago C40 Mapei - Dura Ace str. 56 m/trøye","13999","Godt brukt - Synlig brukt","","Unisex","Landevei","Colnago","C40 Mapei","","56","700c","Shimano Dura-Ace 7700","true","false","false","Vurderer salg, satt opp med Dura Ace 7700 - skiftere og krank 25Th Anniversary. Det er chips i lakken, men fin patina. Rolls sete, ITM bigone stem osv. Mavic CXP33 med DA 7700 nav. Seterøret er 55 cm Overrøret er 55.5 cm Flere bilder kommer Ut i fra hva jeg vet er jeg 3 eier av sykkelen. Den ble kjørt mer aktivt noen år, stod så veldig lenge still før jeg kjøpte den. I starten brukte jeg den mer jevnlig, men etterhvert i rotasjon med 8-10 andre sykler, så det har blitt svært begrenset. Den er antagelig kjøpt på Oslo Sportslager sent på 1990-tallet. Detaljene og at den har den første karbongaffelen tilsier såkalt serie 2. Det er skrevet ufattelig mye om denne modellen og lakken. Dette er en av mange sider: https://cycling-obsession.com/colnago-c40-ultimate-guide/ Jeg er åpen for prisforslag. Jeg har plass og mulighet til å ha den fortsatt, men kjenner at det er en tid for alt etter snart 20 års samvær. Nå fikk jeg inn C64 i hus i fjor, og har fortsatt en liten flokk Colnagoer å trille rundt på. Salget er også litt motivert ut i fra størrelsen på ramma. Den har alltid vært litt snau for meg. I utgangspunkter har jeg ikke lyst til å sende, men vi kan ta en prat om det. Størrelsen er litt vrien å bestemme. Jeg er 185, og sitter helt ok, litt snaut for meg. Jeg legger også ved en Mapei trøye. Samme sykkel på danske Blocket https://www.dba.dk/13814400 Vis hele beskrivelsen NB: Knappen for å vise hele beskrivelsen har kun en visuell effekt.","1358 Jar"
"448621938","https://www.finn.no/recommerce/forsale/item/448621938","2026-03-02T15:36:04.311Z","Orbea M20iTeam Di2 Ultegra 53, nydelig farge og tilstand","28700","Som ny - Ikke synlig brukt","Orbea","Unisex","Landevei","Orbea","M20iTeam","","53","","Shimano Ultegra Di2","false","false","true","Orbea landeveissykkel med elektroniske gir, og Shimano Ultegra gruppesett. Intern kabelføring og elektroniske girgruppe gir pent visuelt inntrykk. Stor dekk klarering, opptil 35mm. Nypris den gang 57000kr. Selges pga flytting til Svalbard og enda mindre bruk enn tidligere. Sykkelen har blitt lite brukt dessverre. Hatt på årlig service av hensyn til sykkelen og prisen. Har byttet kjede i fjor, ikke på grunn av slitasje men pga bytte mellom voks og olje. Byttet til latex slange og ikke opplevd punktering siden. Hatt to langturer i 2023 og 2024, ellers har den ikke blitt brukt mer enn 150-250km per år. Ambisjonene har vært der, men med for mange unger på veldig kort tid, så har ikke tiden strukket til. Jeg hadde nok allikevel beholdt sykkelen om jeg fortsatt skulle vært på fastlandet - for sykkelen er en drøm å sykle på!! Sømløs giring opp og ned, og ruller som en kule. Syklet kun på penværsdager, aldri i regn. Dette er en sykkel som fanger blikk, spesielt med den sinnsykt fine fargekombinasjonen. Jeg har tidligere hatt Scott, Canyon og Cannondale. Men vært mest fornøyd med denne - både stivheten i rammen og sittekomfort. Følger med garmin feste integrert i styret. Selges uten pedaler og flaskeholdere. Kan medfølge mot tillegg Vis hele beskrivelsen NB: Knappen for å vise hele beskrivelsen har kun en visuell effekt.","1532 Moss"
"343832586","https://www.finn.no/recommerce/forsale/item/343832586","2026-03-02T15:36:05.901Z","Tandem sykkel Cannondale","14000","","","","Landevei","Cannondale","Tandem","","L/S","700c","Shimano Ultegra/Deore XT/105","false","false","false","CANNONDALE ""Handmade in USA"" TANDEMSYKKEL landevei, svært lite brukt og ser ut som ny. Størrelse er oppgitt på sykkelen til L / S, og seterøret foran er målt til 51 cm, seterøret bak til 43 cm fra center krank. 40 eiker i begge hjulene. 700X30c 100 psi Tandem dekk. Har doble bremsehendler på styret. Skivebremser foran og bak. Shimano Deore XT gir bak og Shimano 105 foran. Shimano Ultegra bremse-/girhendler. 9-delt krans bak, 3-delt krank-tannhjul. Er utstyrt med klikk-pedaler. Vekt 18,7 kg. Følger med hjemmelagd skinne for montering på takstativ. Selges for høyeste bud rundt 15.000.","1384 Asker"
"426357888","https://www.finn.no/recommerce/forsale/item/426357888","2026-03-02T15:36:07.630Z","3T Strada landeveisssykkel, str. 54 cm","49000","Som ny - Ikke synlig brukt","","Unisex","Landevei","3T","Strada","2025","54cm","","Shimano Ultegra Di2","true","true","true","3T Strada 2025 i fargen Ice/Grey. Fullt montert med Ultegra Di2, Ceramic Speed kranklager og pulley wheels. Størrelse 54cm. Kvittering medfølger. Den har kjørt under 2.000 km og er kun brukt i 2025 sesongen. Den fremstår som meget pen og godt vedlikeholdt. Jeg kjører veldig pent, og de fleste turene på denne sykkelen har vært med Oslo Dawn Patrol. Den er montert med Ceramic Speed pulley wheels og kranksett. Det er en fantastisk bra sykkel! Spesifikasjoner: Ramme: 3T Strada, carbon Girgruppe: Shimano Ultegra Di2 2x12 Wattmåler: Shimano FC-R8100-P (kranksett wattmåler) Hjulsett: Zipp 303S carbon Bremser: Shimano Ultegra hydrauliske skivebremser CeramicSpeed OSPW pulley wheels Farge: Ice/Grey Dekk: Vittoria Corsa Next, Tubeless Str: 54 cm Den sælges som den står på billederne her. Vis hele beskrivelsen NB: Knappen for å vise hele beskrivelsen har kun en visuell effekt.","0561 Oslo"
"316660524","https://www.finn.no/recommerce/forsale/item/316660524","2026-03-02T15:36:09.228Z","Mercier Vintage landeveissykkel","6000","Pent brukt - I god stand","","Unisex","Landevei","Mercier","","1983","58","","","false","false","false","Meget pen Mercier vintage racer 1983 modell til salgs. Jeg nedskalere antall vintage sykler i samlingen min og selger dette Mercier smykket av en racer. Den har kun hengt på vegg i mitt sykkelrom og har fått seg en liten tur på fine sommerdager. Jeg er tredje eier av sykkelen. Litt spesifikasjoner: Ramme er Columbus rør 58 ramme, passer fint for høyde rundt 180+/- Hjul - Nav: Gipiemme (italiensk leverandør som var konkurrent til Campagnolo) Hjul - Felger: Mavic Gir: Simplex Krank: Gipiemme Bremser: Gipiemme Det er en fantastisk sykkel som er oppsiktsvekkende godt bevart etter 40+ år. Sykkelen er fransk og utstyrt med franske og italienske komponenter. Dette var vel franskmenns svar på italienske Bianchi, Pinarello eller Colnago. Bra lakk, tatt i betrakting at sykkelens alder. Jeg har i senere år oppgradert til hvitt Rolls SanMarco sete, en fin messingklokke, hvit styretape og flaskeholder som står i stil med sykkelen - har også oppgradert noe av girsystem med nye komponenter (NOS - new old stock) Har også en fin vintage Mericer sykkeltrøye i ull, størrelse XL (men ikke spesielt stor XL størrelse) Mercier cap og ny skinnhjelm (hjelm er liten i størrelse og har aldri vært brukt) Dette er inkludert. Kan leveres strekningen Fredrikstad - Oslo Vis hele beskrivelsen NB: Knappen for å vise hele beskrivelsen har kun en visuell effekt.","1608 Fredrikstad"
"448508698","https://www.finn.no/recommerce/forsale/item/448508698","2026-03-02T15:36:12.480Z","Meget pen ""Scott CR1 Pro"" str. L/56 med 10-delt Campagnolo","11500","Pent brukt - I god stand","Scott","Unisex","Landevei","Scott","CR1 Pro","","L/56","","Campagnolo","true","false","false","Scott CR1 Pro selges. Sykkelen har aldri vært i velt og framstår godt vedlikeholdt. Oppgraderinger: - Fizik Arione sete med karbon setepinne (PRO) - Karbon gir- og bremsehendler To ekstra kassetter følger med (13-29 og 12-27) Nytt bakdekk (Continental 5000) Sykkelen har gitt meg stor glede og mange fine opplevelser, men må dessverre selges pga plassmangel.","8404 Sortland"
"439682085","https://www.finn.no/recommerce/forsale/item/439682085","2026-03-02T15:36:14.452Z","Scott Addict RC Pro landeveissykkel, 52cm (passer 165-175cm)","27000","Pent brukt - I god stand","Scott","Unisex","Landevei","Scott","Addict RC Pro","","52cm","700c","Shimano Dura-Ace Di2","true","false","true","Perfekt landeveissykkel for trening og race, passer ryttere mellom 165cm og 175cm avhengig av preferanser. Brukt av jente ca. 172cm. Selges grunnet kjøp av ny sykkel. Oppgradert med Flow Rotor crankset og Mavic Cosmic hjulsett. Nye Continental Grand Prix dekk og slanger. Garmin computerfeste. Frame - Addict HMX/IMP Carbon technology Road Race geometry/Replaceable Dropout Forks - Addict HMX 1 1/8"" - 1 1/4"" Carbon steerer Integrated Carbon Dropout Headset - Syncros Integrated Handlebars - Syncros Creston SL Compact Carbon 31.8mm Stem - Syncros RR1.5 1 1/8""/four Bolt 31.8mm Shifters - 22 Speed Shimano Di2 ST-R9150 Disc Electronic Shift 22 Speed Front_Mech - Shimano Dura-Ace FD-R9150 Eletronic Shift System Rear_Mech - Shimano Dura-Ace RD-R9150 22 Speed Electronic Bottom_Bracket - Shimano SM-BB92-41B Front_Brake - Shimano Dura-Ace BR-R9100 Super SLR Dual pivot Rear_Brake - Shimano Dura-Ace BR-R9100 Super SLR Dual pivot Pedals - Not Included Weight - 6.3kg Pedaler og flaskeholdere følger ikke med. Følger med et annet sete enn det på bildet. Vis hele beskrivelsen NB: Knappen for å vise hele beskrivelsen har kun en visuell effekt.","1176 Oslo"
"448485400","https://www.finn.no/recommerce/forsale/item/448485400","2026-03-02T15:36:16.084Z","Fara F/Road rammesett 59/XL + cockpit 400x120mm","20000","Pent brukt - I god stand","","","Landevei","Fara","F/Road","","XL","","","false","false","false","Säljer mitt rammesett från Fara pga över gång till ny farge. En super bra och all round landeveis ramme med aero dynamiska fördelar. Cyklat ca 3000km på denna ramme och den är i väldigt fint skick. Aldrig varit i backen eller liknande. Kommer med integrerat cockpit + nödvändiga spacers 400x120mm Kommer utan BB og headset och expander bolt, då jag behövde det till min nya. XL rammesett är slut hos Fara så här har du möjlighet att bygga din egen dröm cykel 😊 (Egna bilder kommer inom kort)","0558 Oslo"
"448440794","https://www.finn.no/recommerce/forsale/item/448440794","2026-03-02T15:36:18.372Z","Felt AR advanced ultegra di2 M-54","49000","Pent brukt - I god stand","","Unisex","Landevei","Felt","AR Advanced Ultegra Di2","2024","M-54","","Shimano Ultegra Di2","true","false","true","Selger en fantastisk sykkel. Kjøpt i 2024 istedet for tempo sykkel, tanken var forsatt og kjøre triatlon på denne samt mer landeveis trening på racer. Kroppen vil desværre ikke det samme som hovedet og behovet for så dyr sykkel er desværre ikke nødvendig. Kjørt ute på sommeren og stått inne på rullå på vinteren. Alt er i tip top stand og alle service/vedlikehold er gjordt på chapeau i sandnes. Info: Felt Ar Advanced Ultegra Di2 er en aero-landeveissykkel designet for syklister som krever det beste innen teknologi og ytelse. Med en lett og avansert karbonramme, gir dette sykkelen både hastighet og pålitelighet på landeveien. Rammen er en Felt AeroRoad 3.0 laget i UHC Advanced karbon – en aerodynamisk og stiv ramme utviklet for høy fart og effektiv kraftoverføring, ideell for både trening, triatlon og konkurranse på landevei. For nærmere info og interesse, ta kontakt.","4330 Ålgård"
"429656766","https://www.finn.no/recommerce/forsale/item/429656766","2026-03-02T15:36:20.041Z","Cannondale Super Six Evo 54 (M) Nu pris 53.000+ kr.","5453000","Som ny - Ikke synlig brukt","Cannondale","Unisex","Landevei","Cannondale","Super Six Evo","","54","","","false","false","false","Nydelig veimaskin. Perfekt stand. Jeg kan organisere frakt i Oslo-området opptil 50 kilometer. Hvis jeg ikke har sykkelen du leter etter, kan jeg hjelpe deg med å finne den du ønsker til en god pris.","1480 Slattum"
"318989321","https://www.finn.no/recommerce/forsale/item/318989321","2026-03-02T15:36:21.627Z","sykkler","10000","","","","Landevei","","","","","","","false","false","false","Helt nye sykkler, eneste ting må gjøres er bare å fylle luft i sykkeldekk. 5000kr for hver sykkel.","2074 Eidsvoll Verk"
"439568691","https://www.finn.no/recommerce/forsale/item/439568691","2026-03-02T15:36:23.370Z","Trek Madone 9,5","18299","Pent brukt - I god stand","Trek","Unisex","Landevei","Trek","Madone 9.5","","54cm","","Shimano Ultegra R8000","true","false","false","Trek Madone 9,5 selges. Sykkelen har splitter nytt r8000 girsystem. Nytt hjulsett, dekk, kranklager, kabler, bremseklosser og styretape. Sykkelen har fått reparert en skade på chainstay hos Brakstad karbonservice. Meget bra resultat. Rammestr: 54cm/M Ta kontakt for en hyggelig sykkelprat.","5354 Straume"
"439567854","https://www.finn.no/recommerce/forsale/item/439567854","2026-03-02T15:36:25.014Z","Trek Madone project one","20999","Pent brukt - I god stand","Trek","Unisex","Landevei","Trek","Madone Project One","","56cm","","Shimano Ultegra R8000","true","false","false","Lufter denne vakre Madoen project one for salg. Sykkelen har vært på karbonreparasjon hos Brakstad karbonservice, for reparasjon av skade. Meget godt resultat! Den står med mekanisk ultegra r8000. Karbon styre og stem. Helt nytt hjulsett, nye dekk, nytt kjede og kassette. Alle kabler og bremseklosser er byttet, samt ny styretape. Her har du sjangsen til å få den beste rammen Trek produserte i sin tid for en rimelig penge. Str 56cm /L Ta kontakt for en hyggelig sykkelprat. Vis hele beskrivelsen NB: Knappen for å vise hele beskrivelsen har kun en visuell effekt.","5354 Straume"
"447276184","https://www.finn.no/recommerce/forsale/item/447276184","2026-03-02T15:36:26.661Z","Ridley FALCN – str. M","55000","","","","Landevei","Ridley","FALCN","","M","","Shimano Ultegra Di2 2x12","false","true","true","Selger en pen og velholdt Ridley FALCN i størrelse medium. Passer fra 172-183. Utstyrt med Shimano Ultegra Di2 2x12 og Zipp 303S carbonhjul. Spesifikasjoner: Shimano Ultegra Di2 2x12 Krank: 52/36 – 172,5 mm Kassett: 11–34 Zipp 303S carbonhjul S-Works Turbo 2BR dekk Styre: 40 cm / Stem: 110 mm Sete: Specialized Power 143 mm Ultegra pedaler, computer mount og flaskeholdere Nypris: 76 500 kr Sykkelen kan sees mellom Bekkestua - Skien. Ta kontakt for en hyggelig sykkelprat 🚴","1357 Bekkestua"
"448395293","https://www.finn.no/recommerce/forsale/item/448395293","2026-03-02T15:36:28.398Z","White landeveisykkel","15000","Pent brukt - I god stand","","Unisex","Landevei","White","Cyclocross","","L","","Shimano GRX","false","false","false","White cyclocross selges. Denne sykkelen har landeveis dekk og funker som en landeveissykkel. Jeg selv har kun brukt den på landeveien. Str: L Shimano GRX send melding ved spørsmål","1363 Høvik"
"302838532","https://www.finn.no/recommerce/forsale/item/302838532","2026-03-02T15:36:30.237Z","Trek Emonde SL 6 Carbon Disc Ultegra str. 56","29000","Pent brukt - I god stand","Trek","Herre","Landevei","Trek","Emonda SL 6","","56","700c","Shimano Ultegra","true","false","false","I’m selling my Trek road bike, which has been well looked after. It has always been stored indoors, and regularly cleaned and maintained. The last service was done on 6 June 2025. It included a full check-up/tuning: a new Shimano chain and sprocket were installed, the brakes were bled, and the brake rotors were adjusted. The bike is ready to use with no additional service needed. It also comes with some spare parts and tools, so you’re covered for both short rides and longer endurance trips (see last photo). Specs: • Size: 56 (I’m 184cm, and it fits me well) • Frame: Ultralight 500 Series OCLV Carbon • Weight: 8.10 kg • Gear system: Shimano Ultegra 11-Speed • Brakes: Shimano Ultegra hydraulic disc brakes • Seat: Bontrager Montrose Comp. • Seat post: Bontrager Ride Tuned carbon • Handlebar: Bontrager Elite + Bontrager handlebar tape • Wheels: Bontrager Paradigm Disc Tubeless Ready (622x19) • Tires: Vittoria Corsa Graphene 2.0 (700c x 28mm) Sold with pedals (plus a new set of pedals), bottle holders, bicycle computer (VDO 2.1). Extra items included (estimated value: 2500 NOK) • 4 continental tube • 2 Shimano brake pads • 11 CO2 cartilages • Lezyne CO2 inflator • BBB pressure gauge • Shimano R550 pedals • Trek 7Nm Momentnøkkel (for adjusting the seat) • Park Tool tire levers • Lezyne Mini Drive 400XL Front and Femto USB Rear Light Set Note: There’s a small cosmetic paint chip from a chain drop (with the old chain). The Trek chain keeper was adjusted afterward to prevent it happening again. No effect on frame integrity or performance (see photo 15 & 16). Get in touch if you have any questions 🙂 Vis hele beskrivelsen NB: Knappen for å vise hele beskrivelsen har kun en visuell effekt.","5059 Bergen"
"438804552","https://www.finn.no/recommerce/forsale/item/438804552","2026-03-02T15:36:31.823Z","Lemond landeveissykkel Shimano Ultegra rammestr 58 cm","5500","Pent brukt - I god stand","","","Landevei","LeMond","","","58cm","","Shimano Ultegra","false","false","false","Selger min Lemond racersykkel/landevei. Kjøpte den brukt for et par år siden og har etter den tid hatt noen veldig fine turer med den. Selges da den er bittelitt for stor for meg. Har vasket den etter hver tur. Kan legge ut flere bilder senere. Ny styretape. Shimano ultegra gir. Rammeatr 58 cm Nye hjul ble kjøpt av forrige eier. Sykkelsete I lær følger ikke med. Det originale Lemond sete er montert på igjen.","5097 Bergen"
"436607836","https://www.finn.no/recommerce/forsale/item/436607836","2026-03-02T15:36:33.641Z","DBS La Migliore","6000","Pent brukt - I god stand","DBS","Unisex","Landevei","DBS","La Migliore","","60cm","700c","Shimano Dura Ace 7400","false","false","false","Toppmodellen i sin tid med originalt Shimano Dura Ace 7400-gruppesett. Pariserdekk. Masse sykkel for pengene. Str: 60cm c-t - passer deg mellom 183-190cm. Har også en rekke andre sykler, rammer og deler til vintage/retro-prosjekter 😊 Send meg en melding om det er noen deler du leter etter, så kan jeg ta en titt på delelageret og se hva jeg har.","0956 Oslo"
"408718132","https://www.finn.no/recommerce/forsale/item/408718132","2026-03-02T15:36:35.245Z","Bianchi intrepida - Landeveisykkel","18000","","Bianchi","","Landevei","Bianchi","Intrepida","2017","57cm","700c","Shimano 105","true","false","false","Fin Bianchi Intrepida landeveissykkel størrelse 57 selges! Jeg er 185 og passer bra. Morsom karbonsykkel med god respons. Sykkelen er kjøpt brukt i 2022, kun brukt til trening. Aldri vært i velt eller utsatt for skade. Sykkelen er utstyrt med velfungerende shimano 105 girgruppe og bremser fra reperto corse. Hjulsett har blitt oppgradert til unaas ss-55 foran og unaas ss-80 bak. Dekkene ble byttet 2024 sesongen til nye kvalitetsdekk gjort Arthurs sykkelservice. Årsmodell er 2017-2018 Må hentes :)","1538 Moss"
"429428939","https://www.finn.no/recommerce/forsale/item/429428939","2026-03-02T15:36:37.025Z","Retro/vintage kupp - et lite smykke av en sykkel","15000","Pent brukt - I god stand","","Unisex","Landevei","Netroh","","","","","Campagnolo Record","false","false","false","Netroh (Horten baklengs - norsk kvalitet). Oppbevart innendørs de siste 30 år - som pynt - se eget bilde :-) Alt originalt unntatt pedalene (SPD) Campagnolo Record Har også fått vite av en som har sett på annonsen at denne rammen er en toppmodell Stig Lundsør, som stod bak Netroh fikk tak i fra Razesa i Spania, som også leverte de tidlige Banesto-rammene til Miguel Indurain. Bud over 15.000,-mottas.","3513 Hønefoss"
"448305832","https://www.finn.no/recommerce/forsale/item/448305832","2026-03-02T15:36:38.746Z","Cannondale SuperSix EVO Ultegra Disc Landevei 54 cm 28""/700c Unisex","35000","Som ny - Ikke synlig brukt","Cannondale","Unisex","Landevei","Cannondale","SuperSix EVO Ultegra Disc","2021","54cm","700c","Shimano Ultegra","true","false","false","Selger en Cannondale SuperSix EVO Ultegra Disc i størrelse 54. Sykkelen ble kjøpt ny sommeren 2021 hos Anton Sport og har kun hatt én eier. Den er lite brukt, meget godt vedlikeholdt og alltid oppbevart innendørs. Aldri vært i krasj eller velt. Str. 54 passer normalt for personer rundt 170–180 cm, avhengig av individuell sittestilling. Alt av komponenter er originale deler slik sykkelen ble levert fra fabrikk. Ingenting er byttet ut. SuperSix EVO er kjent for lav vekt, presis respons og svært gode kjøreegenskaper. Shimano Ultegra-gruppen leverer raske og pålitelige girskift, og hydrauliske skivebremser gir trygg og kontrollert bremsekraft under alle forhold. Tilstand: • Str. 54 (anbefalt høyde ca. 170–180 cm) • Kjøpt ny sommeren 2021 • Kun én eier • Svært lite brukt • Alle deler er originale • Ingen skader, ingen uhell • Teknisk og kosmetisk meget pen • Alltid godt vedlikeholdt og nylig rengjort Spesifikasjoner: • Modell: Cannondale SuperSix EVO • Gruppe: Shimano Ultegra • Bremser: Hydrauliske skivebremser En svært lett, rask og responsiv landeveissykkel som passer både trening og ritt. Klar til bruk uten behov for service. Ta kontakt ved interesse eller for visning/prøvetur. Vis hele beskrivelsen NB: Knappen for å vise hele beskrivelsen har kun en visuell effekt.","3408 Tranby"
"448294776","https://www.finn.no/recommerce/forsale/item/448294776","2026-03-02T15:36:40.509Z","Specialized Aethos Expert - str. 58 – SRAM Rival eTap – topp oppgradert – som ny","55000","Som ny - Ikke synlig brukt","Specialized","Herre","Landevei","Specialized","Aethos Expert","2023","58","700c","SRAM Rival eTap AXS","true","true","true","Selger min Specialized Aethos Expert i størrelse 58, kjøpt ny i 2023 hos Velo i Oslo og kun brukt 1,5 sesong. Sykkelen fremstår som svært pen / som ny, uten skader eller riper. Dette er en ekstremt lett, komfortabel og responsiv landeveissykkel. Sykkelen er kommer med Roval C38 carbon-hjul og er oppgradert med Zipp SL80 Race carbon styre og Zipp SL Sprint carbon stem, som gir lavere vekt, bedre respons og et rent cockpit-oppsett. Spesifikasjoner: Ramme: Specialized Aethos carbon Størrelse: 58 Gruppesett: SRAM Rival eTap AXS (elektronisk) Hjulsett: Roval C38 carbon Styre: Zipp SL 80 Race carbon (40 cm) Stem: Zipp SL Sprint carbon ±12°, 90 mm Kjede: Kjede, vokset med Silca Super Secret – kjørt under 200 km siden voks Slanger: Pirelli P ZERO SmarTUBE TPU Computer mount: Zipp SL Sprint Flaskeholdere: S-Works Carbon Rib Cage III Vedlikehold / tilstand: Lite brukt Ingen velt, ingen skader Alltid godt vedlikeholdt Vokskjede → lav friksjon og minimal slitasje Nypris sykkel: 74.000 kr Oppgraderinger og utstyr: ca. 15.000 kr+ Pris: 55.000 kr Kan diskuteres ved rask og ryddig handel. Flere bilder sendes gjerne. Sykkelen kan sees og hentes etter avtale. Vis hele beskrivelsen NB: Knappen for å vise hele beskrivelsen har kun en visuell effekt.","0751 Oslo"
"448274103","https://www.finn.no/recommerce/forsale/item/448274103","2026-03-02T15:36:42.108Z","Limited edition, Trek Domane Koppenberg i perfekt stand.","34000","Som ny - Ikke synlig brukt","Trek","Unisex","Landevei","Trek","Domane Koppenberg","2016","","","Shimano Ultegra Di2","true","true","true","Fullstendig strøken Trek Domane Koppenberg med FFW (Fast Forward) karbonhjul og Shimano Ultegra Di2 utstyr. Denne ble laget i et begrenset opplag, jeg har hatt den siden den var ny i 2016. Drømmesykkel, og godt utgangpunkt for individuell tilpasning da styrehøyde kan justeres i og med at gaffelrøret ikke er kappet helt i bunn. Sjekk denne: https://www.trekbikes.com/us/en_US/bikes/road-bikes/performance-road-bikes/domane/domane-race-shop-limited-koppenberg-edition-frameset/p/16986/","4842 Arendal"
"448270611","https://www.finn.no/recommerce/forsale/item/448270611","2026-03-02T15:36:43.734Z","Pinarello Marvel, DuraAce og Mavic ksyrium SCC hjul (karboneiker)","9000","Pent brukt - I god stand","","Unisex","Landevei","Pinarello","Marvel","","","700c","Shimano Dura-Ace","false","false","false","Sykkelen er i meget god stand, har topp utstyr som funker som det skal. Alu ramme med karbon framgaffel og bakstag. Mavic hjulene er/var toppmodell. Disse er svært lite brukt. Sykkelen passer person 170 - 185 cm.","4842 Arendal"
"412421816","https://www.finn.no/recommerce/forsale/item/412421816","2026-03-02T15:36:45.422Z","Strøken Giant TCR str. L | 105 di2 | karbon","29900","Pent brukt - I god stand","Giant","Unisex","Landevei","Giant","TCR Advanced 1","2024","L","700c","Shimano 105 Di2","true","false","true","Selger en meget godt vedlikeholdt Giant TCR Advanced 1, kjøpt ny høsten 2024. Den er hovedsakelig brukt på godværsdager og alltid lagret tørt innendørs. Rammen er foliert flere steder for å beskytte utsatte områder. Førstegangsservice ble utført våren 2025. Aldri vært i velt. Størrelse Large: anbefalt for personer rundt 180-195cm. Hjulsett-alternativer: ◾ 29.900 kr med originalt aluminiumshjulsett (Giant P-R2 Disc) ◾ 39.900 kr med Roval Alpinist CL karbonhjulsett med DT Swiss ratchet-nav, Continental GP5000 og Ultegra Ice-tech bremseskiver. Hjulsettet veier kun 1365 gram og koster ca. 20.000 kr nytt (se egen annonse for hjulsettet på profilen min for mer detaljer) ◾ 42.000 kr for begge hjulsett (aluminium + karbon) Oppgraderinger utover standard specs: ◾ Sete: Fizik, helt nytt og ubrukt (verdi ca. 1500kr) ◾ Dekk: Continental GP5000, kun brukt våren 2025, mye liv igjen (verdi ca. 2.000 kr) ◾ Rotorer (kun på Roval hjulsettet): Ultegra Ice Tech 160/140mm (verdi ca. 1400kr) ◾ Styre: Specialized (verdi ca. 700 kr) ◾ Styretape: Supacaz, nesten ubrukt (verdi ca. 400 kr) Veil.pris på Bikeshop (uten oppgraderingene over og kun aluminiumshjulsett): 39.000kr. Merk følgende: ◾ Selges med originalt stem (ikke Zipp-stem som avbildet) ◾ Pedaler, flaskeholdere, K-edge chain-catcher, Garmin og wattmåler er ikke til salgs ◾ Liten ripe på krankarm og bakgir – vanskelig å se på bildene. Krankdrev: 50/34t Kassett: 11/34t Ta gjerne kontakt ved spørsmål eller ønske om å se/prøve☺️ Foretrekker fysisk salg, men kan sendes etter avtale. Spesifikasjoner (slik den kom fra Bikeshop): ◾ Ramme: Advanced-Grade Composite, disc, 12x142 ◾ Gaffel: Advanced-Grade Composite, full-composite OverDrive 2 steerer, disc, 12x100 ◾ Styrelager: ◾ Stem: Giant Contact XS:80mm, S:90mm, M:100mm, M/L:110mm, L:110mm, XL:120mm ◾ Styre: Giant Contact XS:40cm, S:40cm, M:42cm, M/L:42cm, L:44cm, XL:44cm, Stratus Lite 2.0 styretape ◾ Sete: Giant Approach ◾ Setepinne: Giant Variant, composite, -5/+15mm offset ◾ Hjulsett: Giant P-R2 Disc wheelset, alloy, Giant alloy nav, 12mm thru-axle, Sapim eiker ◾ Akslinger: \[F] Giant Low Friction Hub, 6-bolt, 12mm thru-axle, \[R] Giant Low Friction Hub, 30t ratchet driver, 6-bolt, 12mm thru-axle ◾ Dekk: Giant Course 1, tubeless, 700x25c (28mm), folding ◾ Bremser: Shimano 105 Di2 hydraulic, Giant MPH rotors \[F]160mm, \[R]140mm ◾ Kranksett: Shimano 105, 34/50 XS:170mm, S:170mm, M:172.5mm, M/L:172.5mm, L:175mm, XL:175mm ◾ Kranklager: Shimano, press fit ◾ Framgir: Shimano 105 Di2 HRD ◾ Bakgir: Shimano 105 Di2 HRD ◾ Girskiftere: Shimano 105 Di2 HRD ◾ Kassett: Shimano 105 Di2, 11x34, 12-speed ◾ Kjede: KMC X12 ◾ Pedaler: Følger ikke med ◾ Fester for skjermsett eller bagasjebrett: Nei ◾ Annet: Tubeless prepared (ventil og tape montert fra fabrikk, guffe fylles på av oss ved utsending/henting), 32mm max tire size Beskrivelse fra Bikeshop: Beskrivelse TCR Advanced 1 er en allsidig landeveissykkel som fikser alt fra bratte klatringer til raske flater i alle slags forhold. Denne lette karbonraceren vil ta deg til det neste nivået! Sykkelen har en karbonramme med en utmerket stivhet-til-vekt rate og avansert aerodynamikk som skiller denne rammen fra sin forgjenger. Sykkelen kommer med Giant hjul for skivebrems og dekk som er tubeless kompatible. Som gruppesett får du her Shimano sitt nye 105 Di2 elektroniske girsystem og hydrauliske skivebremser. Ellers er sykkelen utstyrt med en ryddig cockpit og komponenter fra Giant. TCR Advanced 1 er en avansert landeveissykkel med en fantastisk karbonramme som vil gi deg masse sykkelglede i all slags terreng! Egenskaper: Rammen med Advanced Composite Technology har en høy stivhet til vekt ratio Compact Road Design med et vinklet overrør gjør at rammen blir lettere og stivere Giant sitt Overdrive system er laget for å sikre presis styring av sykkelen Giant sitt Tubeless System gjør det enklere å oppleve alle fordelene med slangeløst oppsett Variant setepinnen sikrer en optimal balanse mellom lav vekt, super kvalitet og enkel justering Giant P-R2 Disc hjulsett i aluminium Elektronisk girsystem fra Shimano sikrer presise girskift Hydrauliske skivebremser fra Shimano sikrer deg god stoppekraft når du trenger det Giant Course 1 dekk med godt grep som kan settes opp slangeløst Søkeord: Giant, Scott, Specialized, Canyon, Wilier, Orbea, Cube, Cannondale, Trek, Shimano, SRAM, Zipp, ENVE, Roval, Mavic, DT Swiss, Continental, GP5000, landevei, racersykkel, karbon, road bike, gravel bike, grussykkel Vis hele beskrivelsen NB: Knappen for å vise hele beskrivelsen har kun en visuell effekt.","5006 Bergen"
"439379332","https://www.finn.no/recommerce/forsale/item/439379332","2026-03-02T15:36:47.014Z","Giant Advanced Pro 0 Di2","50000","Pent brukt - I god stand","Giant","Unisex","Landevei","Giant","Propel Advanced Pro 0","2025","M/L","700c","Shimano Ultegra Di2","true","true","true","Giant Propel Advanced Pro 0 landevei sykkel i størrelse M/L Utrolig rask og god sykkel perfekt til både ritt og trening. Godt utstyrt aero landeveissykkel. Utstyrt med Giant SLR1 50mm karbonhjul, oppgradert karbon styre (380mm) og stem (130mm) og Shimano Ultergra Di2 girsystem med hydrauliske skivebremser. . Den er òg utstyrt med Giant Power Pro wattkrank (172,5mm). Sykkelen er kjøpt ny i April 2025. Noen lakkskader, knyttet til steinsprut. Ellers i veldig god stand og aldri veltet med. Drivverk og i god stand da det nettopp er byttet kjede. Passer for folk mellom 177-187cm.","2618 Lillehammer"
"374711109","https://www.finn.no/recommerce/forsale/item/374711109","2026-03-02T15:36:49.189Z","DBS Daccordi","5990","Godt brukt - Synlig brukt","","","Landevei","DBS","Daccordi","","","","Shimano Dura-Ace","false","false","false","Klassisk landeveissykkel i stål selges. Dette var et samarbeid mellom den italienske produsenten Daccordi og DBS på 90-tallet. Skulle egentlig brukes som et prosjekt, men den har bare stått i garasjen den siste tiden. Jeg fikk byttet alle vaiere og girhendeler for noen år siden da disse var gåene. I tillegg er felger og dekk erstattet. Originale felger har jeg liggende. Det er en komplett dure-ace 8-speed gruppe, eks girhendler, og dure-ace bremser. Bud mottas.","7560 Vikhammer"
"439394121","https://www.finn.no/recommerce/forsale/item/439394121","2026-03-02T15:36:50.843Z","Wilier filante sl ultegra di2 2025","50000","Pent brukt - I god stand","","Unisex","Landevei","Wilier","Filante SL","2025","M","700c","Shimano Ultegra Di2","true","true","true","Wilier Filante SL Ultegra Di2 2025 – Str. M Selger en Wilier Filante SL 2025 i størrelse Medium. Utstyrt med Shimano Ultegra Di2 2×12 og karbonhjul. Dette er en moderne og svært rask aero-landeveissykkel med høy komfort og topp komponenter. Perfekt for både trening og ritt. ⸻ 🔧 Spesifikasjoner • Ramme: Wilier Filante SL – karbon monocoque (str. M) • Gaffel: Full karbon • Drivverk: Shimano Ultegra Di2 R8170 (2×12 elektronisk) • Bremser: Shimano Ultegra hydrauliske skivebremser • Hjulsett: Miche SWR EVO 50 karbonhjul • Dekk: Vittoria Rubino IV Graphene 2.0 – 700×28 • Cockpit: Integrert Wilier Z-Bar (helt skjulte kabler) • Sadel: Selle San Marco Shortfit ⸻ Tilstand • Svært pen sykkel • Lite brukt og meget godt vedlikeholdt - lagret inne • Ingen skader eller riper • Alt fungerer perfekt Pris: 50000 kr Vis hele beskrivelsen NB: Knappen for å vise hele beskrivelsen har kun en visuell effekt.","2387 Brumunddal"
"357383923","https://www.finn.no/recommerce/forsale/item/357383923","2026-03-02T15:36:52.404Z","ET KLENODIUM - BIANCHI REKORD 745 - STRØKEN","15000","Pent brukt - I god stand","","","Landevei","Bianchi","Rekord 745","","50cm","","Campagnolo Valentino Extra","false","false","false","Dette smykket har blitt full restaurert, prøvd å finne balansegangen mellom å gjøre den pen og funksjonell, men uten å viske bort 50 år med sykkelhistorie. Lakken har fått på seg et beskyttende lag med voxpolish, og alle komponenter har fått full service. Har satt på Veloflex Rubaix pariserdekk, ny styretape, nye bremsekabler og girwire. Gir er Campagnolo Valentino Extra. Bremsekalippere og hendler fra Universal. Styre og stem er 3TTT. Styret har fin Bianchi og 3TTT gravering. Hjulsettet har Nisi felger, Gnutti nav, Veloflex dekk og Regina Extra frikrans. Fronthjulet hadde noen dårlige eiker, så dette ble bygget opp med 36 nye eiker. Nye kulelager og nytt fett i begge hjul. Setet er en Cinelli Unicantor. Kranklager og krank er Sugino. Bianchi styrelager som alene koster rundt 2.000kr på ebay. Samt en skrap av denne ligger på 40-60k i utland Virkelig en vakker tidskapsel som gjør seg meget godt i en kjellerstue eller sykkelsamling. Ramme og gaffel er fri for skader, og til å være så gammel som den er, så er den legendariske celeste lakken i meget god stand. Rammen er behandlet med owatrololje på innsiden for å beskytte mot rust. Målt senter til senter er overrøret 56cm og seterøret er 50cm. Ikke mange av disse i omløp, bør sees! Nå har du sjansen, disse vil nok stige i verdi i fremtiden. Denne er brukt kun på en tur, Oslo-Trondheim i 1974 elles har den hengt på veggen som et vakkert møbel! Vanskelig å sette pris på denne da de har vært mest avertert i utland. Ingen perfekt stand på de. Kom med bud men seriøse bud. Rekord/record Vis hele beskrivelsen NB: Knappen for å vise hele beskrivelsen har kun en visuell effekt.","1435 Ås"
"448147530","https://www.finn.no/recommerce/forsale/item/448147530","2026-03-02T15:36:53.905Z","Ønsker å kjøpe landeveisykkel str xs (49 i ramme)","25000","Pent brukt - I god stand","","","Landevei","","","","49","","","true","false","false","Ønsker å kjøpe en landeveisykkel str 49. Er til dame. Helst ingen skader, full carbon sykkel.","2318 Hamar"
"448143301","https://www.finn.no/recommerce/forsale/item/448143301","2026-03-02T15:36:56.024Z","Merida Scultura 5000","30000","Som ny - Ikke synlig brukt","Merida","Herre","Landevei","Merida","Scultura 5000","2025","M","700c","Shimano 105 Di2","true","false","true","Merida Scultura 5000 landeveissykkel i størrelse M og hjulstørrelse 700x28c. Lett, leken og solid sykkel med karbonramme og Shimanos 105 Di2 elektroniske 12-delt girsystem. Kjøpt ny i mai 2025 og brukt under 10 turer i sommer. Her får du altså en sykkel så godt som ny og uten noen bruksmerker. Har lagt på folie på den for å få den til å se ekstra sprek ut, men det kan enkelt fjernes om man ønsker det. Ta kontakt om mer informasjon.","7232 Lundamo"
"448116137","https://www.finn.no/recommerce/forsale/item/448116137","2026-03-02T15:36:57.697Z","Planet X RT 80 Carbon landeveissykkel i str 50","8500","Pent brukt - I god stand","","Unisex","Landevei","Planet X","RT 80 Carbon","","50","","Shimano Ultegra/105","true","false","false","Hel, pen, lett og god carbonracer i str. S selges. Her er det mye sykkelglede for pengene. Sykkelen er satt opp med en kombinasjon av Shimano Ultegra og 105. Det er 2x11. Lite riper og eller skader, men det er en liten skade på den ene bremsehendelen, bakhjulsakselen og et lite hakk i rammen ved akselen. Se bilder. Størrelsen er 50, men den er muligens noe stor i størrelsen. Tipper at den er ideel til rytter i lengden 160-170 cm, men han som har brukt den har syklet på den fra han var ca. 150 cm og helt opp til 180 cm. Den er kjøpt brukt av oss i 2020 og da var det han vi kjøpte den av som hadde bygd den. Usikker på årsmodell. Ta kontakt for mer info, så skal jeg svare etter beste evne.","1475 Finstadjordet"
"303530286","https://www.finn.no/recommerce/forsale/item/303530286","2026-03-02T15:36:59.522Z","Landevei sykkel","9000","","","","Landevei","Vipera","R666ES","","","","","true","false","false","Carbon landeveisykkel selges. Vipera r666es","4020 Stavanger"
"434161316","https://www.finn.no/recommerce/forsale/item/434161316","2026-03-02T15:37:01.207Z","Specialized Tarmac Pro SL 6 Str 56","45000","Pent brukt - I god stand","Specialized","Unisex","Landevei","Specialized","Tarmac Pro SL 6","2019","56","700c","Shimano Ultegra Di2 R8050","true","true","true","En veldig god sykkel. Jeg er 182cm og sitter veldig bra på denne. Passer til høyde fra 175-184 cm Kjøpt hos Foss Sport på Strømmen mai 2019 Ikke vært i velt. Men har noen bruksmerker. Se bilder Hjulsett er oppgradert med kjeramisk/coated lager fra Ceramic Speed. Har nettopp vært på service hos Foss Sport. Selges uten pedaler Spesifikasjoner: FRAMESET FRAME Tarmac SL6, FACT 10r carbon, Rider-First Engineered™, OSBB, clean routing, internally integrated seat clamp, 12x142mm thru-axle, flat-mount disc SUSPENSION FORK FACT carbon, 12x100mm thru-axle, flat-mount disc COCKPIT HANDLEBARS Specialized Expert Shallow Drop, alloy, 125mm drop x 75mm reach STEM Specialized Pro SL, alloy, 4-bolt TAPE S-Wrap HD Tape - Reflective SADDLE Toupé Pro, Body Geometry shape, 155mm width, carbon rails SEATPOST S-Works FACT carbon Tarmac seatpost, 20mm offset SEAT BINDER Tarmac SL6 clamp assembly BRAKES REAR BRAKE Shimano Ultegra R8070, hydraulic disc FRONT BRAKE Shimano Ultegra R8070, hydraulic disc DRIVETRAIN SHIFT LEVERS Shimano Ultegra Di2 Disc R8070 FRONT DERAILLEUR Shimano Ultegra Di2 R8050, braze-on REAR DERAILLEUR Shimano Ultegra Di2 R8050, GS medium cage CASSETTE Shimano Ultegra R8000, 11-speed, 11-30t CRANKSET Shimano Ultegra R8000, HollowTech 2, 11-speed, 52/36T CHAINRINGS 52/36T BOTTOM BRACKET Praxis, BB30 for Shimano CHAIN Shimano Ultegra, 11-speed WHEELS & TIRES FRONT WHEEL Roval CL50 Disc, carbon, tubeless-ready, Win Tunnel Engineered, 50mm depth, 21h REAR WHEEL Roval CL50 Disc, carbon, tubeless-ready, Win Tunnel Engineered, 50mm depth, DT Swiss 350 internals, 24h FRONT TIRE S-Works Turbo, 120 TPI, folding bead, BlackBelt protection, 700x26mm REAR TIRE S-Works Turbo, 120 TPI, folding bead, BlackBelt protection, 700x26mm INNER TUBES Turbo Ultralight, 60mm Presta valve Vis hele beskrivelsen NB: Knappen for å vise hele beskrivelsen har kun en visuell effekt.","1410 Kolbotn"
"310554178","https://www.finn.no/recommerce/forsale/item/310554178","2026-03-02T15:37:03.212Z","Trek Speed Concept 9.9 toppmodellen","17000","Pent brukt - I god stand","","","Landevei","Trek","Speed Concept 9.9","2011","56/L","","SRAM Red","true","true","false","Pent brukt 2011 toppmodell. Sram red, 10 delt. Noe kosmetisk. Bør helst hentes, kan være behjelpelig med levering i nærområdet. Str 56/L som passer meg på 189cm, men mange justeringsmuligheter. Helt nytt framdekk. Kjøpt av meg her på Finn for 4 år siden og har selv If Strava syklet 968km på den Kan leveres i Trondheim omegn Mye sykkel for pengene her med tanke på at den selges med Zipp platehjul og HED trispoke framhjul. Selges pga oppgradering. NB! Framhjul kan brukes, men er modent for å skiftes ut.","7160 Bjugn"
"448053035","https://www.finn.no/recommerce/forsale/item/448053035","2026-03-02T15:37:04.871Z","Giant Propel adv.2 2023","24990","Pent brukt - I god stand","Giant","Herre","Landevei","Giant","Propel Advanced 2","2023","M/L","","","false","false","false","Strøken Giant propel 23. kjørt 40 mil på tørr asfalt :) Str M/L 177-187cm får med ett sett med nye continental 5000 dekk + slanger. selv om dekkene som står på knapt er synlig brukt. Har også ubrukte wattpedaler rally rs 110 som jeg kjøpte nye for 1 mnd siden som kan følge med for et tillegg på kr 5000,-","4371 Egersund"
"426956295","https://www.finn.no/recommerce/forsale/item/426956295","2026-03-02T15:37:07.089Z","Trek USPS landeveissykkel (samlerobjekt)","5000","Godt brukt - Synlig brukt","Trek","Unisex","Landevei","Trek","USPS","2002","56","","","false","false","false","Trek US Postal Service, 02-modell, landeveissykkel selges. Rammestr 56. Som du ser på bildene er mye originalt utstyr fortsatt intakt og i god stand. For mer info se bildene. Sykkelen har vært i bruk og vedlikeholdt. Ikke 2025-sesong. Brukt de siste årene av en god venn som dessverre måtte gi opp kampen mot kreften. Ved betaling ønsker jeg at halvparten av summen blir donert til Kreftforeningen, og resten til selger. Speedometer og sykkelseteveske medfølger. Pris kan diskuteres.","4818 Færvik"
"326483429","https://www.finn.no/recommerce/forsale/item/326483429","2026-03-02T15:37:08.713Z","Ny Cipollini Ad one Limited Edition ramme str XL selges svært rimelig","35000","","","","Landevei","Cipollini","Ad One Limited Edition","","XL","","","false","false","false","Helt ny og ubrukt Cipollini Ad One ramme. Rammen er Limited edition og det er produsert kun 20 eksemplarer av denne i verden. Rammen er XL og passer til 1.85-1.95. Nypris ca 65 000","7052 Trondheim"
"438549408","https://www.finn.no/recommerce/forsale/item/438549408","2026-03-02T15:37:10.465Z","2025 Giant Propel Advanced Pro 0 str large","53500","Som ny - Ikke synlig brukt","Giant","Herre","Landevei","Giant","Propel Advanced Pro 0","2025","L","700c","SRAM Force AXS","true","true","true","Brukt 5 ganger, så nesten ny Full force gruppe. Står force wattkrank 50/37 170mm på den nå. Kan leveres med ny Red krank 175 mm Giant slr 1 50 hjulsett. Også bare brukt 5 turer.. 110 stem Ikke kappet gaffel Satt opp tubeless. Continental 5000S tr Send melding om noe er uklart.","2409 Elverum"
"422450621","https://www.finn.no/recommerce/forsale/item/422450621","2026-03-02T15:37:12.123Z","Cannondale Landevei Sykkel Herre CAAD 12","11000","Pent brukt - I god stand","Cannondale","Herre","Landevei","Cannondale","CAAD 12","","54","","Shimano Ultegra","false","false","false","Selger en pent brukt Cannondale CAAD12 med shimano ultegra! Sykkelen er pent brukt, stått i garasje eller stuen. Den har fått mye kjærlighet og er godt passet på. En fin sykkel som gir gode sykkelopplevelser! Størrelse: 54 Gir: Shimano ultegra Kassett: 11-28 Krank: 52-36 Følger med spd eller spd-sl pedaler. Flaskeholder kan følge med ved rask handel! Vis hele beskrivelsen NB: Knappen for å vise hele beskrivelsen har kun en visuell effekt.","5059 Bergen"
"357995292","https://www.finn.no/recommerce/forsale/item/357995292","2026-03-02T15:37:13.934Z","Kona Caldera 16 tommer","5500","","","","Landevei","Kona","Caldera","","16""","","","false","false","false","Drømmesykkelen selges - vesentlig påkostet med knallsolide felger, dekk og Nav både foran og bak. Ruller knallbra, utrolig god luft og olje-gaffel og en drøm å sykle på. Unik i både terreng og i gaten, er en sykkel som må prøves! Supert gir, gode hydrauliske skivebremser. Selges med sorg da jeg er blitt litt for høy for sykkelen.","5258 Blomsterdalen"
"439020498","https://www.finn.no/recommerce/forsale/item/439020498","2026-03-02T15:37:17.025Z","Cannondale Caad 8 str 56 med Dura-ace","9000","Pent brukt - I god stand","Cannondale","Unisex","Landevei","Cannondale","Caad 8","","56","700c","Shimano Dura-Ace","false","false","false","Ikonisk utseende landeveissykkel selges med tungt hjerte. Meget lett alu-ramme med Premium carbongaffel, Selle Italia sete, Mavic Ksyrium felger, Less stem, to carbon flaskeholdere, Dura-ace gir, bremser og pedaler. Lett og fin sykkel som har mange mil igjen. Har stått ubrukt på gjesterommet de siste årene. Veldig pen og i god stand.","4818 Færvik"
"431901304","https://www.finn.no/recommerce/forsale/item/431901304","2026-03-02T15:37:18.861Z","Factor Ostro Vam str 52 vurderes solgt! Inkludert wattmåler og div.","55000","Godt brukt - Synlig brukt","","Unisex","Landevei","Factor","Ostro Vam","2022","52cm","","Shimano Ultegra Di2","true","true","true","Selger en fantastisk Faktor Ostro Vam i str 52cm, siden jeg ikke får brukt den pga skade. Sykkelen ble kjøpt ny i mars 2022. Den er ikke brukt de siste 2 årene, dermed er det på høy tid at noen andre kan få glede av denne sykkelen. Den har vært i noen velt, er litt riper på hendlene og bakgiren. Ellers er sykkelen i veldig god stand. Spesifikasjoner Str 52, passer for mellom rundt 165-175cm høyde 120mm black ink integrert stem styre, 40 cm styre bredde Ultegra di2 12 delt girgruppe, med nytt dura ace kjede (+ lader). Black in 45 mm karbon hjulsett Stages wattmåler 170mm krankarmer, som måler på begge sider medfølger Specialized 155mm bredt sete følger med, har også pro stealth 142mm som kan fås med i stedet om ønskelig. Black inc integrert garmin/wahoo feste følger med. Karbon flaskeholdere medfølger Durace pedaler medfølger Ny pris for sykkel 110tusen (ekskludert alt ekstrautstyr) Vis hele beskrivelsen NB: Knappen for å vise hele beskrivelsen har kun en visuell effekt.","4017 Stavanger"
"447945073","https://www.finn.no/recommerce/forsale/item/447945073","2026-03-02T15:37:20.617Z","Ridley Fenix Disc 105 landeveissykkel | str. XS","20000","Som ny - Ikke synlig brukt","","","Landevei","Ridley","Fenix Disc 105","","XS","700c","Shimano 105","true","false","false","Selger min Ridley Fenix Disc 105 2x11s24 landeveissykkel, da den dessverre ikke har blitt brukt i nærheten så mye som tenkt. Kjøpt ny hos XXL. Kun brukt en håndfull ganger. Stått lagret innomhus. Ingen velt, Inger riper eller skader. Fremstår som tilnærmet ny. Påmontert Shimano klikkpedaler hos forhandler (se bilde). Må hentes. Beskrivelse fra XXL: (https://www.xxl.no/ridley-fenix-disc-105-2x11s-24-landeveissykkel-gra/p/1231592_1_Style) Aerodynamisk allround-landeveissykkel med karbonramme og Shimano 105 22-speed gruppesett. Shimano hydrauliske skivebremser. Shimano-hjulsett. Vittoria Zaffiro 25mm-dekk. Fullt integrerte vaiere. Vekt: Ca. 7.8 kg. Ridley Fenix Disc tilbyr den perfekte blandingen mellom ytelse, vekt, styrke, stivhet og komfort. Dens unike diamantformede rør skaper forsterkede kanter for en robust ramme med økt slagmotstand. Alle vaierne er helt integrert i stem og styre, og går direkte inn i rammen. Denne integrasjonen gir en stor aero-fordel og beskytter alle vaierne mot vann og smuss. Perfekt egnet for deltidssyklister eller fritidsryttere. Den nedre delen av rammen (styrerør, underrør, kjedestag) er utviklet for å optimalisere kraftoverføringen og konvertere hvert pedaltråkk til hastighet. Den øverste delen av rammen (topprør, setetør og setestag) er utviklet for å gi ekstra komfort i lange timer i setet, ved å filtrere bort vibrasjonene fra veien. Med denne allround landeveissykkelen vil du kunne takle alt – Fra bratte stigninger og lange nedstigninger til utfordrende brostein. Fenix Disc har lignende kjørekvalitet og egenskaper som storebroren, Fenix SLiC. Rammen tilbyr intern kabelføring for et mer ryddig utseende, den har det samme diamantformede nedrøret som gir ekstra stivhet og holdbarhet, og den har samme geometrien. Her har Ridley fokusert på å holde utsalgsprisen nede under utviklingen av Fenix Disc og samtidig opprettholde stivheten og kjørekomforten til Fenix SLiC, ved å bruke andre komponenter og en annen karbonfiberteknologi. På grunn av denne modifiserte karbonopplegget er Fenix Disc-rammen bare 120 gram tyngre enn Fenix SLiC-rammen. Fenix Disc er perfekt for ryttere som leter etter den perfekte balansen mellom stivhet, komfort og aero til en «snillere» pris enn storebroren. Presis girskifting og perfekt modulering på de hydrauliske bremsene gir deg rom til å fokusere fullt på turen, helt uten bekymringer. HOVEDKOMPONENTER - Ramme: Fenix, 24T Ud Carbon, Diamond Shape Tubing, Ta 12X142Mm - Gaffel: Fenix, 30T-24T Hm Ud Carbon, Ta 12X100 Mm - Hjulsett: Shimano RS171 DB - Bremser: Shimano 105 Hydraulic Flatmount - Dekk: Vittoria Zaffiro 25mm - Vekt: Ca. 7.9 kg DRIVVERK - Antall gir: 22 - Fremskifter: Shimano 105 - Bakgir: Shimano 105 - Girspak: Shimano 105 - Kassett: Shimano 105 11-32T - Krank og kranklager: Shimano 105 50/34 - Kjede: KMC X-11 COCKPIT - Sete: Selle Italia Model X - Setepinne: Forza Stratos Alu, 27,2mm x 350mm - Styre: Forza Stratos - Styrestamme: Forza Stratos STØRRELSESANBEFALINGER - XS, 51 cm, 150–165 cm - S, 54 cm, 165–180 cm - M, 57 cm, 170–190 cm - L, 60 cm, 180–200 cm Vis hele beskrivelsen NB: Knappen for å vise hele beskrivelsen har kun en visuell effekt.","2070 Råholt"
"296490232","https://www.finn.no/recommerce/forsale/item/296490232","2026-03-02T15:37:22.262Z","Trek Madone str 54, eksklusivt samleobjekt","39990","Som ny - Ikke synlig brukt","Trek","","Landevei","Trek","Madone","2003","54","","Shimano Dura Ace","false","false","false","Kun foretatt en testsykling etter klargjøring. Eksklusivt samleobjekt fra 2003. Komplett Shimano Dura Ace utstyr. Med dette designet er det kun produsert 500 eksemplarer hvorav denne sykkelen er nr 277 (sykkelen er merket med dette nummeret på ramma).","4815 Saltrød"
"296495383","https://www.finn.no/recommerce/forsale/item/296495383","2026-03-02T15:37:26.351Z","Trek Yfoil temposykkel, str 54, custombygget, carbon","29900","Som ny - Ikke synlig brukt","Trek","","Landevei","Trek","Yfoil","","54","","Shimano Ultegra/Dura Ace","true","false","false","Trek Yfoil temposykkel, str passer høyder 173-182. Som ny, ubetydelig brukt. Custombygget med Rolf Vector Pro hjul. Styre: Profile design. Ramme og gaffel i carbon. Utstyr: Ultegra/Dura Ace. Denne modellen har vært brukt av det amerikanske landslaget, bl.a. i 1999. Tøff og veldig spesiell sykkel. Selges høystbydende over kr 25000","4815 Saltrød"
"296491818","https://www.finn.no/recommerce/forsale/item/296491818","2026-03-02T15:37:28.039Z","Monoc Vipera custombygget str medium","24990","Helt ny - Uåpnet/med lapp","Andre merker","","Landevei","Monoc","Vipera","2003","Medium","","","false","true","false","Monoc Vipera custombygget med oppgradert utstyr. Hjul, for- og bakgaffel i carbon. Rammetriangel i aluminium. 2003-modell som har stått i en privat sykkelsamling. Designet av belgieren Ted Wood.","4815 Saltrød"
"296494124","https://www.finn.no/recommerce/forsale/item/296494124","2026-03-02T15:37:29.672Z","Team Miyata, veteransykkel, str 54","13990","Som ny - Ikke synlig brukt","Andre merker","","Landevei","Miyata","Team Miyata","1990","54","700c","Suntour Superbe","false","false","false","Team Miyata veteransykkel. Denne modellen ble blant annet brukt av 3 norske utøvere i VM i Utsunomiya,Japan i 1990. Alt nytt, bortsett fra hjulene som har vært på en annen sykkel. Ramme: splineTriplebuttered i stål. Pariserdekk. Utstyr Suntour Superbe med powershift girhendler. Shimano Dura Ace krank. Har hatt denne sykkelen i en privat samling. Selges høystbydende over kr 15000","4815 Saltrød"
"438912209","https://www.finn.no/recommerce/forsale/item/438912209","2026-03-02T15:37:31.337Z","Cannondale Synapse carbon landeveisykkel - unisex","10300","Pent brukt - I god stand","Cannondale","Unisex","Landevei","Cannondale","Synapse","","L","","","true","false","false","Meget lett carbon - Cannondale Synapse landeveissykkel. Passer for både menn og kvinner (unisex). Sykkelen har en ramme og komponenter tilpasset effektiv sykling på asfalt og landeveier. Jeg antar at størrelsen er LArge. Jeg som har brukt den er 1,84 cm høy.","5146 Fyllingsdalen"
"424048435","https://www.finn.no/recommerce/forsale/item/424048435","2026-03-02T15:37:34.992Z","Bros Adventure Hybrid landeveissykkel aluminium","9400","Pent brukt - I god stand","","Unisex","Landevei","Bros","Adventure X9 Hybrid","","","","","false","false","false","Bros Adventure X9 Hybrid/ landeveissykkel. Det er en god sykkel i fin stand. 6069 aluminium sykkelrammen, høykvalitetslegering som kombinerer styrke og lav vekt. Modellen er egnet for både trening, rask transport og mer sportslig sykling på ulike underlag. Redusert vekt ved hjelp av ""Triple-butted""-teknologi. Sykkelen har Alpha 340 felg, som er en lett landeveis- eller cyclocross-felg som er laget av aluminium. Merke Stan's NoTubes. Vil du komme å se på og prøve sykkelen, ikke nøl med å ta kontakt. Kan hentes i Stavngener/sola.","4020 Stavanger"
"438451273","https://www.finn.no/recommerce/forsale/item/438451273","2026-03-02T15:37:36.758Z","Specialized Tarmac SL7 (58), Ultegra Di2 12x, Roval Rapide-styre","52000","Pent brukt - I god stand","Specialized","Unisex","Landevei","Specialized","Tarmac SL7","","58","700c","Shimano Ultegra Di2","true","false","true","Pent brukt Specialized Tarmac SL7 i størrelse 58. (10r-ramme) Full 12-delt Ultegragruppe. Krank: 52/36. Kassett: 11-34. Bremseskiver: MT900 160 mm foran og 140 mm bak. Styre: Roval Rapide aerostyre i 40 cm bredde. Computerfeste: Tarmac stem-spesifikt feste. Styretape: Supacaz Super Sticky Kush. Hjulsett: DT Swiss R470. Dekk: GP5000 S TR transparent, 30 mm bak og 28 mm foran. Sete: Power Comp 143 mm. Montert direct-mount derailleur hanger fra Specialized på bakgiret. Styrerøret er ikke kappet. Kjedet (M8100) er behandlet med Silca Secret Chain Blend og måler null strekk. Pedaler og flaskeholdere følger ikke med. Har en Ultegra 11-30-kassett hvis det passer bedre. Prisen i annonsen er med et annet hjulsett enn i bildene: Ubrukte DT Swiss R470 Pris med Zipp 303 Firecrest (i bildene): 69 000 kroner. Vis hele beskrivelsen NB: Knappen for å vise hele beskrivelsen har kun en visuell effekt.","7047 Trondheim"
"427957464","https://www.finn.no/recommerce/forsale/item/427957464","2026-03-02T15:37:38.739Z","Canyon Endurace CF 7 AXS","30000","Som ny - Ikke synlig brukt","Canyon","Unisex","Landevei","Canyon","Endurace CF 7 AXS","2025","L","700c","SRAM Rival eTap AXS","true","false","true","Vurderer å selge min Canyon Endurace CF 7 AXS som følge av at tiden ikke strekker til. Kjøpt fra Canyon i mai 2025. Sykkelen er så god som ny, har aldri vært i velt og kun trillet 350 km. Må hetes i Oslo. Har byttet ut Schwalbe One-dekkene (se siste bilde) med et par Continental Grand Prix 5000 S TR 32. GP-denkene (veiledende kr. 1400) og flaskeholdere i karbon (veiledende kr. 800) kan medfølge for et mindre tillegg i prisen. Rask og komfortabel landeveissykkel i karbon med elektronisk giring. Vekt: 8,76 kg. Veiledende pris: 32 799 + 1300 i fraktkostnader. Størrelse L. Passer til ryttere på ca. 184-191 cm. Spesifikasjoner fra Canyon: Ramme Canyon Endurace CF Disc Komfortabel ramme i karbon med Canyons velkjente avslappede og responsive Sport-geometri. Akseldimensjon: 12x142 mm Dekk-klaring: 35MM Materiale: Karbon Vekt: 1 110 g Gaffel Canyon FK0110 CF Disc Superlett karbongaffel, konstruert for maksimal stivhet-til-vekt og komfort. Akseldimensjon: 12x100 mm Diameter på gaffelrør: 1 1/8"" Dekk-klaring: 36MM Materiale: Karbon Vekt: 507 g Drivverk Battery SRAM Powerpack Bakgir SRAM Rival eTap AXS RD 12s Vekt: 328 g Framgir SRAM Rival eTap AXS FD Mounting type: braze-on Vekt: 164 g Kassett SRAM Rival XG-1250, 12-speed, 10-36 Antall tannhjul: 12 Størrelse: 10-36 Krank SRAM Rival D1 Antall krankdrev: 2 Kranklager SRAM DUB Pressfit Kranklager-standard: PF 86,5 Vekt: 67 g Kjede SRAM Rival D1 12s Bremser Gir/bremsehendel SRAM Rival eTap AXS Vekt: 412 g Gir/bremsehendel SRAM Rival eTap AXS HRD 12s Antall Stempler: 2 Vekt: 479 g Bremseskive SRAM Paceline Størrelse: 160 mm Vekt: 159 g Hjul Forhjul DT Swiss Endurance LN Akseldimensjon: 12x100 mm Rotorfeste: Center Lock Felghøyde: 22 mm Innvendig bredde: 22 mm Materiale i felg: Aluminium Vekt: 901 g Bakhjul DT Swiss Endurance LN XDR Akseldimensjon: 12x142 mm Rotorfeste: Center Lock Felghøyde: 22 mm Innvendig bredde: 22 mm Materiale i felg: Aluminium Vekt: 1 060 g Dekk Schwalbe One, 30mm Bredde: 30mm Vekt: 378 g Dekk Schwalbe One, 32mm Bredde: 32mm Vekt: 407 g Aksling Canyon GP0197-01 Akseldimensjon: 12x100 mm Aksling Canyon GP0235-01 Akseldimensjon: 12x142 mm Styreoppsett Cockpit Canyon CP0030 Aerocockpit Helstøpt styreoppsett i karbon som integrerer styre og stem i en enkelt elegant enhet. Materiale: karbon Form: Ergo Reach: 74 mm Drop: 130 mm Styretape Canyon Ergospeed Gel Slitesterk styretape med ergonomisk og komfortabel følelse av høy kvalitet. Farge: Sort Sete Sete Fizik Argo Tempo R5 Kjønn: Unisex Vekt: 248 g Setepinne Canyon S15 VCLS 2.0 CF Komfortabel setepinne med støtdempende karbon som gir 20 mm vertikal vandring i en lett konstruksjon. Materiale: Karbon Setback: 13 mm / 25 mm Teknologi: VCLS 2.0 | Fliphead Vekt: 220 g Vis hele beskrivelsen NB: Knappen for å vise hele beskrivelsen har kun en visuell effekt.","0362 Oslo"
"447596322","https://www.finn.no/recommerce/forsale/item/447596322","2026-03-02T15:37:40.778Z","Hardrocx spr veloce sl","10000","Pent brukt - I god stand","Crescent","Herre","Landevei","Crescent","Hardrocx SPR Veloce SL","","58","","","false","true","false","Selger en Hardrocx SPR Veloce SL i størrelse 58. Sykkelen fremstår i god teknisk stand, uten synlige skader i ramme eller komponenter. Service og tilstand: • Full service utført høsten 2025 • Kjede og bakdrev byttet (kostnad ca. 3 000 kr) • Klar til bruk uten behov for umiddelbare investeringer Hjul og utstyr: • Montert med Unaas 55 mm karbonfelger • Bakhjul er noe slitt, men forventes å holde minst én sesong til, Men uvisst OPS: treningsrulla følger Ikke med!","2340 Løten"
"447590922","https://www.finn.no/recommerce/forsale/item/447590922","2026-03-02T15:37:43.016Z","Orbea Orca Aero Str: 57 | Ultegra Di2","33000","Pent brukt - I god stand","Orbea","Herre","Landevei","Orbea","Orca Aero","","57","700c","Shimano Ultegra Di2","true","false","true","Orbea Orca Aero - Landeveisykkel Str 57: 185-195cm ca. Jeg på 192cm sitter ypperlig, justeringsmuligheter både opp og ned Ting og ta med seg: - Ultegra 11 delt di2 - Ultegra skivebremser - To hjulsett. Både Unaas 55 LTD (clincher), men også DT Swiss E1800 Spline (clincher) - Sitter nå på et Specialized Power Expert 143 saddle, kan bytte til Prologo Dimension 143 saddle om ønskelig - Wahoo computerfeste medfølger - Flaskeholdere medfølger - Pedaler medfølger ikke Jevnlig vedlikeholdt. Normale bruksmerker, ikke vært i velt. Ønsker i utgangspunktet ikke å sende sykkelen. Den kan sees i Oslo, kan være behjelpelig til å frakte den i ""nærområdet"" ved seriøse henvendelser. Bare ta kontakt for en hyggelig prat eller spørsmål. Landevei Sykkel Landeveisykkel Landeveissykkel Orbea Orca Aero Skivebrems Vis hele beskrivelsen NB: Knappen for å vise hele beskrivelsen har kun en visuell effekt.","0558 Oslo"
"399206334","https://www.finn.no/recommerce/forsale/item/399206334","2026-03-02T15:37:48.003Z","Specialized S-Works SL5 - Str 54","23900","","Specialized","","Landevei","Specialized","S-Works SL5","","54","","Shimano Ultegra Di2","true","false","true","Specialized S-Works SL5 Rammestørrelse: 54 Drivverk Shimano Ultegra Kranksett - Ultegra R8000 50/34 172,5mm Shimano Ultegra 11-32T, 11s Gir: Shimano Di2, Ladekabel medfølger Bremser: Shimano Ultegra Hjul: Sykkelen selges med Fulcrum Racing 3 Hjulsett Sete Specialized Toupe Vekt 7,23 kg (veid som på bildet - med en flaskeholder og aluminiumshjul) Så denne sykkelen skal du kunne få enda lettere med et lettere hjulsett Sykkelen har ikke vært med i velt, men det er naturlige bruksmerker på den, uten at det er noe skader. Medfølger ikke: pedaler, flaskeholdere, computerfeste Vis hele beskrivelsen NB: Knappen for å vise hele beskrivelsen har kun en visuell effekt.","1365 Blommenholm"
"436153965","https://www.finn.no/recommerce/forsale/item/436153965","2026-03-02T15:37:49.562Z","Orbea Orca M30 str 57 m/Sram AXS","50000","Som ny - Ikke synlig brukt","Orbea","Herre","Landevei","Orbea","Orca M30","2024","57","","SRAM Force AXS","true","true","true","Orbea Orca M30 i str 57 som er betydelig oppgradert. SRAM Force AXS frem-og bakgir, bremser og girhendler. SRAM Red AXS wattkrank og krankarmer med Shimano Dura-Ace pedaler. Selle Italia sete Specialized S-Works Aerofly II Carbon styre Mavic karbonhjul Goodyear Eagle F1 32mm dekk, slangeløst. Fantastisk behagelig og ikke minst rask sykkel med krem-komponenter. Bare hjulsett og wattkrank kostet mer en sykkelen originalt. Kjedet vokset mellom hver tur. Sykkel var kjøpt ny av meg sommer 2024 og ble umiddelbart oppgradert. Ikke syklet mange turene grunnet long covid. Perfekt for meg som er 189 cm høy, Orbea sitt size chart sier 186-191 cm. Styrerøret er kappet 1 cm, så det er fortsatt langt. Sykkelen er registrert på Orbea.com med livstidsgaranti. Kjøpt hos norsk forhandler, kvittering foreligger på sykkel. Selges i utgangspunkt uten pedaler, Garmin-mounts (radar og computer) og flaskeholdere. Be om pris på dette. Vis hele beskrivelsen NB: Knappen for å vise hele beskrivelsen har kun en visuell effekt.","5164 Laksevåg"
"94792146","https://www.finn.no/recommerce/forsale/item/94792146","2026-03-02T15:37:51.122Z","Look 795 Light Dura Ace Di2 str M","24999","","","","Landevei","Look","795 Light","","M","700c","Shimano Dura Ace Di2 9000","true","false","true","Look 795 Light str M selges. Jeg har hatt rygg-operasjon og sykkelen har kun stått inne siste 3 år. Bicycle Specification: FRAME / FORK 795 LIGHT / HSC 8 HEADSET LOOK HEADFIT 3 SEAT POST LOOK E-POST 2 CRANKSET ZED 2 BB 65 LOOK 50 X 34 CHAINRINGS SPROCKET SHIMANO DURA ACE Di2 9000 11S 11X28 BRAKES / SHIFT LEVERS DURA ACE Di2 9000 2x11S multishift REAR DERAILLEUR DURA ACE Di2 9000 FRONT DERAILLEUR DURA ACE Di2 9000 BRAZED ON CHAIN SHIMANO DURA ACE 9000 11S BRAKE ARMS SHIMANO DURA ACE 9000 DOUBLE PIVOT SADDLE PROLOGO NAGO EVO HANDLEBAR FSA SLK CARBON 42 CM STEM LOOK AEROSTEM RIBBON LOOK GRIP PEDALS medfølger ikke WHEELS: SHIMANO DURA ACE C24CL TIRES: Continental GP4000 SII Shimano Di2 Klatreskifter ACCESSORIES BIKE COVER + USB CHARGER WEIGHT 7,2 KG (SIZE M - WITHOUT PEDALS) Vis hele beskrivelsen NB: Knappen for å vise hele beskrivelsen har kun en visuell effekt.","4818 Færvik"
"438680798","https://www.finn.no/recommerce/forsale/item/438680798","2026-03-02T15:37:52.684Z","Van Rysel sykkel","10000","Som ny - Ikke synlig brukt","","Unisex","Landevei","Van Rysel","","","","700c","","false","false","false","Selger en stilren og rask Van Rysel landeveissykkel da den dessverre bare står og tar plass. Den er tom for luft i dekkene men det er bare å fylle på med luft 😄⭐️ Sykkelen er lite brukt og har hovedsakelig stått lagret innendørs i 2-3 år nå, litt støv på men ellers helt ny ✅ aluminium ramme ✅full karbon gaffel ✅ Fulcrum hjul ✅max vekt 110kg ✅ sykkel 14kg ✅ Lett og responsiv – perfekt til trening og lengre turer Sykkelen passer for deg som ønsker en sporty landeveissykkel enten til mosjon, trening eller pendling. Fremstår som velholdt med normale bruksspor. 🚲 Klar til bruk 📍 Kan besiktiges og prøves Ta kontakt ved spørsmål eller for flere bilder! Prisen er som prisen står. Vis hele beskrivelsen NB: Knappen for å vise hele beskrivelsen har kun en visuell effekt.","5039 Bergen"
"437504435","https://www.finn.no/recommerce/forsale/item/437504435","2026-03-02T15:37:54.166Z","Scott Foil RC Pro","50000","Pent brukt - I god stand","Scott","Unisex","Landevei","Scott","Foil RC Pro","","XL 58","","Shimano Ultegra","true","false","false","Utrolig aero og responsiv sykkel selges! Blitt bygd om fra en Scott foil rc 10 til rc pro. Rammesettet, styret samt lagrene er nytt fra våren 2025, men de resterende delene er fra 2024. Sykkelen er nesten ikke brukt i år. Det nye rammesettet og styret har aldri vært i velt, men den forrige sykkelen har. Det er noen kosmetiske skader, men ingen skader som påvirker sykkelen sin funksjon eller ytelse. Sykkelen er i strl XL 58 og skal passe de mellom 186-195 i følge Scott sine sider Specs: Shiamno ultegra 12 delt girgruppe Syncros Capital 1.0 50mm Syncros fullintegrert karbon cockpit 400mm bredt og 110 mm langt Elite flaskeholdere NB: følger ikke med pedaler Bare å ta kontakt! Vis hele beskrivelsen NB: Knappen for å vise hele beskrivelsen har kun en visuell effekt.","1383 Asker"
"437512248","https://www.finn.no/recommerce/forsale/item/437512248","2026-03-02T15:37:56.006Z","Factor Ostro Vam V2 2025 wattkrank","22025","Pent brukt - I god stand","","Unisex","Landevei","Factor","Ostro Vam V2","2025","58","","Shimano Ultegra Di2","true","true","true","Selger min konkurranse sykkel fra sesongen 2025. Utrolig rask, lett og stiv sykkel. Denne er i strl 58 (XL) med en ekstra lang setepinne. Sykkelen har en del steinsprut og kosmetiske skader, men ingen som påvirker funksjonen eller følelsen. Rammen har hatt en veldig liten skade i karbonet under flaskeholdere, men dette har blitt fikset av en utrolig flink og erfaren karbon reparatør. I følge Factor skal sykkelen passe de som er over 185. Denne sykkelen har mange mil igjen! Specs: Shimano dura ace wattkrank 11 delt med 12 delt drev Shimano Ultegra Di2 12-delt girgruppe Full integrert karbon styre 400 mm bredt og 130 mm lang DT-Swiss arc 1400 50mm karbonhjul Ceramic Speed lagre i headsett og krank Ny Deda styreteip Factor aero flaskeholdere Garmin feste Følger ikke med pedaler Bare å ta kontakt! Vis hele beskrivelsen NB: Knappen for å vise hele beskrivelsen har kun en visuell effekt.","1383 Asker"
"447475933","https://www.finn.no/recommerce/forsale/item/447475933","2026-03-02T15:37:57.396Z","Temposykkel L-XL ønskes kjøpt","20000","Pent brukt - I god stand","","","Landevei","","","","","","","false","false","false","Ønsker å kjøpe temposykkel til bruk på triatlon. Er 192 cm høy, prismessig rundt 20k, gjerne ta kontakt om du har noe.","8400 Sortland"
"418218504","https://www.finn.no/recommerce/forsale/item/418218504","2026-03-02T15:37:58.848Z","Mavic Pro Carbon DISC karbon hjulsett inkl. Shimano kassett (11-32) og skiver og","6500","Pent brukt - I god stand","Andre merker","","Landevei","Mavic","Pro Carbon DISC","","","","","false","true","false","Mavic Pro Carbon DISC karbon hjulsett inkl. Shimano kassett (11-32) og skiver og dekk God stand, triller godt rundt, ser bra ut. 11-32 Shimano 105 kassett som står på samt skiver. Greie dekk følger med også Kan sendes","6433 Hustad"
"447447001","https://www.finn.no/recommerce/forsale/item/447447001","2026-03-02T15:38:00.825Z","Trek Landevei Sykkel M","10000","","Trek","Unisex","Landevei","Trek","Alpha","","M","","","false","false","false","Trek Landevei sykkel Alpha. Kun testet en liten tur. Stått lagret inne i flere år. Fremstår som helt ny. Ikke en skrape.","1415 Oppegård"
"447440323","https://www.finn.no/recommerce/forsale/item/447440323","2026-03-02T15:38:02.289Z","Cannondale caad","5500","Pent brukt - I god stand","Cannondale","Unisex","Landevei","Cannondale","CAAD","","61","","","false","false","false","Cannondale landevei sykkel ramme str 61, passer for folk mellom 188-200cm..","2053 Jessheim"
"418958788","https://www.finn.no/recommerce/forsale/item/418958788","2026-03-02T15:38:03.841Z","Trek Emonda SL7 Disc Ultegra di2 12 delt , karbonhjul (58cm 180-185cm)","38000","Pent brukt - I god stand","Trek","Herre","Landevei","Trek","Emonda SL7 Disc","2024","58cm","700c","Shimano Ultegra Di2","false","true","true","Sykkelen ble kjøpt ny på Spinn våren 2024. Sykkelen har et komplett Ultregra Di2 12 delt gruppsett. Kranklengde er 172,5mm. Bontrager karbonhjul 37mm Hjulene kan settes opp tubeless, ikke fått rotet meg til det enda. Følger med felgbånd til hjulene som gjør de tubeless. Har ikke syklet veldig mye på den da jeg har brukt trisykkelen på de fleste turene. Den fremstår veldig fin, noen bruksmerker vil det alltid være på en brukt sykkel. Pedaler følger ikke med Link for fullstendig specs : https://www.trekbikes.com/no/no_NO/sykler/landeveissykler/ytelsesrettede-landeveissykler/émonda/émonda-sl/émonda-sl-7/p/35046/ Vis hele beskrivelsen NB: Knappen for å vise hele beskrivelsen har kun en visuell effekt.","3425 Reistad"
"369078388","https://www.finn.no/recommerce/forsale/item/369078388","2026-03-02T15:38:05.753Z","Boardman Elite Air 9.8 tempo-/triatlonsykkel. (STR M)","26500","Pent brukt - I god stand","","","Landevei","Boardman","Elite Air 9.8","","M","","Shimano Ultegra Di2","false","false","true","Rask, aerodynamisk temposykkel som er godt vedlikeholdt. Normale bruksmerker som er å forvente. 11-delt Ultegra di2 Dura-ace P9100 wattkrank, 53-39 80/60mm orginalhjul clincher med Schwalbe pro one 26mm dekk, brune sidevegger. TRP bremser Nytt kjede, kopper og kranklager, navservice bakhjul i 2024, sykkelen er ikke brukt i 2025. Selges med originale s-bend extensions i carbon, samt ski-bend 30 grader i aluminium. Selges uten flaskeholdere og pedaler. Kan ses og hentes i Andebu, Vestfold Søkeord: tempo, temposykkel, triatlon, triathlon","3158 Andebu"
"447414498","https://www.finn.no/recommerce/forsale/item/447414498","2026-03-02T15:38:07.387Z","Trek Domane AL 4 Gen 4","12000","Som ny - Ikke synlig brukt","Trek","Unisex","Landevei","Trek","Domane AL 4 Gen 4","2025","54","","","false","false","false","Domane AL 4 er en rask og allsidig landeveissykkel som er et prefekt utgangspunkt for alle som tenker å begynne med landeveissykling. Kjøpt ny hos Sørensen Sykler i mai ‘25. Rammestørrelse 54 (M) Skriv gjerne en melding om det blir spørsmål.","0851 Oslo"
"447200568","https://www.finn.no/recommerce/forsale/item/447200568","2026-03-02T15:38:09.240Z","Diamant Pinnacle R 2.5 - 54 cm","5000","Pent brukt - I god stand","","Unisex","Landevei","Diamant","Pinnacle R 2.5","2013","54 cm","700c","SRAM Apex","true","false","false","Selger en pent brukt Diamant Pinnacle R 2.5 carbon landeveisykkel. Sykkelen er kjøpt ny i 2013. Rammestørrelse 54 cm. Passer personer mellom ca. 174 - 182 cm vil jeg anta. Komponenter: Ramme: Diamant Pinnacle R 2.5 Gaffel: Diamant Pinnacle R 2.5 Styre: C4 Styrestem: C4 Setepinne: C4 Sete: C4 Girhendel: Sram Apex 10 delt Forgir: Sram Apex 10 delt Bakgir: Sram Apex 10 delt Bremser: Tektro Kasett: 10 delt Krank: Sram Elita 50 / 34 T kompakt Felger: Alexrims R500 Dekk: Continental Ultra Sport 23 mm Sykkelen har alltid vært lagret innendørs. Minimalt med kast i forhjul, og bytte av girvaier på sikt kan være å foretrekke for det estetiske øyet. Svært lite merke på ene bremsehendelen fra murvegg - knapt synlig. Vis hele beskrivelsen NB: Knappen for å vise hele beskrivelsen har kun en visuell effekt.","3511 Hønefoss"
"401307778","https://www.finn.no/recommerce/forsale/item/401307778","2026-03-02T15:38:10.787Z","Fullkarbon, Shimano 105 gir & bremser | Principia RSL str 57","9900","Godt brukt - Synlig brukt","Andre merker","Herre","Landevei","Principia","RSL Weave C12","","57cm","700c","Shimano 105","true","false","false","Principia RSL Weave C12 fullkarbon landeveissykkel i størrelse 57 cm. Shimano 105 gir, kjede og bremser som var på service på Anton Sport Sykkeldelisk ved sesongslutt i fjor. Dette er en lett og responsiv karbonsykkel som passer for deg som vil få mye ut av landeveien til en fornuftig pris. Perfekt for deg som ønsker en rask sykkel med komponenter som gjør jobben. Selges fordi den er for kort for meg på 194cm. Spesifikasjoner: Ramme: Fullkarbon Principia RSL Wave Størrelse: 57 cm (passer ryttere mellom ca. 180–190 cm) Hjulsett: Vuelta Karbon tubular bakhjul, Vittoria dekk Mavic Ksyrium clincher forhjul, Michelin dekk ￼ Girgruppe: Shimano 105 Bremser: Shimano 105 Vekt: Ca. 7,5 kg ￼ Sykkelen ble kjøpt som første landeveissykkel her på FINN, og er godt tatt vare på i mitt eie. Rammen har noen merker etter tidligere eier som ble vurdert av verksted som kosmetiske. Setet er noe slitt og kan med fordel oppgraderes av neste eier. Selges i utgangspunktet uten flaskeholder, pedaler og pumpe. Vis hele beskrivelsen NB: Knappen for å vise hele beskrivelsen har kun en visuell effekt.","0366 Oslo"
"428489575","https://www.finn.no/recommerce/forsale/item/428489575","2026-03-02T15:38:12.868Z","Cannondale CAAD Landevei Sykkel Rød og Hvit","15000","Pent brukt - I god stand","Cannondale","Herre","Landevei","Cannondale","CAAD10","","56","700c","","false","false","false","Cannondale Landevei sykkel i fargene rød og hvit. Modellen er en CAAD10 og rammestørrelsen er 56. Sykkelen er designet for landeveissykling og har en lett ramme som passer for asfalt og lange turer. Den har tynne dekk og drop-håndtak for effektiv og aerodynamisk kjøring. Alt på sykkelen fungerer som det skal. Sykkelen selges siden jeg ikke bruker den nok og jeg trenger å frigi plass i boden. Full service på sykkelen ble gjennomført for ca. 3800kr i år (september 2025, jeg har kvitering), og den har stått i boden siden. På servicen ble blant annet girhjul, kjede, slange og dekk byttet + full sjekk av sykkel. Det er bremseklosser påmontert sykkelen, altså ikke skivebremser. Det er også to flaskeholdere påmontert, samt sykkelpumpe-feste og sykkelcomputer-feste på styret. Se bilde. Om ønskelig så kan man kjøpe med sykkelsko (str 42,5) sykkelhjelm (justerbar størrelse). Shimano-pedaler følger i utgangspunktet ikke med. Vis hele beskrivelsen NB: Knappen for å vise hele beskrivelsen har kun en visuell effekt.","0365 Oslo"
"399809512","https://www.finn.no/recommerce/forsale/item/399809512","2026-03-02T15:38:14.499Z","LANDVEISSYKKEL","15000","Pent brukt - I god stand","Andre merker","Unisex","Landevei","","","","L (56 cm)","","","true","false","false","Godt brukt sykkel, selger den ettersom jeg ikke har tid til å bruke den. Grei sykkel for den som vil begynne med landevei. Lett som ei fjær, ettersom den er i carbon Karbonramme Størrelse: L (56 cm) – passer perfekt for personer mellom 177–190 cm (selger er 186 cm).","5550 Sveio"
"424430440","https://www.finn.no/recommerce/forsale/item/424430440","2026-03-02T15:38:16.111Z","Nakamura Pursuit SL 105, hel karbon landevei sykkel størrelse L","25000","Pent brukt - I god stand","","Herre","Landevei","Nakamura","Pursuit SL 105","","L","700c","Shimano 105 R7000","true","false","false","Pent brukt nakamura landevei sykkel som har en nypris på 29 999. Det er noen få bruksmerker, litt rust på kjedet og begynner å se litt rust på tannhjulene. Funksjonelt sett er den like god som ny. Oppdaterte bilder blir sendt før kjøp/sending. Kan sendes ved avtale Send melding hvis du har noen spørsmål på finn eller til: 913 32 107 Beskrivelse og spesifikasjoner kan du finne på nett men de viktigste er her: Ramme: Pursuit SL, T700 High-modulus, Uni-Directional, Thru-axle, flat mount, max clearance: 35mm Gaffel: Pursuit SL, T700, Thru-axle, flat mount, max clearance: 35mm Hjulstørrelse: 28"" Hjulsett: DT Swiss E1800 Spline, 32mm, TL Ready Dekk: Schwalbe One Performance, 700x28, RaceGuard, MicroSkin, TLE Gir: Shimano 105 R7000 Shadow, 2x11 Girskiftere: Shimano 105 R7020 Antall gir: 22 Bremser: Shimano 105 Kassett: Shimano 105 R7000, 11-32T Krank: Shimano 105 R7000, 52-36T Styrelager: FSA No. 69 Styrestem: Easton EA50 Styre: Easton EA50 Setepinne: Easton EA50 Sete: Selle Italia X3 Vekt: ca 8,6kg @M Vis hele beskrivelsen NB: Knappen for å vise hele beskrivelsen har kun en visuell effekt.","7900 Rørvik"
"429807823","https://www.finn.no/recommerce/forsale/item/429807823","2026-03-02T15:38:17.770Z","Merida Landevei Sykkel Unisex","9500","Godt brukt - Synlig brukt","Merida","Unisex","Landevei","Merida","","","","","","false","false","false","Merida landevei sykkel designet for unisex bruk. Sykkelen har en lett ramme og er utstyrt med komponenter som Flexstay teknologi for bedre demping og komfort. Den passer til landeveissykling med fokus på hastighet og effektivitet. Sykkelen selges grunnet lite bruk i det siste. Pris kan diskuteres","6770 Nordfjordeid"
"447248837","https://www.finn.no/recommerce/forsale/item/447248837","2026-03-02T15:38:19.370Z","Ridley Noah SL Sram Red m. Quarq","17000","Godt brukt - Synlig brukt","","Unisex","Landevei","Ridley","Noah SL","2017","56cm","700c","SRAM Red","true","true","false","Selger en pen Ridley Noah SL 2017 i sjelden lakk. Rammestørrelse 56cm/ st. M, Er selv 186cm men det finnes mange gode justeringsmuligheter som gjør at denne vil passe både større og mindre personer. Utstyr: 11-delt mekanisk sram red gruppesett med dura-ace R7900 bremser Sram Red Quarq karbonkrank med wattmåler (52/36) 42cm Forza Cirrus Carbon styre ENVE (110mm) stem - kan sette på kortere stem om ønskelig ENVE garminfeste innebygd i stem 2x elite flaskeholdere Syncros ergo optimized sete ENVE SES 3.4 hjulsett med Continental GP5000 28mm Vekt: 7,4 kg Dette er en brukt sykkel og fremstår som det med tanke på riper og hakk i lakken. Quarq wattmåleren fungerer av og til, fungerte sist jeg testet den, men har hatt litt problemer med den. Sykkelen selges uten noe form for garanti. Ikke nøl med å ta kontakt skulle det være noen spørsmål. Søkeord: Ridley, Enve, Elite, Syncros, Quarq, Sram, Red, Noah, Continental, Forza. Vis hele beskrivelsen NB: Knappen for å vise hele beskrivelsen har kun en visuell effekt.","4351 Kleppe"
"423630236","https://www.finn.no/recommerce/forsale/item/423630236","2026-03-02T15:38:20.892Z","Felt AR aero road advanced ultegra - str. 54/M","27500","Pent brukt - I god stand","","Unisex","Landevei","Felt","AR Aero Road Advanced Ultegra","","54/M","700c","Shimano Ultegra 2x11","true","true","false","Pent brukt landveissykkel selges. Den har ikke vært i noen fall eller ulykker. Har noen merker fra steinsprut - se bilder Den første eieren brukte den i hovedsak innendørs på rulle, og ble brukt til et par turer ute. Jeg har bare brukt den utendørs fra april i 2025 og frem til nå. Sykkelen er utstyrt med ultegra 2x11 mekanisk gruppesett. Reynolds AR58c felger og continental grand prix 5000, 28mm dekk. Dekkene har fortsatt mange kilometer igjen før disse må byttes. Slanger: Pirelli P Zero TPU 35g slanger Pedaler følger ikke med. Nypris: 50 000,- Informasjon om sykkelen: https://www.feltbicycles.com/en-us/bikes/road-bikes/ar-aero-road/ar-advanced-ultegradi2.color.076F7E.html Vis hele beskrivelsen NB: Knappen for å vise hele beskrivelsen har kun en visuell effekt.","0468 Oslo"
"419486408","https://www.finn.no/recommerce/forsale/item/419486408","2026-03-02T15:38:22.344Z","Lite brukt Merida Reacto 8000 12 x2 EL","45000","Pent brukt - I god stand","Merida","","Landevei","Merida","Reacto 8000","2023","Small 52cm","700c","Shimano Ultegra Di2","true","true","true","Karbon ramme/felger. Lite brukt (Max 50 km) og stått litt på rulle inne. Kjøpt ny hos bike fixx i 2023. 2x12 gir/elektrisk ultegra utstyr. Størrelse Small 52 cm (163 - 178 cm)","1450 Nesoddtangen"
"438432860","https://www.finn.no/recommerce/forsale/item/438432860","2026-03-02T15:38:23.789Z","Specialized Tarmac SL3 Expert Double","5500","","Specialized","","Landevei","Specialized","Tarmac SL3 Expert Double","","54","","","true","false","false","Veldig god ramme fra noen veldig gode sykkelår. Den har ingen alvorlige skader og er på mange måter strøken og fin inforhold til alderen. Den er tatt godt vare på. Rammen er full karbon og veldig lett, det kan bli ett ekstremt bra sluttprodukt. Jeg holder på med flere sykkelprosjekt og lar denne gå om prisen er riktig Jeg selger egentlig styret og stem seperat (setepinne solgt) anbefaler selv nytt for beste og fineste sluttprodukt. Str 54: 166-175cm","4008 Stavanger"
"214028096","https://www.finn.no/recommerce/forsale/item/214028096","2026-03-02T15:38:25.278Z","Landevei sykkel LeMond Tourmalet 2007","5500","Pent brukt - I god stand","","","Landevei","LeMond","Tourmalet","2007","53cm","700c","Shimano Ultegra","false","false","false","LeMond sykkel med aluminium ramme (53cm) og karbon gaffel. Mavic Cosmos hjul sett. Shimano Ultegra. Må ha ny sete og trolig nye dekk, da den er stått lagret siste 3-4år.","0684 Oslo"
"428068001","https://www.finn.no/recommerce/forsale/item/428068001","2026-03-02T15:38:26.810Z","Ghost Gravel / Landeveisykkel (str 56)","27999","Pent brukt - I god stand","Ghost","Unisex","Landevei","Ghost","","","56","","SRAM Rival/GX AXS","true","true","true","Allsidig high-end sykkel Selger en unik fullcarbon sykkel som fungerer like godt på skogsstier, grus, cyclocross og landevei. Perfekt for deg som vil ha én sykkel som takler alt. Sykkelen kommer med to komplette hjulsett: Terreng/grus: ramma tillater dekkstørrelse opptil 52 mm. Noe som gjør det mulig å bruke sykkelen i skogen, så vell som på asfalten. Landevei: Farsport toppkvalitet carbonfelger med Continental GP5000 dekk Spesifikasjoner og utstyr: • Pro styre 40 cm • Quarq wattmåler (170 mm krankarmer) • SRAM girgruppe (Rival Hendler og GX bakgir) AXS • Hev/senk setepinne En skikkelig lett, rask og solid sykkel Søkeord: Shimano, di2, etap, axs, grus sykkel, droperpost, hev senk setepinne Vis hele beskrivelsen NB: Knappen for å vise hele beskrivelsen har kun en visuell effekt.","4616 Kristiansand S"
"447182735","https://www.finn.no/recommerce/forsale/item/447182735","2026-03-02T15:38:28.273Z","Landeveissykkel eller ramme for person på 196 cm ønskes kjøpt","5000","Godt brukt - Synlig brukt","","","Landevei","","","","","","","false","false","false","Ønsker å kjøpe en landeveissykkel eller ramme som passer min lengde. Ingen spesielle krav for øvrig, annet en at den er noen lunde i stand.","6490 Eide"
"356134362","https://www.finn.no/recommerce/forsale/item/356134362","2026-03-02T15:38:29.755Z","Scott Addict Rc15 22/23 L","40000","Pent brukt - I god stand","","","Landevei","Scott","Addict RC 15","2022","L","","","false","false","false","Vinterkupp! Lite og pent brukt Scott Addict R15 i størrelse L. Den perfekte allround sykkel!! Flaskeholdere, Garmin feste og pedaler følger med","2319 Hamar"
"360839056","https://www.finn.no/recommerce/forsale/item/360839056","2026-03-02T15:38:31.375Z","Orbea Orca Aero M20ltd Red/Carbon","48000","Pent brukt - I god stand","","","Landevei","Orbea","Orca Aero M20ltd","","","","Shimano Ultegra Di2","true","true","true","Orbea Orca Aero landevei med shimano Di2 2x12 elektronisk gir. Sykklen selges med originalt sete og styre, det er ikke det son er avbildet. Selges uten Garmin Wattpedaler og flaskeholdere på bilde. Orginal aero flaske følger med, ubrukt. Hjul kan du enten få med i 50 mm Carbon Unaas eller 80 mm Carbon Unaas med ett lite tillegg i prisen Fin og hel sykkel som ikke har blitt brukt veldig mye, Noe trening men primært Triathlon konkurranser.","2070 Råholt"
"447159496","https://www.finn.no/recommerce/forsale/item/447159496","2026-03-02T15:38:33.010Z","Cube Litening Super HPC Landeveissykkel, Str 53 cm","13500","Pent brukt - I god stand","Cube","Unisex","Landevei","Cube","Litening Super HPC","","53cm","","Shimano Dura Ace 7900","true","false","false","Cube Litening Super HPC: - Rammestørrelse 53 cm - Dura Ace 7900 - Syntace P6 carbone seatpost - Fizik saddle - Følger med et Ritchey stem, litt lengre enn det som står på. - Nye girkabler, kasert og kjede August 2024. - Følger med ekstra kasett. - Nye dekk sommer 2025. Kan også følge med ekstrautstyr: - kasettverktøy - sykkellys - luftpumpe - dekkspaker - 3 stk ekstraslanger - co2 pumpe + patron - 2 stk sykkelvesker Vis hele beskrivelsen NB: Knappen for å vise hele beskrivelsen har kun en visuell effekt.","0379 Oslo"
"428378841","https://www.finn.no/recommerce/forsale/item/428378841","2026-03-02T15:38:34.647Z","Trek Madone SL6 - Gen 8 - 105 Di2 2025 L Ny Pris 60.000 kr.","681052202560000","Som ny - Ikke synlig brukt","Trek","Unisex","Landevei","Trek","Madone SL6 Gen 8","2025","L","700c","Shimano 105 Di2","true","false","true","Helt perfekt landeveissykkel i størrelse L. 2025-modell. Elektroniske Di2-girspaker i original stand. Det eneste er at jeg ikke har Di2-laderen. Jeg kan levere sykkelen innenfor en radius på 50 km i Oslo-området. Ved kontant betaling kan jeg tilby ytterligere rabatt. Hvis jeg ikke har sykkelen du leter etter, kan jeg hjelpe deg med å finne den du ønsker til en god pris.","1480 Slattum"
"428336826","https://www.finn.no/recommerce/forsale/item/428336826","2026-03-02T15:38:36.247Z","Trek 5000 OCLV, karbonsykkel 60cm/XL","12000","","Trek","","Landevei","Trek","5000 OCLV","","60cm","","Shimano 105","true","false","false","En meget fin og velholdt landeveissykkel som er modernisert med nye gir. Karbonramme og alu gaffel fra Trek med Shimano 105 komponenter, 2*11 gir. Continental GP5000 dekk. Virkelig fin i lakken og fargekombinasjonen av Brtitish Racing Green med lilla detaljer.","0475 Oslo"
"368447764","https://www.finn.no/recommerce/forsale/item/368447764","2026-03-02T15:38:37.898Z","Shimano Di2 testsykkel","14000","Pent brukt - I god stand","","","Landevei","","","","55cm","","Shimano Di2","true","false","true","Vurderer å selge min racer, da den er litt liten for meg (Jeg er 190 cm). Jeg har målt rammestr til 55 cm. Sykkelen har vært testsykkel for Shimano sitt elektriske Di2-girskiftesystem hos Oslo sportslager. Usikker på hvilket merke selve rammen på sykkelen er, men den er karbon og meget lett. Ser ut som den er pent brukt, ingen tegn til velt. En liten ripe i rammen, se bilde. Var på service hos Oslovelo da jeg kjøpte den brukt. Den er sannsynligvis en av få, eller eneste av sitt slag i Norge. Selges uten pedaler og flaskeholdere. Må hentes i Kristiansand, eller fraktes via Posten på kjøpers risiko.","4631 Kristiansand S"
"426136425","https://www.finn.no/recommerce/forsale/item/426136425","2026-03-02T15:38:39.474Z","TREK EL-SYKKEL XL","9000","Som ny - Ikke synlig brukt","","","Landevei","Trek","","","XL","","","false","false","false","Svært lite brukt. Som ny. Selges til gunstig pris.","9012 Tromsø"
"428318645","https://www.finn.no/recommerce/forsale/item/428318645","2026-03-02T15:38:41.090Z","Canyon Endurace CF","34000","Pent brukt - I god stand","Canyon","Unisex","Landevei","Canyon","Endurace CF SL","2025","S","","Shimano Ultegra Di2","true","false","true","Canyon Endurace CF SL, ny juni 2025. Kun brukt 3 ganger. Full elektrisk Shimano Ultegra med skivebremser DT Swiss Endurance LN hjul, (kan selges med DT Swiss ERC 1600 Dicut for tillegg i pris) Feste til gps 90mm eller 100mm stem Størrelse S (170-177 cm) Selges uten pedaler","3442 Hyggen"
"447085804","https://www.finn.no/recommerce/forsale/item/447085804","2026-03-02T15:38:42.610Z","Vipera landeveisykkel - MED NY SERVICE","5000","Pent brukt - I god stand","","","Landevei","Vipera","","","54","","","false","false","false","Selger min Vipera landeveisykkel da den dessverre ikke blir brukt lenger. Svært god og behagelig sykkel - fin allrounder! Sykkelen har stått lagret tørt innendørs og er godt ivaretatt. Størrelse 54 - passer 170-180. Leveres med nylig utført service, der følgende er byttet: - Nytt dekk - Nye klosser - Ny vaier Ta kontakt hvis du lurer på noe😊","4790 Lillesand"
"423213699","https://www.finn.no/recommerce/forsale/item/423213699","2026-03-02T15:38:44.091Z","Gekko Flow Gravel GRV 700C","9000","Som ny - Ikke synlig brukt","","Unisex","Landevei","Gekko","Flow GRV 700C Gravel","","L","700c","","false","false","false","Som ny! kun brukt halvt år og stått ubrukt lagret inne i kjeller. Gekko Flow GRV 700C Gravel. Aluminium ramme L. Ny pris kr 11 000.","1368 Stabekk"
"447060031","https://www.finn.no/recommerce/forsale/item/447060031","2026-03-02T15:38:45.744Z","Meget pen Canyon Ultimate CF SL 7 - Elektronisk gir","28000","Pent brukt - I god stand","Canyon","Unisex","Landevei","Canyon","Ultimate CF SL 7 Disc eTap","2024","S","","SRAM Rival eTap","true","false","true","Canyon Ultimate CF SL 7 Disc eTap Selger min meget pene og godt vedlikeholdte Canyon Ultimate CF SL 7. Sykkelen er kjøpt direkte fra Canyon i april 2024, kvittering medfølger. Lett og stiv karbonsykkel med skivebremser, elektronisk giring og wattmåler integrert i kranken. Veldig god sykkel. Størrelse: S (Jeg er 175 cm) Avhengig av preferanse vil jeg si den passer opp til 178-179 cm. Her er det mye sykkel for pengene! Selges uten pedaler. Nesten ubrukt sett med dekk, Schwable Pro One medfølger.","3154 Tolvsrød"
"438235605","https://www.finn.no/recommerce/forsale/item/438235605","2026-03-02T15:38:47.207Z","Cannondale SuperSix Hi-Mod 56"" di2","17000","Pent brukt - I god stand","Cannondale","Herre","Landevei","Cannondale","SuperSix Hi-Mod","","56","700c","Shimano Ultegra Di2","true","false","true","Toppmodell i topp stand. Siste året er det byttet girskiftere foran og bak, samt krank og styrelager. Nye Continental gp 5000. Kjede, drev og kassett er nesten nytt. Merk at dette er en Hi-Mod ramme, med en mye bedrecarbonkvalitet. Håndbygde hjul fra kjent hjulbygger, med DT-Swiss nav, sapim eiker og 50 mm felg bak og 40 mm foran. Fantastisk responsive, lette og bombesikre hjul. Foilformede aero rammerør. Kjøpte rammen løst i 2018 og bygget opp sykkelen i 19-20. Ikke vært i velt, så rammen er topp. Noen små lakkchip. Fantadtiske farts- og klatreegenskaper. *Ultegra di2 girgruppe *Enve styre, stem, setepinne og flaskeholdere. *Rotor krank med Power2Max wattmåler *Dura-Ace bremser *Specialized Topupe sadel *Gamin 1000 computer. Utrolig mye sykkel for pengene.","1555 Son"
"446995240","https://www.finn.no/recommerce/forsale/item/446995240","2026-03-02T15:38:48.682Z","Trek Domane AL 5 Gen 4","20000","Som ny - Ikke synlig brukt","Trek","Unisex","Landevei","Trek","Domane AL 5 Gen 4","2025","56","","Shimano 105","false","false","false","Som ny, kun syklet 140 km. Kjøpt sommer 2025. Størrelse 56. Pedaler følger med: Shimano PD-RS500 Pedaler SPD-SL. Domane AL 5 er en rask og allsidig ytelsesrettet landeveissykkel som er et prefekt utgangspunkt for alle som tenker å begynne med landeveissykling. Med Alpha Aluminium-ramme, klaring for større dekk, 12-trinns Shimano 105-drivverk, topprørfester og en geometri for komfort gjennom hele dagen er Domane AL 5 perfekt for uformelle sykkelturer, gruppeturer, rask pendling og til og med turer ut over asfaltert underlag opp til de fleste grusstier.","1415 Oppegård"
"446989925","https://www.finn.no/recommerce/forsale/item/446989925","2026-03-02T15:38:51.151Z","Miyata one thousand 1000 56cm","9750","Må fikses - Noen mangler/ødelagte deler","Kona","Herre","Landevei","Miyata","One Thousand 1000","","56cm","","Shimano Deore XT","false","false","false","Miyata one thousand selges, da jeg har litt for mange sykler stående. Brooks b17 sete. Shimano deore XT. Trenger litt fiks, noen eiker på bakhjulet er ødelagt. Noen flekker med rust og mindre bulker. Står på fine panaracer gravelking. Kan sendes mot betaling, har en egnet eske.","0475 Oslo"
"425942675","https://www.finn.no/recommerce/forsale/item/425942675","2026-03-02T15:38:52.862Z","Look KG 186 vintage carbon sykkelramme","10000","","","","Landevei","Look","KG 186","1992","55 x 58","","","true","false","false","Ramme: karbon LOOK KG186 Gaffel: Look Monoblade Kranklager: Shimano UN BB 113 mm Styrelager: Look Integrert med Vibtene Stem: LOOK Aeropost Årsmodell. Ca.1992 Str. 55 x 58 Free frakt Pris: 10000kr eller bud","1069 Oslo"
"432995374","https://www.finn.no/recommerce/forsale/item/432995374","2026-03-02T15:38:54.894Z","Specialized Tarmac Comp Sagan Edition str. 56 med Ultegra Di2","25000","Pent brukt - I god stand","Specialized","","Landevei","Specialized","Tarmac Comp Sagan Edition","","56","700c","Shimano Ultegra Di2","true","false","true","Selger en Specialized Tarmac Comp Sagan Edition i størrelse 56. Sykkelen er oppgradert med elektronisk Ultegra Di2-gruppe, Deda Elementi Superzero aero styre og stem, samt Unaas AS-30 lette aluminiumshjul. Store drev, kjede og bakdekk ble byttet i sommer, og bakhjulet fikk service med nye lagre samtidig. Sykkelen er godt vedlikeholdt og fungerer som den skal. Noen kosmetiske merker som vist på bildene. En solid og rask landeveissykkel med karakteristisk Peter Sagan Edition - lakk som glitrer i solen. Original spesifikasjon og detaljer finnes her: https://www.specialized.com/us/en/tarmac-comp/p/118206?color=208629-118206 Kan sees og prøves på Lierskogen.","3420 Lierskogen"
"357219902","https://www.finn.no/recommerce/forsale/item/357219902","2026-03-02T15:38:56.698Z","1970 Peugeot PX10","7000","","","","Landevei","Peugeot","PX10","1970","","","","false","false","false","En flott Peugeot PX10 fra 1970 til salgs. Dette var toppmodellen på sin tid og hadde flere seire i Tour de France. Denne konkrete sykkelen har tatt medalje i NM en gang på 70-tallet. Tilstanden er nokså bra for alderen. Alt fungerte sist den ble prøvd. Men bør kanskje ha en tur til verksted for å skifte waiere, justere gir og bremser, etc. Da har man en sjelden og fin bruksveteran, en legende som nok vil øke i verdi fremover. Den er også et godt objekt for den som vil restaurere. Noe overfladisk rust men ser ut til å ha alt av originale deler,l med mulig unntak av setepinnen (?).","0169 Oslo"
"440071641","https://www.finn.no/recommerce/forsale/item/440071641","2026-03-02T15:38:58.412Z","Lite brukt FARA landeveissykkel limited edition","40000","Pent brukt - I god stand","","","Landevei","FARA","Signature Thor Hushovd Edition","","54cm","700c","Shimano Ultegra R8170 Di2","false","true","true","Selger min pent brukte FARA landeveissykkel da den ikke blir brukt like mye som forventet etter endt sykkel-satsning. Sykkelen har kun blitt brukt ute på en treningssamling i 2023, ellers kun bruk på rulle. Sykkelen kommer med limited edition design «Signature Thor Hushovd edition» som kun finnes i begrenset antall. Den leveres også toppspekket med blant annet disse kvalitetene: - Black Inc. Thirty karbonhjulsett (nypris ca. 20.000,-) - Rotor 52/34T med wattmåler - Fizik Vento R1 m/ carbonrails - Barstem 420x135mm - 12-delt Ultegra R8170 Di2 og 11-34t kassett Sykkelen har en 54cm ramme og vil passe bra om du er ca. 175-185cm og kan enkelt tilpasses hver enkelt. Pedaler fra Ultegra samt flaskeholdere medfølger også.","7509 Stjørdal"
"426606783","https://www.finn.no/recommerce/forsale/item/426606783","2026-03-02T15:39:00.106Z","Canyon Endurace CF 7 Di2 LN","28000","Som ny - Ikke synlig brukt","Canyon","Unisex","Landevei","Canyon","Endurace CF 7 Di2 LN","2025","M","","Shimano 105 Di2","true","false","true","Vurderer salg av min Canyon Endurace CF 7 Di2 LN, kjøpt ny i mai 2025. Sykkelen er i meget pen stand, har ingen skader og har aldri vært i velt. Dette er en komfortabel og rask landeveissykkel i karbon, perfekt for både lange turer, trening og ritt. Med Shimano 105 Di2 elektronisk giring får du presise og pålitelige girskift i alle forhold, og skivebremsene gir trygg og kraftig bremsekraft. Spesifikasjoner: • Modell: Canyon Endurace CF 7 Di2 LN • Kjøpt: 2025 • Ramme: Karbon, str M • Girgruppe: Shimano 105 Di2, 12-delt elektronisk • Hjul: DT Swiss Endurance LN • Bremser: Shimano 105 hydrauliske skivebremser • Setepinne: Canyon VCLS (komfortsetepinne) • Vekt: ca. 8,5 kg Tilstand: • Ingen skader, aldri vært i velt • Velholdt og i svært god stand Nypris: ca. 36.400,- Kan hentes i Horten, Kan eventuelt sendes etter avtale. Sykkelen vaskes grundig før overtakelse. Gjerne send en melding hvis du lurer på noe :) Forbehold om feil i annonsebeskrivelsen. Vis hele beskrivelsen NB: Knappen for å vise hele beskrivelsen har kun en visuell effekt.","3186 Horten"
"446886741","https://www.finn.no/recommerce/forsale/item/446886741","2026-03-02T15:39:01.889Z","Giant Propel Pro 0 disc 21 (Str. M)","42000","Pent brukt - I god stand","Giant","Herre","Landevei","Giant","Propel Pro 0 Disc","2021","M","","Shimano Ultegra Di2","false","true","true","Jeg ønsker å selge min Giant Propel Pro 0 disc 21. Sykkelen er kjøpt høsten 2020 og brukt rundt 8600 km. Sykkelen er fullt utstyrt med Ultegra: Di2, drivverk og bremser. Sykkelen kommer også med Giant sin Power Pro wattkrank. Giant sine SLR1 hjul er av karbon og som sagt tubeless kompatible. Bakre felg er 65 mm dyp og fremre felg er 42 mm dyp. Selges med dekkene som nå står på sykkelen (GP 5000 25mm). Sykkelen har rammestørrelse M. Ifølge Giant passer dette til personer mellom 171-181 cm. Er selv 178. Framdrev 52-36. Kassett 11-30 (11-delt). Selges med Giant sitt sete som fulgte med (bilde kan ettersendes). Selges uten pedaler og flaskeholdere. Jeg har clip on bars liggende. Pris kan evt diskuteres på disse. Sykkelen er tilnærmet strøken. Ikke vært i velt/krasj. Liten estetisk ripe på toppen av ramma (forsøkt å vise dette på ett av bildene), samt bør styreteip byttes. Vis hele beskrivelsen NB: Knappen for å vise hele beskrivelsen har kun en visuell effekt.","2624 Lillehammer"
"446863424","https://www.finn.no/recommerce/forsale/item/446863424","2026-03-02T15:39:03.583Z","Canyon ultimate CF 7 2026 - OPPGRADERT","47500","Pent brukt - I god stand","Canyon","Unisex","Landevei","Canyon","Ultimate CF 7","2026","M","","Shimano Ultegra","true","false","false","Tilsvarende sykkel ny i dag med komponentene som er skrevet nedenfor er på rundt 60 000,- så her får du mye for pengene. Kjøpt sent 2025. Treningssykkel, mest brukt på rullen med waxet kjede. Ultimate har en maks dekk bredde på 33mm så du kan fint bruke cx dekk om du ønsker å kjøre på grusen. (Som vist på bilde) 105 hendler Ultegra frem og bakgir Aero drops 110 stem 165 krank armer med ensidig Wattmåler fra 4iiii (innebygd sporing, for Apple brukere) Computerfeste for Garmin / wahoo Ultegra pedaler Kan selges med 165 kranksett armer uten Wattmåler. Pris: 42 000,- Størrelse M, passer for 178-188 Styret kan justeres opp og ned uten å måtte kappe gaffelen. Hendlene kan justeres smalere og bredere også. ——— Ceramicspeed klistremerket er kun festet på sykkelen da den kommer fra hovedsykkelen. Garmin feste bak, og flaske holdere følger ikke med. Sete blir byttet ut når sykkelen selges. Vis hele beskrivelsen NB: Knappen for å vise hele beskrivelsen har kun en visuell effekt.","5238 Rådal"
"425683988","https://www.finn.no/recommerce/forsale/item/425683988","2026-03-02T15:39:05.152Z","Gavia Daedalus","49000","Pent brukt - I god stand","","","Landevei","Gavia","Daedalus","","55 S/M","","Shimano Ultegra Di2","false","false","true","Selger min Gavia Daedalus temposykkel med Shimano Ultegra Di2, som er svært pent brukt og i tillegg lite brukt. Den er mer eller mindre vasket etter hver tur, og er en veldig rask sykkel. Naturligvis finnes det et par brukstegn, men ingenting betydelig. Størrelse 55 S/M. Selges slik den står nå, med Pro-sete med karbonrails, Shimano-pedaler, wattkrank og i tillegg følger Elites egen aero-flaskeholder og EC DYNAMICS aerobar-extensions med. Kranklageret har samme keramiske lager som hjullagrene på disc-hjulet. Hjul: Zipp 808, Fulcrum Speed 360T","5003 Bergen"
"429247688","https://www.finn.no/recommerce/forsale/item/429247688","2026-03-02T15:39:06.768Z","Liv EnviLiv Advanced 1 2023","39000","Som ny - Ikke synlig brukt","Giant","Dame","Landevei","Liv","EnviLiv Advanced 1","2023","S","700c","SRAM Rival eTap AXS","true","true","true","Vurderes solgt grunnet lite bruk, kun brukt en håndfull ganger siden kjøp sommeren 2023. Str S,er selv 169 og passe veldig bra til meg. Farge Airglow RammeAdvanced-Grade Composite, 12x142mm thru-axle, Disc Gaffel Advanced-Grade Composite, full-composite OverDrive Aero steerer, 12x100mm, Disc Styre Liv Contact SL Aero, 31.8mm XXS: 36cm, XS: 36cm, S: 38cm, M: 40cm, L: 42cm Grips Liv All Condition Styrstem Giant Contact SL Aero XXS: 80mm, XS: 80mm, S: 90mm, M: 100mm, L: 110mm Setepinne Giant Vector, composite XXS:350mm, XS:350mm, S:350mm, M:350mm, L:350mm Sadel Liv Approach Girhendler SRAM Rival eTap AXS Frontgir SRAM Rival eTap AXS Bakgir SRAM Rival eTap AXS Bremser SRAM Rival eTap hydraulic, SRAM PaceLine rotors [F]160mm, [R]140mm Bremsehendler SRAM Rival hydraulic Kassett SRAM Rival, 12-speed, 10x30 Kjede SRAM Rival D1 Krank SRAM Rival D1 DUB, 35/48 XXS: 165mm, XS: 165mm, S: 170mm, M: 170mm, L: 172.5mm Bottom Bracket SRAM DUB, press fit Felg Giant SLR 2 50 Carbon Disc WheelSystem, [F] 50mm, [R] 50mm Nav [F] Giant alloy, CenterLock, 12mm thru-axle [R] Giant alloy, pawl driver(3-pawl 30t), CenterLock, 12mm thru-axle Eike SAPIM Sprint Dekk Giant Gavia Course 1, 700x25c (28mm), folding, tubeless Extrascomputer mount, two bottle cages, tubeless prepared, 30mm max tire size Vis hele beskrivelsen NB: Knappen for å vise hele beskrivelsen har kun en visuell effekt.","1532 Moss"
"431756635","https://www.finn.no/recommerce/forsale/item/431756635","2026-03-02T15:39:08.594Z","Scott cr1 pro","6800","Godt brukt - Synlig brukt","Scott","","Landevei","Scott","CR1 Pro","","","","","true","false","false","Selger en Scott cr1 pro full karbon sykkel som er en del år gammel og som har stått i mange år og ikke blitt brukt. Felgen bak er skeiv så når du bruker bak bremsen så lugger den veldig. Hele sykkelen veier kun 7 kg, Fram bremsen funker bra da, den har også litt stygge merker på rammen. Fram og bak dekkene er råtne etter å ha stått en del år og totalt med dekk og bak felgen vil det koste litt og fikse. Men ellers er dette en veldig fin landeveissykkel. Og et fint prosjekt for deg som er interessert i sykkel og kan litt. OBS: sykkelen må hentes.","3048 Drammen"
"427421854","https://www.finn.no/recommerce/forsale/item/427421854","2026-03-02T15:39:10.108Z","Flott sykkel selges , Bergen","12000","Pent brukt - I god stand","Bianchi","Herre","Landevei","Bianchi","","","50","","","false","false","false","Pent brukt Bianchi herresykkel selges med tungt hjerte pga flytting , hentes i Bergen . Rammestørrelse 50 .","5116 Ulset"
"446739506","https://www.finn.no/recommerce/forsale/item/446739506","2026-03-02T15:39:11.842Z","Canyon Ultimate CF SL 7 Disc","28000","Som ny - Ikke synlig brukt","Canyon","Unisex","Landevei","Canyon","Ultimate CF SL 7 Disc","","S","700c","Shimano 105 R7000","true","false","false","Selger en Canyon Ultimate CF SL 7 disc, som har en ca. 400km stand, ble sjelden brukt av min tidligere forlovede. Vekt: ca. 8,5kg S størrelse ramme (kroppshøyde 172-178cm) Ramme og gaffel av karbon. • Gir: Shimano 105 R7000 • Kassetten: Shimano 105 R7000 11-30 11s • Kjede: Shimano HG601 11-speed • Bremser: Shimano 105 R7020 2s og 11s • Skiver: Shimano RT70 • Fronthjul: DT Swiss Performance LN 12x100mm, felghøyde 20mm og 20mm innvendig bredde aluminium • Bakhjul: DT Swiss Performance LN HG 12x142mm, felghøyde 20mm og 20mm innvendig bredde aluminium • Dekk: Continental Grand Prix 5000, 28 mm • Styre: Canyon H36 Aerocockpit carbon. • Sette: Selle Italia Model X • Setepinne: Carbon Canyon SP0094 CF Ekstra utstyr: • Pedaler: Shimano Ultegra PD R8000 • Canyon SF flaskehodler Vis hele beskrivelsen NB: Knappen for å vise hele beskrivelsen har kun en visuell effekt.","2004 Lillestrøm"
"446661308","https://www.finn.no/recommerce/forsale/item/446661308","2026-03-02T15:39:13.649Z","Landeveissykkel","35000","Pent brukt - I god stand","","Unisex","Landevei","Wilier","Zero 7","2024","Small","700c","Shimano Ultegra Di2","true","false","true","🚴WILIER ZERO 7ULT DI2 + MAVIC R-SYS – Rå landeveissykkel til salgs!🚴 Selger en Wilier Zero 7 landeveissykkel i størrelse Small, utstyrt med elektronisk giring og lette Mavic R-SYS-hjul. Dette er en high-end karbonracer med utrolig lav vekt, fantastisk respons og kjørefølelse. Perfekt for både trening og ritt. 🔧 Spesifikasjoner: • Modell: Wilier Zero 7 • Ramme: Karbon • Girgruppe: Ultegra Di2 (elektronisk). Inkludert lader • Hjulsett: Mavic R-SYS • Størrelse: Small • Brukt: Ja. 5 års lite bruk. I god stand. • Vekt: Ca. 6,8–7,2 kg (avhengig av pedaler) Nypris: 60 000kr- 65 000kr (Pedaler ikke inkludert) Jeg kjøpte sykkelen fra forhandler i 2024 Selger fordi den er for stor for meg. Vis hele beskrivelsen NB: Knappen for å vise hele beskrivelsen har kun en visuell effekt.","5053 Bergen"
"446659808","https://www.finn.no/recommerce/forsale/item/446659808","2026-03-02T15:39:15.111Z","Ridley Fenix Disc","23000","Pent brukt - I god stand","","","Landevei","Ridley","Fenix Disc","","S","700c","Shimano 105","false","false","false","Strøken Ridley Fenix Disc selges. Kun rullet ca. 300km og fremstår som tilnærmet ny. Har satt på GP5000 28mm dekk. Rammestørrelse S. Vil si at denne tilsvarer 54 i øvrige merker. https://www.xxl.no/ridley-fenix-disc-105-2x11s-24-landeveissykkel-gra/p/1231592_1_Style","1156 Oslo"
"437608804","https://www.finn.no/recommerce/forsale/item/437608804","2026-03-02T15:39:16.858Z","Scott Addict Rc 15 2024 L","39999","Pent brukt - I god stand","Scott","Unisex","Landevei","Scott","Addict RC 15","2024","L","","Shimano Ultegra Di2","true","false","true","Scott landevei sykkel for unisex bruk. Sykkelen har en lett ramme og er utstyrt med komponenter som Shimano Ultegra girsystem. Egnet for landeveissykling, trening konkuranse. - 2024-modell brukt i to sesonger. Den fungerer fortsatt helt utmerket uten problemer. - sykkelen er strl Large - Utstyrt med Ultegra Di2 gruppesett. Lader følger selvfølgelig med. Pedalene på bilde følger ikke med, samt flaskeholdere Gi beskjed om du er interessert eller lurer på noe.😁","0671 Oslo"
"416836266","https://www.finn.no/recommerce/forsale/item/416836266","2026-03-02T15:39:18.498Z","Trek Émonda SL7 2023 Ultegra Di2 Lett Karbonracer (54)","40000","Pent brukt - I god stand","Trek","Unisex","Landevei","Trek","Émonda SL7","2023","54cm","700c","Shimano Ultegra Di2","true","true","true","Trek Émonda SL 7 (2023) – Ultralett landeveissykkel i topp stand! Selger en Trek Émonda SL 7 2023-modell i størrelse 54 cm kjøpt ny for 75000 i 2023. Dette er en ultralett og aerodynamisk landeveissykkel, bygget for maksimal ytelse – både i bratte klatringer og på raske flater. Perfekt for deg som ønsker en rask, responsiv og konkurranseklar sykkel til både trening og ritt. Spesifikasjoner: - 7,8kg uten pedaler – Trådløst Shimano Ultegra Di2 12-delt girsystem – lynraske og presise girskift – Bontrager Aeolus karbonhjul – lette og stive for optimal kraftoverføring – Full karbonramme og gaffel – lav vekt og høy komfort – Aerodynamisk design og intern kabelføring – Størrelse 54 – passer for deg som er ca. 170–177 cm høy Tilstand og historikk: – Kjøpt ny hos Geilo Intersport i juli 2023 – Nypris: 75.000 kr – kvittering medfølger – Meget pent brukt – Rullet rundt 8000km – Oppbevart innendørs og jevnlig vedlikeholdt – Fremstår som tilnærmet ny, såklart noe riper og skrammer som de fleste sykler. Annet: – Wattpedaler medfølger ikke Kan være noe fleksibel ved rask avgjørelse. Vis hele beskrivelsen NB: Knappen for å vise hele beskrivelsen har kun en visuell effekt.","0661 Oslo"
"433770108","https://www.finn.no/recommerce/forsale/item/433770108","2026-03-02T15:39:20.005Z","Colnago V3 – Ultegra | Str. 50s | Pent brukt |","28000","Pent brukt - I god stand","","","Landevei","Colnago","V3","2022","50s","","Shimano Ultegra","true","false","false","Selger en flott Colnago V3 med komplett Shimano Ultegra og Fulcrum Racing 600 hjulsett. Sykkelen er kjøpt sommeren 2022, og har kun noen vanlige bruksmerker — aldri vært i velt. Kvalitetsracer med lett og responsiv carbonramme og klassisk italiensk kjørefølelse. ⸻ Spesifikasjoner: • Ramme: Colnago V3 carbon • Gaffel: Colnago carbon • Gruppe: Shimano Ultegra (komplett) • Hjulsett: Fulcrum Racing 600 (italienske hjul) • Størrelse: 50s (Colnago-geometri) jeg er 1,78 Pedalene og flaskeholder følger ikke med","9102 Kvaløysletta"
"437756373","https://www.finn.no/recommerce/forsale/item/437756373","2026-03-02T15:39:21.850Z","2025 Giant Propel Advanced pro 0 Ultegra Di2 Str L","50000","Pent brukt - I god stand","Giant","Unisex","Landevei","Giant","Propel Advanced Pro 0","2025","L","","Shimano Ultegra Di2","true","true","true","Kjøpt2025 Denne Giant Propel Advanced Pro 0 Di2 er en aerodynamisk landeveissykkel med elektronisk girsystem og karbonramme, designet for effektiv fart på asfalt. Den kombinerer lett vekt med presis styring og kraftige hydrauliske skivebremser for god kontroll under varierende forhold. Sykkelen er utstyrt med Shimano Ultegra Di2-gir, som gir raske og pålitelige girskift, samt en integrert kraftmåler for de som ønsker å følge med på ytelsen. Karbonhjulene bidrar til en responsiv og stabil kjøreopplevelse, mens de smale, slangeløse dekkene gir lav rullemotstand og god grep. Dette er et godt valg for ryttere som prioriterer fart og presisjon, enten det er til trening eller konkurranse på landevei. Brukt en sesong, nye dekk. Str L Selges grunnet mindre sykling. https://bikeshop.no/giant/nygiant10740/giant-propel-advanced-pro-0-landevei-karbon-slr-1-ultegra-di2?gad_source=1&gad_campaignid=21224989888&gbraid=0AAAAAD7WrS2nnlsX7iFvqSVwTgUHy6FpH Vis hele beskrivelsen NB: Knappen for å vise hele beskrivelsen har kun en visuell effekt.","1523 Moss"
"446612426","https://www.finn.no/recommerce/forsale/item/446612426","2026-03-02T15:39:23.285Z","Trek Domane SL 6 Gen 4 / 2025 - ramme 62","32000","Som ny - Ikke synlig brukt","Trek","Herre","Landevei","Trek","Domane SL 6 Gen 4","2025","62","700c","Shimano 105 R7170 Di2","true","false","true","-Domane SL 6 er en endurance-sykkel som er lett og aerodynamisk. -Årsmodell 2025. -Strøken sykkel. Kun brukt sommer. -Rammestørrelse 62 - rytter høyde over 189cm. -Farge: Marianas Blue/Mørke blå. -Ramme: 500 Series OCLV Carbon, IsoSpeed, -Shimano 105 R7170 Di2, 12-delt drivverk. Kassett: 11-34 Ultegra. -Hjulsett (dekk og felger) er ubrukt. -Forhjul: Bontrager Paradigm Comp 25, Tubeless Ready, 25 mm felgbredde, 100 x 12 mm gjennomgående aksel. -Bakhjul: Bontrager Paradigm Comp 25, Tubeless Ready, 25 mm felgbredde, Shimano 11/12-delt boss, 142 x 12 gjennomgående aksel. -Dekk: Bontrager R3 Hard-Case Lite TLR Road Tire/32. -Sete er ubrukt. -Nypris 54.000.","5252 Søreidgrend"
"417351925","https://www.finn.no/recommerce/forsale/item/417351925","2026-03-02T15:39:24.798Z","Specialized Tarmac sl2 s-works","11000","","Specialized","Unisex","Landevei","Specialized","Tarmac SL2 S-Works","2008","56","700c","Shimano Dura-Ace","true","false","false","Meget pen 2008 Tarmac sworks i str 56 Komplett dura ace Ramme, gaffel, Styre, stem og setepinne i karbon FSA hjulsett 7,2 kg","1591 Sperrebotn"
"446563126","https://www.finn.no/recommerce/forsale/item/446563126","2026-03-02T15:39:26.493Z","Landeveissykkel Merckx Gara for 177-187cm","5000","Godt brukt - Synlig brukt","","Herre","Landevei","Merckx","Gara","","","700c","Campagnolo Veloce","false","false","false","Perfekt sykkel for den som ønsker å prøve landevei uten å måtte legge titusener i det. Solid aluminiumsramme og karbongaffel fra Easton. Hjul og girgruppe fra Campagnolo. Sykkelen har nylig fått nye dekk, gir- og bremsewirere og strømper, nytt kjede og kassett samt ny styretape fra Lizard Skins med veldig godt grep. Passer meg godt som er 183cm, men passer for ca 177-187 cm høyde. Jeg har brukt den med sittehøyde 78 cm, men kan gå en del høyere og mye lavere. Kun en eier! Merke: Merckx Gaffel: Easton EC70 karbon Gir: Campagnolo Veloce 10x2 gir 12-27 tenner Krank: Campagnolo Centaur 50/34 tenner Hjul Campagnolo Khamsin Dekk: Hutchinson Fusion 23mm Selges uten pedaler Ta kontakt om du lurer på noe. Kan sendes, Posten tar 456,- for frakt. Vis hele beskrivelsen NB: Knappen for å vise hele beskrivelsen har kun en visuell effekt.","6003 Ålesund"
"268003206","https://www.finn.no/recommerce/forsale/item/268003206","2026-03-02T15:39:27.969Z","Landeveisykkel - Pinarello Dogma 65.1 think 2","30000","Pent brukt - I god stand","","Herre","Landevei","Pinarello","Dogma 65.1 Think 2","","52","","","false","false","true","Lite og pent brukt. Elektrisk giring. Remmestørrelse er 52 Den har vært lagret inne i isolerte rom hele tiden da den ikke er blitt brukt.","2344 Ilseng"
"212403777","https://www.finn.no/recommerce/forsale/item/212403777","2026-03-02T15:39:29.600Z","Giant TCR Advanced Pro 0 Disc str M/L","27000","Pent brukt - I god stand","Giant","Unisex","Landevei","Giant","TCR Advanced Pro 0 Disc","2021","M/L","","Shimano Ultegra Di2","true","false","true","Selger lite brukt Giant Advanced Pro 0 disc. Kjøpt i januar 2021. Dette er str M/L, og har Shimano Ultegra Di2 gir, og Ultegra skivebremser. Selges med Stages wattkrank. Kjøper betaler frakt.","2074 Eidsvoll Verk"
"446441045","https://www.finn.no/recommerce/forsale/item/446441045","2026-03-02T15:39:31.326Z","Tarmac sl6","19999","Som ny - Ikke synlig brukt","Specialized","Herre","Landevei","Specialized","Tarmac SL6","2025","58","700c","Shimano Tiagra","false","false","false","Som ny Specialized Tarmac sl6 str 58 Kjøpt ny på Velo City Spezialized Concept store Lysaker i aug 2025. Svært lite brukt i påvente reparasjon av annen sykkel. Ble svært imponert over hva en så rimelig sykkel leverer av sykkel glede comfort handling og fart hvis man vil. Dette er en sykkel som er en Specialized sykkel som passer til alt . Jeg er 190 cm og den er passelig i størrelsen passer nedover mot 180 tenker jeg og litt over 190. Shimano Tiagra har overbevist meg om at alt over er helt unødvendig. Lett superpresist og holdbart . Savner ingenting på denne. Utvilsomt en komfortabel og allsidige racer som bør sees og prøves. Lakken er knallfin med masse detaljer som kommer frem i vårsola. Jeg har en sykkel for mye,og en skal ut.","1658 Torp"
"446412439","https://www.finn.no/recommerce/forsale/item/446412439","2026-03-02T15:39:32.845Z","Giant tcr","9990","Pent brukt - I god stand","Giant","Unisex","Landevei","Giant","TCR","","Medium","","Shimano 105","false","false","false","Giant tcr Stage watt krank 2x11 gir Medium ramme størrelse Shimano 105 utenom bakgiret som er tiagra Ovale drev foran begge 2. Alt er tipp topp stand. Kan prøves på rulla. Sykkelen står tilkoblet rulle i dag.","2080 Eidsvoll"
"446382474","https://www.finn.no/recommerce/forsale/item/446382474","2026-03-02T15:39:34.274Z","Planet X Kaffeback landeveissykkel str M selges -","6500","Pent brukt - I god stand","","","Landevei","Planet X","Kaffenback","2018","M","700c","Shimano 105","false","false","false","Planet X Kaffeback str medium selges - randoneur-sykkel? Dette en en Planet X (On-One) Kaffenback 2018 modell stålramme, kjøpt som løs ramme av on-one.co.uk og bygd opp sommer/høst 2018 med noe gamle deler og en god del nytt. Kjøpt i perioden Planet X kjøpte opp On-One, derav litt navneforvirring. Ble et byggeprosjekt basert på nostalgi, rent visuelt. Med lys brun/beige ramme ble den bygd opp med velfungerende komponenter fra Shimano og Ritchey sin Classic-serie i sølvgrå farge. Størrelse medium / 54 – passer godt til en på omtrent 178. Selges fordi den blir altfor lite brukt, og sikkert noen som kan tenke seg en nostalgisk racer med rett stuk. Til og med den gode gamle tunge giringen med 39-28 som letteste gir, skaper karakter å bryte seg opp bratte stigninger med denne (det er jo strengt tatt ikke så ille, fantes verre utvekslinger i gamle dager). Denne er stort sett brukt i pent vær. Drivverk Shimano 105 krank i sølv farge - med 52/39 Dura Ace drev (130 BCD) Shimano Ultegra CS6700 11-28 10-delt kassett Shimano 105 kjede Shimano BB52 gjenget kranklager Bremser Avid BB7 i Road utgave – justerbare på begge sider på kaliprene – mekanisk med wire fra Shimano 10 hendler – fungerer supert med god bremsekraft og særdeles lett å både justere og vedlikeholde disse bremsene Avid 160 mm skiver foran og bak (6 bolt) Hjulsett Stans hjulsett med Crest felger og Stans 3.30 nav med nye maskinlagre (QR koplinger). Hjulsett er noen år gammelt og har noen skraper på felgene men ruller fint med nye maskinlagre fra i sommer, er rette og fungerer ypperlig til bruken. Relativt lite brukte (10-15 mil) 32 mm dekk er montert (Schwalbe E-One Addix trur eg) Det er monteringsmulighet for og plass til skjermer, om dekkbredde er 28 eller mindre. Dette er utprøvd med SKS skjermer, og fungerte ypperlig. #gravel #grussykkel Har hatt flere turer på denne innover grus- og kjerreveier i Trondheims og Oppdalsområdet. Fungerer godt med 32mm dekk, som muligens er maks av det denne rammen har plass til. God plass i gaffel, trangere mellom kjedestag og mot fremgir, men det fungerer i praksis. Satt opp med sølvfarget 27.2 mm setepinne, settepinneklemme, stem og styre fra Ritchey Brun styretape (av åpenbare visuelle årsaker, og med god komfort) Brooks sete kan muligens medfølge – dette er et overraskende godt sete og vurderes beholdt. Vil i såfall sette på annet sete. Flaskeholder og pedaler medfølger i utgangspunktet ikke Selges for 6500 kroner, og kan hentes/leveres fraktfritt i Trondheimsområdet Vis hele beskrivelsen NB: Knappen for å vise hele beskrivelsen har kun en visuell effekt.","7560 Vikhammer"
"408521993","https://www.finn.no/recommerce/forsale/item/408521993","2026-03-02T15:39:35.839Z","Dare Mafo stl L selges!","29000","Godt brukt - Synlig brukt","Andre merker","Unisex","Landevei","Dare","Mafo","","L","","Shimano Ultegra Di2","false","true","true","Selger min Dare mafo i stl L ettersom jeg har kjøpt meg ny sykkel. Sykkelen er blitt brukt til konkurranse å trening i 1 år og 2 år som reserve sykkel etter det. Den har litt riper på hendler, og girveksler, men ellers i god stand. Sykkelen har også vært knekt før men det har blitt reparert, kan fikse kvitering på det om det er ønskelig. Sykkelen er i stl L men ramma er ganske liten så den er som en ramme i stl M, Jeg personelig er 180cm høy men sitter ganske aggressivt. Sykkelen har Shimano ultegra di2 12 delt og dt swiss 1400 karbon hjul, ny pris på disse alene er 20 000kr. + splitter ny ultegra krank.","3520 Jevnaker"
"436179431","https://www.finn.no/recommerce/forsale/item/436179431","2026-03-02T15:39:37.812Z","Nishiki Race Champion – Fullkarbon landeveissykkel (klar for ny eier!)","8000","Pent brukt - I god stand","Nishiki","","Landevei","Nishiki","Race Champion","","54","700c","Shimano 105","true","false","false","Selger min Nishiki Race Champion i klassisk hvit str 54 – en rask, responsiv og lett fullkarbon landeveissykkel som gir ufattelig mye sykkel for pengene! Perfekt for deg som vil starte sesongen 2026 med stil😎 Sykkelen er oppbevart tørt og varmt, godt vedlikeholdt, og har nylig fått nytt kjede (ubrukt), nytt bakgir, ny girwire og nytt bakhjul. Den triller som en drøm, og gir skikkelig race-følelse til prisen av en rimelig treningssykkel. Selges kun fordi jeg har gått til innkjøp av ny landevei. 🚴Spesifikasjoner: Ramme: Nishiki Race Champion – håndlaget fullkarbon str. 54. Gaffel: Carbon Tech 480 (karbon) Gir: Shimano 105 RD-5701 (10-delt) (ny)/ Dura-Ace handel på SunRace fremgir Krank: FSA 50-34T kompakt Kassett: Shimano 105 5700 (11-25T) Kjede: Shimano Ultegra CN-6701 (nytt!) Bakhjul: Shimano 105 RS300 Alu 10/11 s (nytt, brukt 3 turer) Fremhjul: FSA RD-600 Bremser: FSA SL-K felgbremser Stem: FSA 3D Forged 05 115 mm Setepinne: FSA CarbonPro Sete: Fizik Flaskeholder: 2 x BBB karbon (kan medfølge mot et lite pristillegg, nye koster godt over 500,-) Dekk: Continental Grand Prix PolyX Breaker 23 mm Pedaler: Look Keo 2 Max (hvite, kan medfølge mot lite pristillegg – kjøpt mai 24, kun brukt 2 turer) Er noe estetisk asymmetrisk, da jeg måtte bytte høyre hendel. Vis hele beskrivelsen NB: Knappen for å vise hele beskrivelsen har kun en visuell effekt.","2015 Leirsund"
"446301126","https://www.finn.no/recommerce/forsale/item/446301126","2026-03-02T15:39:39.439Z","SCOTT Addict RC 10 Str M 2025 mod","55000","Pent brukt - I god stand","Scott","Unisex","Landevei","Scott","Addict RC 10","2025","M","700c","Shimano Ultegra Di2","true","false","true","2025 Scott Addict RC 10 str M Passer fint for personer med høyde 165-175 cm. Nøkkelinformasjon: Ramme: Addict RC HMX Carbon med Road Race-geometri Gir: Shimano Ultegra Di2 elektronisk 24-girsystem Bremser: Shimano Ultegra hydrauliske skivebremser Hjulsett: Syncros Capital 1.0 Tubeless Disc, 40 mm profil Dekk: Schwalbe ONE TLE Race-Guard, 700x30C Vekt: Ca. 7,1 kg SCOTT Addict RC 10, en landeveissykkel designet for maksimal fart og kontroll. Denne modellen kombinerer en ultralett karbonramme, avanserte Shimano Ultegra Di2-komponenter og aerodynamiske hjul for å gi deg det beste innen moderne sykkelprestasjon. Enten du klatrer bratte bakker eller presser deg i en sprint, er Addict RC 10 din ideelle partner på veien. Satt opp med tubeless. Vis hele beskrivelsen NB: Knappen for å vise hele beskrivelsen har kun en visuell effekt.","1357 Bekkestua"
"429321107","https://www.finn.no/recommerce/forsale/item/429321107","2026-03-02T15:39:41.081Z","Hard rocx landeveissykkel carbon","6900","Pent brukt - I god stand","","Unisex","Landevei","Hard Rocx","","","54cm","700c","Shimano Ultegra","true","false","false","Selger en eldre, men pent brukt Hard rocx landeveissykkel med rammestørrelse 54cm (passer meg på 180cm godt). Shimano Ultegra girsystem. Shimano Ultegra bremser. Rithcey styre og setepinne i carbon. San Marco sete. Både bremser og gir fungerer topp, men gir kunne hatt en liten justering slik at giringen blir penere. Sykkelen er veldig lite brukt, utelukkende stått i garasje. Flott sykkel til noen som ønsker å komme igang med landeveissykkling! Kan transporteres fra Ålesund til Kristiansund og omegn. Gjerne ta kontakt!","6016 Ålesund"
"418474424","https://www.finn.no/recommerce/forsale/item/418474424","2026-03-02T15:39:42.561Z","Cannondale Supersix evo HI-mod 2017 str51","27000","Pent brukt - I god stand","Cannondale","Unisex","Landevei","Cannondale","SuperSix Evo Hi-MOD","2017","51","700c","Shimano Ultegra Di2","true","true","true","Ramme: New SuperSix EVO Disc, BallisTec Hi-MOD Carbon, Di2 Compatible, SPEED SAVE, PressFit BB30a • Gaffel: New SuperSix EVO Disc, SPEED SAVE, BallisTec full carbon, 1-1/8” to 1-1/4” steerer, integrated crown race, 100x12mm thru-axle • Felger: Cannondale HollowGram Si, Carbon Clincher Disc, 19mm inner, 35mm deep, tubeless compatible • Nav: Cannondale HollowGram Si Disc, straight-pull, center-lock, 24h 100x12mm thru front, 28h 135x9mm QR rear • Eiker: DT Swiss Aerolite, straight pull • Dekk: Schwalbe ONE, folding, 700x25C • Krank: Cannondale HollowGram Si, BB30a, w/ OPI SpiderRing, 52/36 • Kranklager: Cannondale Alloy PressFit30 • Kjede: Shimano HG701, 11-speed • Kasett bak: Shimano Ultegra, 11-30, 11-speed • Krankgir: Shimano Ultegra Di2, braze-on • Gir bak: Shimano Ultegra Di2 • Girskiftere: Shimano R785S Hydraulic, Di2 • Styre: Aero 40cm • Stem: Cannondale C1 Ultralight, 2014 Alloy, 31.8, 6 deg. w/ integrated Garmin Mount • Styrelager: SuperSix EVO, 1-1/4” lower bearing, 25mm carbon top cap • Bremser: Shimano BR805 Hydraulic Flat Mount disc • Bremsehendler: Shimano R785S Hydraulic, Di2 • Sete: Fi’zi:k Arione R5 w/ MG Rail • Setepinne: Cannondale C2, UD Carbon, 25.4x300mm Sykkel fikk extra bluetooth og ny Batteri med prosessor som lar deg koble sykkelen din til telefonen din,sykkel har vanlig slitasje . Vis hele beskrivelsen NB: Knappen for å vise hele beskrivelsen har kun en visuell effekt.","3520 Jevnaker"
"421864749","https://www.finn.no/recommerce/forsale/item/421864749","2026-03-02T15:39:44.013Z","Cannondale Synapse L 2015","12000","Godt brukt - Synlig brukt","Cannondale","Herre","Landevei","Cannondale","Synapse","2015","L","","Shimano Ultegra","false","false","false","Cannondale Synapse Ultegra 2015 selges. Størrelse L. Garmin wattpedaler (tosidig) medfølger (gjenger til batterifestet på ene siden er dårlig eller nærmest ødelagt - har fått det til å fungere etter en del prøv og feil, men bør nok skiftes). (Selges uten Garmin holder og ringeklokke.) Selv om sykkelen er sykkelbar, anbefales sterkt en service og påkostning av eventuelle reparasjoner. Gir må justeres da kjede på storeskiven foran av og til ramler av. Gummi på høyre håndtak er litt løs (har alltid vært det - kan enkelt dras tilbake). Kun direktesalg i Sandnes, dvs. sendes ikke.","4028 Stavanger"
"446225053","https://www.finn.no/recommerce/forsale/item/446225053","2026-03-02T15:39:45.573Z","Scott Addict RC 20 - XL - SRAM Force - Wattmåler - Reynolds AR58 karbonhjul","37000","Pent brukt - I god stand","Scott","Unisex","Landevei","Scott","Addict RC 20","","XL","700c","SRAM Force AXS eTap","true","true","true","Lufter en fint brukt Scott Addict RC 20 for salg for å sjekke markedet. Selger kun til rett pris. Nydelig mørk grønn farge kombinert med karbonhjul på 58 mm lager en nydelig kombinasjon Reynolds AR58 hjulsett i karbon Quarq Red/Force AXS Spider Wattmåler GP5000 dekk med TPU tubes Sram Force AXS eTap 12-delt elektroniske gir 48-35/ 10-33 Flaskeholdere i karbon medfølger Integrert computerfeste fra Syncros Chain catcher fra K-edge Følger med: - Lader til gir - Ekstra kjeder. - Setefeste for sete med karbonrails fra Richie - Ekstra spider dersom du ønsker å ta av wattmålere - Brukt drev. Noen kosmetiske mindre bruksmerker er å finne på rammen, men disse er små. Veldig fint brukt Vis hele beskrivelsen NB: Knappen for å vise hele beskrivelsen har kun en visuell effekt.","5713 Vossestrand"
"422495132","https://www.finn.no/recommerce/forsale/item/422495132","2026-03-02T15:39:48.076Z","Flott Carbon landeveissykkel NY PRIS","12000","Pent brukt - I god stand","Specialized","Herre","Landevei","Diamand","Vulcain","","","","","true","false","false","6,3kg Diamand Vulcain Carbon Sykkel Selges. Velholdt sykkel, lagret innendørs. Passer høyde 175-185cm","3841 Flatdal"
"363876564","https://www.finn.no/recommerce/forsale/item/363876564","2026-03-02T15:39:50.012Z","Colnago CT1 Titano - 57cm Chorus 11 speed","16000","Som ny - Ikke synlig brukt","","","Landevei","Colnago","CT1 Titano","","57cm","","Campagnolo Chorus 11 speed","false","false","false","Sykkel er bygget opp av Sørensen sykler med chorus 11 speed. Hjulene er ubrukt mavic Ksyrium elite S Nb! Centaur bremsene siden jeg likt utseende av dem. Sykkelen veier 7,9kg som den fremstå i bildene med pedaler og flaskeholder","0492 Oslo"
"427118745","https://www.finn.no/recommerce/forsale/item/427118745","2026-03-02T15:39:51.820Z","Cervelo sykkel carbón","30000","Pent brukt - I god stand","","Unisex","Landevei","Cervelo","","","58","","","true","false","false","Cervelo sykkel carbon Disc brakes Str 58","1415 Oppegård"
"446155392","https://www.finn.no/recommerce/forsale/item/446155392","2026-03-02T15:39:53.376Z","Specialized S Works Roubaix 2014, Kom med bud!","40000","Pent brukt - I god stand","Specialized","Herre","Landevei","Specialized","S-Works Roubaix","2014","XL","700c","Shimano Dura-Ace Di2","true","true","true","Lufter tanken om å selge denne etter å ha vært eier i en sesong. Kjøpte den brukt sommeren 2025. Vurderer å selge da min kompis skal selge en SL7 til kompispris. Så er i bunn og grunn interessert i å se hvor mye jeg kan få for denne. Har vært en helt fantastisk sykkel den lille perioden jeg har vært eier. Ingen velt! Her er beskrivelsen fra forrige eier: - Meget pen S-works Roubaix, størrelse XL. (Jeg er 183cm). - Dura aceDI2 gir med 11 delt krans bak. - Ceramicspeed lager i hele sykkelen, følger med to nye. - Følger også med en 52/36T krans foran. Sitter 50/34T på sykkelen. Helt fin sykkel som er godt vedlikeholdt og aldri veltet med, men noen små bruksmerker. Følger med to Shimano felger vist man vil skåne Zipp303 hjulene.","0275 Oslo"
"418372399","https://www.finn.no/recommerce/forsale/item/418372399","2026-03-02T15:39:55.236Z","Ridley Gravelbike","13500","Pent brukt - I god stand","","Unisex","Landevei","Ridley","X-Night / Kanzo","2019","Medium","","SRAM Rival","false","false","false","Selger min Ridley X-night / Kanzo gravelbike, da den blir lite brukt. Sykkelen er fra 2019. Den er utstyrt med kvalitetshjul fra Mavic (allroad elite) og komplett Sram Rival (gir 1 x 11, kassett, krank, bremser, etc.). Sykkelen er lite brukt og i god stand. Rullet 400-500 mil. Den var på full service i fjor og er brukt bare et par turer siden. Jeg har også et par 4ZA Levanto DB carbonhjul til sykkelen, som kan følge med mot pristillegg. Størrelse medium. Store i størrelsen. Jeg er ca. 182 cm og sitter fint på sykkelen. Ifølge Ridley passer den til personer i intervallet 178-186 cm. Sykkelen ble kjøpt i 2020 og har en tidligere eier (ansatt på sykkelbutikk). Han har montert på noe forsterkning på bakgaffelen, da sykkelen hadde noen merker etter å ha vært i kontakt med en annen sykkel under transport. Det var kun snakk om en kosmetisk «skade». Pedaler, Shimano XT, og flaskeholdere følger med. Sykkelen kan sendes. Vis hele beskrivelsen NB: Knappen for å vise hele beskrivelsen har kun en visuell effekt.","5039 Bergen"
"437300427","https://www.finn.no/recommerce/forsale/item/437300427","2026-03-02T15:39:56.797Z","Caad 12 Ultegra - 58cm med rs-81 hjulsett","15000","Pent brukt - I god stand","Cannondale","Unisex","Landevei","Cannondale","CAAD 12 Ultegra","","58cm","700c","Shimano Ultegra","false","false","false","En klassiker som bare vil stige i verdi. Nydelig matt fargekombinasjon - sort og grå. Beste alurammen fra cannondale ever. Sykkelen er superlett - 7,53 kg med originale aksium felger. Med rs-81 sparer man ytterligere 580 gram. Meget pen, må ses!","0451 Oslo"
"446109915","https://www.finn.no/recommerce/forsale/item/446109915","2026-03-02T15:39:58.271Z","BH Racer Allround Quartz Landeveissykkel","15000","Som ny - Ikke synlig brukt","","Herre","Landevei","BH","Racer Allround Quartz 1.0","","L","700c","Shimano 105","false","false","false","🚴 ♂️ BH Racer Allround Quartz 1.0 – Rød Selger en BH Racer Allround Quartz 1.0 landeveissykkel i rød farge. Sykkelen er kun brukt én gang og fremstår i 100 % original og meget pen stand. 🔹 Spesifikasjoner • Merke: BH • Modell: Racer Allround Quartz 1.0 • Type: Landeveissykkel (Road Bike) • Størrelse: Large • Ramme: Allround-geometri • Girsystem: Shimano 105 • Gir: 2x10 • Bremser: Skivebremser • Gaffel: Karbon • Hjul: ELITE hjulsett • Styre og stem: Oppgradert 🔹 Tilstand • Kjøpt ny • Brukt én gang • Ingen fall, ingen skader • Alt er i original stand • Alt fungerer som det skal og er klart til bruk • Oppbevart innendørs og godt vedlikeholdt 📌 Selges fordi den ikke blir brukt 📌 Perfekt for deg som vil ha en nesten ny landeveissykkel, klar til å sykle med en gang 91170339 Vis hele beskrivelsen NB: Knappen for å vise hele beskrivelsen har kun en visuell effekt.","3735 Skien"
"421700622","https://www.finn.no/recommerce/forsale/item/421700622","2026-03-02T15:39:59.865Z","Orbea avant H30 2025","21000","Pent brukt - I god stand","Orbea","Unisex","Landevei","Orbea","Avant H30","2025","49","","Shimano 105 R7100","false","false","false","Selger min pent brukte orbea avant H30 2025 modell i str 49. Sykkelen ble kjøpt i mai og har blitt lagret inne. Har akkurat hatt sykkelen på service og ikke blitt brukt etter det. Følger også med 3 års service avtale med Unaas. To flaskeholdere og følger med. Orbea AVANT H30 2025 er en allsidig landeveissykkel designet for komfort og verdi for pengene. Med en ramme i hydroformet og trippelbuttet aluminium og en fullkarbon gaffel, tilbyr den en ideell balanse mellom stivhet og demping. Sykkelen er utstyrt med Shimano 105 R7100 12-delt drivverk og hydrauliske skivebremser, som gir presis giring og pålitelig bremsekraft. Med dekklarering på 35mm uten skjermer (32mm med skjermer) og monteringspunkter for skjermer, er AVANT H30 godt egnet for lange turer på både landeveien og lettere grusveier.","0566 Oslo"
"446100026","https://www.finn.no/recommerce/forsale/item/446100026","2026-03-02T15:40:01.320Z","2025 Specialized Tarmac SL8 Expert str 49","53000","Pent brukt - I god stand","Specialized","Unisex","Landevei","Specialized","Tarmac SL8 Expert","2025","49","700c","SRAM Rival eTap AXS","true","true","true","Ny i mai 2025. Godt vedlikeholdt, lagret innendørs og pent kjørt i 1300km siden. Eneste bruksmerke er på ene felgen foran, se siste bilde. Ramme: Tarmac SL8 FACT 10r Carbon, Clean Routing, 12x142mm thru-axle, flat-mount disc, 780g. Farge gloss smoke/obsidian Gaffel: Tarmac SL8 FACT 10r, Carbon, 12x100mm Styre: Specialized Shallow Drop, 6061, 70x125mm, 31.8mm clamp Stem: Tarmac integrated stem, 6-degree Setepinne: S-Works Tarmac SL8 Carbon, FACT Carbon, 15mm offset Selges uten sete. Bremser: SRAM Rival eTap AXS, hydraulic disc Gir front: SRAM Rival eTap AXS Gir bak: SRAM Rival eTap AXS 12 speed Kassett: SRAM Rival, 12-speed, 10-36T 10-11-12-13-15-17-19-21-24-28-32-36T Krank: SRAM Rival med Power Meter Krankdrev: 48/35T Kranklager: SRAM DUB BSA 68 Hjul: Roval Rapide C38, profil 38mm, 21mm internal Satt opp tubeless på Continental Grand Prix 5000 som har rulla 400km Vis hele beskrivelsen NB: Knappen for å vise hele beskrivelsen har kun en visuell effekt.","2611 Lillehammer"
"436462520","https://www.finn.no/recommerce/forsale/item/436462520","2026-03-02T15:40:02.892Z","Bianchi Oltre XR3 Ultegra 2018, størrelse 57 cm","25000","Godt brukt - Synlig brukt","Bianchi","Unisex","Landevei","Bianchi","Oltre XR3 Ultegra","2018","57cm","700c","Shimano Ultegra","true","false","false","Jeg selger min Bianchi Oltre XR3 Ultegra fra 2018. Sykkelen er godt vedlikeholt og har ingen feil eller mangler. En allrounder som funker like bra til flatt terreng, lange klatringer og hissige utforkjøringer. Sykkelen er original som den kom levert, med unntak av nye dekk fra Veloflex, og nye bremseklosser. Her får du det beste av italiensk tradisjon og innovasjon. Jeg kjøpte sykkelen pent brukt i 2024, og har selv kun syklet rundt 2200 km på den. Jeg selger den pga setetpinnen er 0.5 cm for kort for meg (jeg er 189 cm). Sykkelen er størrelse 57cm. Pedaler følger ikke med.","7015 Trondheim"
"446076939","https://www.finn.no/recommerce/forsale/item/446076939","2026-03-02T15:40:04.539Z","Trek Émonda SLR 7","55000","Som ny - Ikke synlig brukt","Trek","Unisex","Landevei","Trek","Émonda SLR 7","","60","","Shimano Ultegra Di2","true","false","true","Sjelden mulighet til å skaffe seg en strøken Trek Émonda SLR 7 – kun 4 eksemplarer ble tatt inn i denne fargen til Norge! Rammestørrelse 60. Sykkelen er lakkbehandlet med kermaisk coating for å bevare den flotte fargen på rammen. Ny pris på sykkelen er over 140 000kr med felgene som medfølger. Følger med Shimano Ultegra DI2 (automatisk giring) noe bruksmerker finner du. Kan kjøres med opp til 36mm cx dekk. (Splitter ny service på sykkel verdi 8000kr) Forbehold om feil i annonsen. Send melding hvis du lurer på noe :) Vis hele beskrivelsen NB: Knappen for å vise hele beskrivelsen har kun en visuell effekt.","3044 Drammen"
"446046015","https://www.finn.no/recommerce/forsale/item/446046015","2026-03-02T15:40:06.042Z","Cube Aerium C68X - AXS - Black Inc","40000","Pent brukt - I god stand","Cube","Unisex","Landevei","Cube","Aerium C68X","","S","","SRAM Red AXS","true","true","true","Selger min Cube Aerium C68X str S. Kan selges som rammesett eller komplett sykkel med Sram force D1 eller Sram Red E1 Hjulsett: Black INC Zero Platehjul - 28 mm GP5000 Tubeless Black Inc Three - 25 mm GP50000 Tubeless pris avhenging av hva du vil ha av deler eller som komplett sykkel","4022 Stavanger"
"383341276","https://www.finn.no/recommerce/forsale/item/383341276","2026-03-02T15:40:07.711Z","Colnago C64","22000","Godt brukt - Synlig brukt","","","Landevei","Colnago","C64","2018","50s","","Campagnolo Record","true","false","false","Colnago C64 från 2018 i storlek 50s, motsvarar ca 54 eller Medium. Campagnolo Record 11-delat. 52/36 och 11-29. Campagnolo Shamal hjul. FSA kolfiber styre, 40 cm och stam, 100 mm. Finns i Sverige men kan levereras mellan Oslo och Töcksfors.","1870 Ørje"
"436803757","https://www.finn.no/recommerce/forsale/item/436803757","2026-03-02T15:40:10.862Z","Giant TCR landeveissykkel","7000","Pent brukt - I god stand","Giant","Unisex","Landevei","Giant","TCR","","S","","Shimano Ultegra","false","false","false","Giant TCR landeveissykkel med Shimano Ultegra utstyr selges. Størrelse S. Lite brukt i forhold til alder, og har vært lagret inne. Det er montert helt nye dekk + slange både fremme og bake. Følger også med helt nytt bakdekk som er beregnet for bruk på sykkelrulle. Selges på grunn av at jeg har kjøpt terrengsykkel og med to små barn er det begrenset tid til sykling😊","8050 Tverlandet"
"437085283","https://www.finn.no/recommerce/forsale/item/437085283","2026-03-02T15:40:12.477Z","Dare VA-FO med WATT krank","","Pent brukt - I god stand","","Unisex","Landevei","Dare","VA-FO","","Small","700c","Shimano Ultegra Di2 12-speed","true","true","true","Selger min Dare VA-FO Ritt sykkel for overgang til ny sykkel for neste sesong, sykkelen ble kjøpt helt ny desember i fjor. Sykkelen har vært knekt på Over røret, men det er Reparert å lakkert opp igjen. Når sykkelen blir knekt å senere reparert så blir rammen sterkere på det stedet den knakk enn det den har vært før, så er ingenting å være redd for at den har vært knekt, sykkelen er fremdeles god som ny. Om det er ønskelig kan jeg ordne kvittering for reparasjonen. 😊 Sykkelen er en størrelse small, å jeg er 181 høy, passer rytter i området 180cm + - slik den er satt opp nå. Styre bredden er 380mm å stem er 130mm. Videre er sykkelen utstyrt med Shimano ultegra di2 12 -speed gruppe sett, å jeg har satt på en Shimano Dura-ace Wattkrank (54-40) som har watt på begge sider som sørger for bedre å jevnere watt målinger. kan sette på orginalkrank om det er ønskelig (52-40) uten da watt. Både watt krank og orginal krank er 172,5mm. Sykkelen har også DT Swiss 1400 karbon hjul med 240 nav, disse er satt opp tubeless med 28mm GP 5000 All season dekk. Ny pris på en slik sykkel ligger på 74 490kr det er uten watt måler. Dette er en ekstremt Stiv og god sykkel å sykle på å ikke minst Rask, å den Samme sykkelen som Uno-X kjørte på i Tour de France i 2024. Bare å sende mld vis det er noe du lurer på. 😊 Vis hele beskrivelsen NB: Knappen for å vise hele beskrivelsen har kun en visuell effekt.","3520 Jevnaker"
"371966487","https://www.finn.no/recommerce/forsale/item/371966487","2026-03-02T15:40:13.962Z","Retro Peugeot racersykkel. (Samleobjekt)","5000","Pent brukt - I god stand","","","Landevei","Peugeot","","","","","","false","false","false","Fin Peugeot racersykkel fra 80 tallet. Veldig lett, nye dekk.","0167 Oslo"
"433305164","https://www.finn.no/recommerce/forsale/item/433305164","2026-03-02T15:40:16.116Z","DeRosa SK Pinifarina","29500","Pent brukt - I god stand","DBS","Herre","Landevei","De Rosa","SK Pininfarina","","56cm","","Campagnolo Super Record EPS","false","true","true","Velholdt og sjelden sykkel vurderes solgt pga lite brukt. Full spec Campagnolo SuperRekord ! Sykkelen har 56cm ramme og passer ryttere fra 180-195cm. Tilpasset meg på 184cm nå med ZIP Aero karbon styre/stem. Full komplett Campagnolo SuperRekord EPS gir / gruppe. 36/53 krank m/175mm armer. Campagnolo Bora karbon hjul med nye Conti 5000 dekk. DeRosa Selle karbon sete. Oppgradert til nytt mod 4 forsterket batteri 2024. Mod 3 batteri har vært en svakhet på Campagnolo EPS. Org.styre medfølger.","2611 Lillehammer"
"427038004","https://www.finn.no/recommerce/forsale/item/427038004","2026-03-02T15:40:17.786Z","Vipera r888","7000","Pent brukt - I god stand","","Unisex","Landevei","Vipera","R888","","","700c","Shimano Ultegra","true","false","false","Selger min Vipera r888 da den er blitt for liten for meg. Passer person 160-170cm. Bygget av innehaver av spinn i Sandnes. Full karbon sykkel med Selle Italia sete. 10 delt ultegra gruppe sett. Ultegra bremsesystem. Mavic KSYRIUM ELITE hjul. Veier rett under 8kg. Grundig vasket etter bruk og alltid stått inne. Selges uten pedaler. Ta kontakt for mer informasjon☺️","4055 Sola"
"436913286","https://www.finn.no/recommerce/forsale/item/436913286","2026-03-02T15:40:19.313Z","Scott Addict RC 15 2024 | Ultegra Di2 12s | Carbon Syncros hjul","45000","Som ny - Ikke synlig brukt","Scott","Unisex","Landevei","Scott","Addict RC 15","2024","M (54)","700c","Shimano Ultegra Di2 12s","true","true","true","Selger min Scott Addict RC 15 fra 2024, en toppmodell racer med premium komponenter, perfekt for både trening og konkurranse. Spesifikasjoner: Rammestørrelse: M (54) Gir: Shimano Ultegra Di2 12s Krank: Shimano Ultegra 52-36 Kassett: Shimano Ultegra 11-30 Hjul: Syncros Capital 1.0 35mm karbon Tilbehør: Selges med Di2-lader Sykkelen er i nesten ny stand, godt vedlikeholdt og klar til bruk. Perfekt for deg som vil ha en lett, stiv og rask landeveissykkel med elektronisk giring og høy kvalitet karbonhjul.","5122 Morvik"
"445855551","https://www.finn.no/recommerce/forsale/item/445855551","2026-03-02T15:40:20.825Z","Endurace CF 7","20000","Som ny - Ikke synlig brukt","Canyon","","Landevei","Canyon","Endurace CF 7","","","","","true","false","false","Ønsker å kjøpe denne sykkelen i XS eller S","6264 Tennfjord"
"437033779","https://www.finn.no/recommerce/forsale/item/437033779","2026-03-02T15:40:22.565Z","Ridley Fenix 7500 Aluminium","6000","Pent brukt - I god stand","","","Landevei","Ridley","Fenix 7500","","","","","false","false","false","Ridley Fenix 7500 landeveisykkel. Aluminiumsramme","3530 Røyse"
"420394045","https://www.finn.no/recommerce/forsale/item/420394045","2026-03-02T15:40:24.223Z","Specialized Venge Pro Race str 61","25000","Pent brukt - I god stand","Specialized","Herre","Landevei","Specialized","Venge Pro Race","2015","61cm","700c","Shimano Ultegra","true","true","false","Specialized Venge Pro Race selges i god stand. Den har rullet rullet cirka 500 mil totalt. Størrelse er 61 cm. Det er en 2015 mod., men ble kjøpt som ny på Foss sport i juli 2016. Har kvittering hvis ønskelig. Sykkelen har fått jevnlig service og vasket manuelt. Den har kun blitt lagret innendørs. Sykkelen har full 11-delt Shimano Ultegra girgruppe (52/36 krank med 11-28 kassett) og Shimano Ultegra bremser, Roval CL60 carbon clincher hjulsett og topp komponenter i alle ledd. Sykkelen har et veldig behagelig og godt styret/Wingbar. Sykkelen passer personer på rundt 190cm avhengig av beinlengde. Hjulsettet alene kostet ca 16.000 kr. Hjulbelastningen er på 120 kg. Stemet er 100mm. Høyde fra senter krank til topp sete er cirka 83cm og da er setepinne cirka på 80% av total høyden sin. Garmin Edge 520 kan medfølge. Pedaler medfølger ikke. Bare å ta kontakt ved spørsmål. Selges til prisantydning eller høyeste bud. Skambud besvares ikke. Kan ses i Oslo eller Arendal. Vis hele beskrivelsen NB: Knappen for å vise hele beskrivelsen har kun en visuell effekt.","0367 Oslo"
"427002155","https://www.finn.no/recommerce/forsale/item/427002155","2026-03-02T15:40:25.823Z","Vipera Venus C7 HM Carbon","6000","Pent brukt - I god stand","","Unisex","Landevei","Vipera","Venus C7 HM Carbon","","51","700c","Shimano Ultegra","true","false","false","Lett og god landeveissykkel selges grunnet lite bruk🚲 Rammestørrelse 51, men med noen specs som er lagt på av tidligere eier som gjør at den passer til flere, blant annet styrestem og setepinnen. Jeg er 190cm og den passer meg fint. Pris kan diskuteres ved rask handel. - Specialized styrestem - 4ZA Stratos setepinne - Shimano Ultegra girsystem - Shimano Ultegra bremser - To gode hjul som er byttet slange nylig (en denne sesongen, en forrige sesong hvor jeg byttet hele hjulet) - Kun to sykkelturer denne sesongen - Gjennomført liten service og bytte av en del på ReSport Hamar før sesongen i år - Gjennomført større service og vask på ReSport Hamar mot slutten av forrige sesong - Lett drikkeflaskeholder medfølger Sykkelsko i størrelse 44 (hvite) kan medfølge👟 Selges som den er. Kan bistå med levering i Ringsaker og omegn. Vipera Race 7 Vipera Venus C7 Carbon Vis hele beskrivelsen NB: Knappen for å vise hele beskrivelsen har kun en visuell effekt.","2380 Brumunddal"
"445801192","https://www.finn.no/recommerce/forsale/item/445801192","2026-03-02T15:40:27.422Z","Canyon Endurance CF 7 - strl XXS","22000","Pent brukt - I god stand","Canyon","Unisex","Landevei","Canyon","Endurance CF 7","2024","XXS","","","true","false","false","Canyon landevei sykkel av typen Endurance CF 7 vurderes solgt. Kjøpt i 2024 fra Canyon. Den passer til sykling på asfalt og er egnet for både trening og transport. Strl XXS, 158-164cm, jeg er 163 høy og den passer bra til meg. Syklet mest på rulle, ett par turer på asfalt. Brukt totalt mellom 700-1000km Ny pris 25 000, selges for 20 000 ved raskt kjøp. Klikkpedaler av typen Look kan følge med. 2 x flaskeholdere (1 hvit og 1 svart) kan følge med mot et tillegg Har også Oakley Hjelm og sykkelsko som kan følge med.","2450 Rena"
"433409894","https://www.finn.no/recommerce/forsale/item/433409894","2026-03-02T15:40:29.012Z","Scott Addict rc15 23/24 str 58","41000","Pent brukt - I god stand","","","Landevei","Scott","Addict RC 15","2023","58","","Shimano Ultegra Di2","true","true","true","Svært pent brukt Scott Addict rc 15 i størelse 58 selges grunnet lite bruk. Sykkelen er helt strøken, og ser ny ut. Kasett er byttet, og kjedet er helt nytt. Hjulene er nesten ubrukte. Scott Addict er den perfekte allroundsykkelen, perfekt til klatring av fjellpass, men også til flate turer med høy fart. Addict 15 er svært godt utstyr, men ramme og hjul i karbon. Samt den aller nyeste versjonen av 12 delt shimano ultegra di2. Sykkelen har en Nypris på kr 81 000. Pedaler medfølger ikke (pedalene på bildet er til terrengsykkel, og er kun satt på i forbindelse med vask. Sykkelen er som skrevet godt vedlikeholdt, vasket og smurt etter hver tur. Slitedeler er også byttet, selvom sykkelen er pent brukt. Sykkelen står på Lillehammer, men kan leveres strekningen Lillehammer-Skien-Rauland Søkeord: Landveisykkel Triatlon Scott Addict foil Road bike Vis hele beskrivelsen NB: Knappen for å vise hele beskrivelsen har kun en visuell effekt.","2608 Lillehammer"
"445751855","https://www.finn.no/recommerce/forsale/item/445751855","2026-03-02T15:40:30.627Z","Scott Contessa Solace 25","8000","Pent brukt - I god stand","Scott","Dame","Landevei","Scott","Contessa Solace 25","","","","Shimano 105","true","false","false","Selger en flott og velholdt Scott Contessa Solace 25. Denne modellen har endurance/comfort-geometri som gir en mer oppreist og behagelig sittestilling på langtur. Lite brukt, mye sykkel for pengene. Byttet til Shimano RD-R540 pedaler, men følger med ISSI-pedaler. Kan også følges med nesten helt nye sko i str 38/39 og hjelm. Passer meg som er 165 cm. Småsår på den ene siden (vedlagt bilde). Specs. Scott solace HMF karbonramme med IMP-teknologi - lett og komfortabel for lange tirer. Karbon forgaffel med komfortgeometrk. Sjimano 105 22-speed mekanisk girsystem. Kranksett: Shimano FC-RS500 kompakt (50-34) Kassett: Shimano 105 CS-5800 11-32T Bremser: Shimano 105 mekaniske felgbremser Syncros komfort-coxkpit for damer Syncros saddle og setepinne Vekt ca. 8,1 kg Vis hele beskrivelsen NB: Knappen for å vise hele beskrivelsen har kun en visuell effekt.","7200 Kyrksæterøra"
"445751439","https://www.finn.no/recommerce/forsale/item/445751439","2026-03-02T15:40:32.105Z","Scott Plasma 10 Di2","24999","Pent brukt - I god stand","Scott","","Landevei","Scott","Plasma 10 Di2","2018","L/56","","Shimano Ultegra Di2","false","false","true","Scott Plasma 10 fra 2018. Temposykkel med Ultegra 11s Di2 og Dura Ace krank. Følger med et av verdens letteste platehjul ( med noen hvite dekaler på den ene siden) Platehjulet alene koster over 40.000 . Størrelse L/56. Føles utrolig raskintilegg er den sjeldent lett til temposykkel å være.","4708 Vennesla"
"436281229","https://www.finn.no/recommerce/forsale/item/436281229","2026-03-02T15:40:34.946Z","Ombygget Kona Cinder Cone selges!","10000","Pent brukt - I god stand","Kona","Unisex","Landevei","Kona","Cinder Cone","1996","","","Shimano","false","false","false","Selger en superkul ombygget Kona da den dessverre blir litt for liten for meg. Anbefalt str er 160-170cm. Selv er jeg 170cm men etter bruk ble det feil belastning. Etter jeg kjøpte den var det montert feil girkasse, dette er nå fikset hos Birk Hillevåg. En utrolig kul bygd sykkel som jeg kunne ønske jeg kunne ta videre. Brukt til og fra jobb i tre måneder. Vasket og klar for ny eier. Montert på bagasjebrett og skjermer. Info fra han som bygget den: Selger et smykke av en Kona Cinder Cone fra 1996! Bygd om til gravel, med bukkestyre og nyere Shimano drivverk. Nybygd i vinter, og kun vært på prøvetur etter dette","4017 Stavanger"
"352899262","https://www.finn.no/recommerce/forsale/item/352899262","2026-03-02T15:40:36.636Z","Scott Addict RC str 54","35000","Helt ny - Uåpnet/med lapp","Scott","","Landevei","Scott","Addict RC 40","","54","700c","Shimano 105 Di2","true","false","true","Landeveissykkel i toppklasse med HMX karbonramme og trådløs elektrisk gir. Shimano hydrauliske skivebremser. Syncros RP2.0 disc hjulsett. Schwalbe ONE Race-Guard dekk. Full intern kabelføring. Vekt: ca. 8,1 kg. Den helt nye Scott Addict RC 40 gir deg alle konkurransefortrinnene du noen gang har drømt om. Fullt integrerte kabler og race-klare spesifikasjoner kombineres for å gi deg verktøyet til trening og ritt. Kombinasjonen med nye Addict RC rammen og Shimano 105 Di2 elektronisk girskftning, gir deg her ett råskinn av en sykkel til en fornuftig pris. Høydepunkter: - Smidig og lett Addict RC Disc HMX karbonramme - Shimano 105 Di2 24-speed elektronisk girsystem - Kraftige hydrauliske skivebremser fra Shimano - Schwalbe ONE Race-Guard Tires - Full intern kabelføring Lett, rask og klar til å bli lagt merke til. Den helt nye Addict RC 40 gir deg alle konkurransefortrinnene du noen gang har drømt om. Fullt integrerte kabler og race-klare spesifikasjoner kombinert for å kunne gi deg verktøyet til å sprint i mål på fjelltoppen eller vinne ditt lokale sykkelritt. Her er det ingen synlige kabler, som gir ett lekkert utsende og optimale aero-egenskaper. Med integrering av alle kabler samt ett helt nytt rammedesign, setter Scott nok en gang ny standard i markedet. Addict RC 40 har HMX-Karbonramme. HMX er en fiberblanding brukt av SCOTT, og er 20 prosent stivere enn HMF-motstykket med samme vekt. Dette unike materialet lar SCOTT-ingeniørene lage lette sykler med utmerkede egenskaper. Kostnaden for HMX er imidlertid tre ganger prisen for HMF, og er derfor forbeholdt high-end RC-rammer. Syncros RP2.0 Disc hjulsett med Syncros thru-axle plug-in er lette, har en meget god stivhet og holdbarhet. Shimano 105 Di2 24-speed Electronic Shift System drivlinje gir sikker og presis girskftning og Shimano hydrauliske skivebremser sikrer nedbremsing. Her får du en smidig og racingklar sykkel som gir mye for pengene. HOVEDKOMPONENTER - Ramme: Addict RC Disc HMX Road Race geometry / Replaceable Derailleur Hanger, Internal cable routing - Gaffel: Addict RC HMX Flatmount Disc 1 1/4""-1 1/2"" Eccentric Carbon steerer - Bremser: Shimano BR-R7170 Hyd.Disc - Felger: Syncros RP2.0 Disc 28 Front / 28 Rear, Syncros Axle / Removable Lever with Tool - Dekk: Schwalbe ONE Race-Guard Fold 700x28C - Sete: Syncros Belcarra Regular 2.0 - Setepinne: Syncros Duncan 1.0 Aero - Størrelser: S52, M54, L56, XL58 - Vekt: Ca. 8, 1 kg DRIVVERK - Antall gir: 2x12-speed (24 gir) - Fremre girskifter: Shimano 105 Di2 FD-R7150 - Bakre girskifter: Shimano 105 Di2 RD-R7150 24 Speed Electronic Shift System - Girhendel: Shimano 105 Di2 ST-R7170 24 Speed Electronic Shift System - Kassett: Shimano CS-R7100 11-34 - Krank/kranklager: Shimano 105 FC-R7100 Hollowtech II 50x34 T - Kjede: Shimano CN-M6100-12 COCKPIT - Styre: Syncros Creston 2.0 Compact Alloy - Stem: Syncros RR 1.5 1 1/4"" Vis hele beskrivelsen NB: Knappen for å vise hele beskrivelsen har kun en visuell effekt.","1591 Sperrebotn"
"322572682","https://www.finn.no/recommerce/forsale/item/322572682","2026-03-02T15:40:38.372Z","Sjelden Monark","6000","","","","Landevei","Monark","","","","","Campagnolo","false","false","false","Monark selges! 1eiers sykkel som har stått urørt i 20år, med alle de riktige delene. Campagnolo, Ideale, MAFAC mm.","7030 Trondheim"
"432352788","https://www.finn.no/recommerce/forsale/item/432352788","2026-03-02T15:40:39.991Z","Cannondale XR800","13999","Pent brukt - I god stand","Cannondale","Herre","Landevei","Cannondale","XR800","","","","Shimano 105","false","false","false","Pent brukt Cannondale XR800. Stått i garasjen de siste årene uten å bli brukt. Vintage sykkel, perfekt som bysykkel, pendle sykkel eller til landeveissykling. Shimano 105 Dekkene må bytte - ekstra par følger med.","1823 Knapstad"
"267863578","https://www.finn.no/recommerce/forsale/item/267863578","2026-03-02T15:40:41.529Z","Vipera Race 9.5 Large","10000","Pent brukt - I god stand","","Herre","Landevei","Vipera","Race 9.5","","L","","Shimano Dura Ace","false","false","false","Strøken sykkel som har stått ubrukt i flere år. Gruppesett er eldre 2-delt Dura Ace, men lite slitasje da det er byttet til 11-32 kassett bak og nytt kjede for lettere gir i oppoverbakkene. Supert for de som ønsker en premium treningssykkel! Setepinne er kappet til benlengde 85cm (innside ben). Ramme er str. L som passer 180+ personer. Er du mellom 185-190 vil trolig setepinnen være godt tilpasset allerede. Hjulsett Mavic Cosmic SL med Continental Ultra Race dekk. Flaskeholdere og Ultegrapedaler følger med, men sete blir byttet ut før salg. Sykkelen står i Sandefjord.","3222 Sandefjord"
"416937615","https://www.finn.no/recommerce/forsale/item/416937615","2026-03-02T15:40:43.355Z","Meget pen karbonracer: Isaac Boson DISC SRAM RED FFWD karbon hjul S","23999","Pent brukt - I god stand","Andre merker","","Landevei","Isaac","Boson Disc","","S","","SRAM Red","true","true","false","Meget pen karbonracer: Isaac Boson DISC SRAM RED FFWD karbon hjul S Str. S, passer rytter opptil lav 170 tallet. Kjempelett og rask sykkel. Brukt av kvinnlig syklist. Girgruppen er fra øverste hylle og blant det letteste på markedet, SRAM RED, en girgruppe med skyhøy pris, en type gruppe som ble brukt av div. proffteam for å oppnå de beste resultater. Kan sammenlignes med Shimano Dura Ace Oppgradert med FFWD karbon hjulsett i meget god stand, temmelig nye dekk også. Nypris hjulsett er ikke mye under prisforlangende for hele sykkelen. Sykkelen har ellers alt original fra Isaac, som sete stem styre er . Kompakt utveksling, som passer også meget godt til fjelletapper. Meget pen sykkel, med noen få nesten usynlige bruksmerker. Kan sendes, evt levers div steder i Norge Lavere pris uten hjul kan vurderes. Ikke interessert i rent hjulsalg før sykkelen evt. er solgt hvis det skulle bli salg uten hjul Vis hele beskrivelsen NB: Knappen for å vise hele beskrivelsen har kun en visuell effekt.","6433 Hustad"
"432590362","https://www.finn.no/recommerce/forsale/item/432590362","2026-03-02T15:40:44.941Z","PENT BRUKT SCOTT SPEEDSTER 40 LANDEVEISSYKKEL SELGES","5500","Pent brukt - I god stand","Scott","Herre","Landevei","Scott","Speedster 40","","Large","700c","Shimano Tiagra/Sora","false","false","false","Selger en solid og komfortabel racersykkel i topp stand! ✅ Lite brukt, godt vedlikeholdt og alltid lagret innendørs. ✅ Aluminiumramme (Large), karbon-gaffel, Shimano Tiagra/Sora 18 gir, Syncros hjulsett. Perfekt for trening, tur eller en sporty helg! Følger med baklys. NB: Bakdekket har fått punktering, og slangen er byttet. Jeg har ikke en ordentlig Presta-pumpe, så dekket er ikke testet eller pumpet opp ennå. Slangen må kanskje byttes på nytt, men en ny slange følger med.","0379 Oslo"
"436730461","https://www.finn.no/recommerce/forsale/item/436730461","2026-03-02T15:40:46.584Z","SCULTURA ENDURANCE 4000 M","24000","Pent brukt - I god stand","Merida","Herre","Landevei","Merida","Scultura Endurance 4000","","M / 51cm","","","false","false","false","Str. Medium / 51 cm. Kun trillet 540 km i pent vær. Flaskerholdre følger med. Sykkelen er lagret innendørs hele året. Den fremstår som pen og lite brukt. Ingen feil eller mangler. Selges fordi den ikke ble brukt. Pedaler kan kjøpes separat, Shimano SPD-SL PD-R8000. Kr. 1000,-","7023 Trondheim"
"445588419","https://www.finn.no/recommerce/forsale/item/445588419","2026-03-02T15:40:48.221Z","Scott Addict SL med wattmåler selges","18000","Pent brukt - I god stand","Scott","Herre","Landevei","Scott","Addict SL","","S (52)","","SRAM Red","true","true","false","Verdens letteste standardsykkel? Mener den var under 6kg før pedaler og flaskeholdere. Oppgradert med Quarq wattmålerkrank(dobbelsidig måling) fra 2020. Oginalt Scottsadel følger med. Karbonhjul(Syncros ogDt swiss) og SRAM Red overalt. Desverre var den i en velt og fikk en skade på den ene kjedestaget. Dette er utmerket fikset av karbondoktor Otto Jaeger. Denne har hengt inne i kjelleren de siste 4-5 årene og ikke vært brukt pga familiesituasjon. Jeg er litt usikker på årsmodell, men mener det er 2014/2015. Størrelse er Small(52). Jeg er 177 og trives best på en litt mindre sykkel. Ta kontakt for mer info.","7036 Trondheim"
"426801994","https://www.finn.no/recommerce/forsale/item/426801994","2026-03-02T15:40:49.961Z","Eddy Merckx","9500","Pent brukt - I god stand","","Herre","Landevei","Eddy Merckx","Elite","","56cm","700c","Shimano Ultegra","false","true","false","En klassik og rask temposykkel fra legendariske Eddy Merckx. Sykkelen er bygget på en lett og stiv aluminiumramme.Her er en ypperlig mulighet for deg som vil han en unik sykkel.Aerodinamiske platehjul i helkarbon som gir en fantastisk fartfølelse og respons. Specs. Ramme Eddy Merckx Elite. str 56 cm ( Aluminium 7002 Special Extralight ) Bakhjul Helkarbonplatehjul 700c Girgruppe. Shimano Ultegra 9. Bremser Shimano Ultegra Kranksett. Shimano Ultegra. Styre. Mavic bullhorn/ tempohorn. Hjulstr.700 c Look klikkpedaler. Brukt kun på sykkelrulle i det siste.","9845 Tana"
"445514029","https://www.finn.no/recommerce/forsale/item/445514029","2026-03-02T15:40:51.523Z","Cannondale Supersix Evo 3 (2024) - størrelse 56","39000","Pent brukt - I god stand","Cannondale","Unisex","Landevei","Cannondale","Supersix Evo 3","2024","56","700c","Shimano 105 Di2","true","true","true","2024 modell med gjenget krankhus for enklere vedlikehold, mer sømløs integrering av kabler gjennom styre og stem, og litt mer komfort enn tidligere utgaver. Det er å plass til 34mm brede dekk. Sikkert 35mm hvis man vil.. Integrert løsning for computer og frontlys eller gopro. - Shimano 105 di2 elektrisk gir med siste oppdateringer - Zipp 303s karbon hjulsett - Størrelse 56 Pent brukt siden sommeren 2024 da den ble kjøpt ny, og jevnlig vedlikeholdt. Helt nytt og ubrukt kjede er montert. Sykkelen har rullet omtrent 2600km. Kvittering og all garantidokumentasjon følger med. Selges uten pedaler, med slanger i dekkene. Kan selges med standard aluminiumshjul til lavere pris. Landevei landeveissykkel racer racersykkel karbonhjul","0755 Oslo"
"272508184","https://www.finn.no/recommerce/forsale/item/272508184","2026-03-02T15:40:53.178Z","COLNAGO c40 racingsykkel","15000","Pent brukt - I god stand","","","Landevei","Colnago","C40","","59cm","","","true","false","false","Meget fint brukt racingsykkel. Lagret inne. Herresykkel. Rammestørrelse 59 cm. 130mm stem. https://www.thewashingmachinepost.net/colnago/c40/index.html Kan leveres i stavangerområdet, eller hentes selv på Hundvåg.","4085 Hundvåg"
"445178762","https://www.finn.no/recommerce/forsale/item/445178762","2026-03-02T15:40:54.766Z","Landeveisykel","6000","Pent brukt - I god stand","Merida","Herre","Landevei","Merida","Ride 93","2014","M/L (52/54)","700c","Shimano Tiagra","false","false","false","Til salgs: Merida Ride 93 (2014) – Endurance landeveissykkel Velholdt landeveissykkel med aluminiumsramme og karbon gaffel. Utstyrt med Shimano Tiagra 2x10 gir, felgbremser og originale 700c hjul. Lett og komfortabel – ideell for langdistanse og pendling Ca. 9,4 kg Ramme: M/L (52/54) Passer for personer som er omtrent 175–185 cm høye.","4014 Stavanger"
"396832101","https://www.finn.no/recommerce/forsale/item/396832101","2026-03-02T15:40:56.235Z","Før pris 28k. Pris kan diskuteres. Trygg Handel !","17999","Pent brukt - I god stand","","Unisex","Landevei","","","","","","Shimano","false","false","false","Les hele annonsen ! Tror den lå ny på 29/28k. Selges for 25999 ,- Men siden det er vinter går prisen ned. 17999,- (helst fysisk handel) På grunn av plass mangel. Selger jeg derfor denne pene sykkelen. Litt info: - Pris kan diskuteres litt - Får med pedaler ved kjapp handel. - tubeless reddy dekk - shimano gir og bremsesystem - skivebremse system - Mange gir osv, men dette kan ses på når man prøver sykkel. - Stått lagret i bod. Si fra så kan vi møtes slik at du får prøvd og sett på sykkelen, men da må du ordne med noe forsikringer. (At det blir lagt igjen en form for identitet med bilde og bytte av verdigjenstand + en enkel avtale signatur på at du prøver sykkelen) Dette gjøres på 5 min slik at det blir greit for begge parter. Sykkelen er grå som vist på de siste bildene. De bildene som vises med brunt sete og skin reim og beige dekk følger ikke med sykkelen. FYI, er man interessert i akkurat den look’en ? Er det ganske enkelt og rimelig og kjøpe de delen til den. Det er snakk om en tusen lapp ekstra på en sykkel som er brukt kun en hold full ganger og en pris som er kraftig redusert. Vis hele beskrivelsen NB: Knappen for å vise hele beskrivelsen har kun en visuell effekt.","0476 Oslo"
"426748824","https://www.finn.no/recommerce/forsale/item/426748824","2026-03-02T15:40:58.322Z","Head Cyclone Landeveissykkel","10000","Pent brukt - I god stand","","","Landevei","Head","Cyclone","","56cm","","","false","false","false","Head Cyclone landeveissykkel Rammestørrelse: 56cm Lett og rask landeveissykkel i svært god og velholdt stand. Aluminiumsramme med karbongaffel","7603 Levanger"
"445154343","https://www.finn.no/recommerce/forsale/item/445154343","2026-03-02T15:40:59.881Z","BMC RoadRacer SL01 - new Shimano 105 set!","15000","Pent brukt - I god stand","","Unisex","Landevei","BMC","RoadRacer SL01","","54","","Shimano 105 R7000","true","false","false","Excellent bike from BMC Model: RoadRacer SL01 Size 54 (recommended for 170 - 183cm) Full carbon frame Original price: 54,000nok Upgraded with complete Shimano 105 R7000 groupset in 2024 (11/34, 172.5 / 35/50, 11 speed) (value 5,000nok) Always stored indoor above 10C. Service performed regularly by professionals in Oslo (Unaas) and Tromsø (Tråkk9000, Bikeriet). Pedals not included. Can be sent in a Canyon Bike Guard box (the box is too large for FixFerdig) - shipping costs covered by the buyer. ------ BMC sykkel med karbonramme. Landveissykkel, pent brukt og godt tatt vare på. Pedaler følger ikke med. Vis hele beskrivelsen NB: Knappen for å vise hele beskrivelsen har kun en visuell effekt.","9104 Kvaløya"
"375820692","https://www.finn.no/recommerce/forsale/item/375820692","2026-03-02T15:41:01.406Z","Landveisykkel i full karbon, veldig pen.","12500","Pent brukt - I god stand","Trek","Unisex","Landevei","Trek","","","54","","Shimano Ultegra","true","false","false","Selger min landeveissykkel i meget god stand. Service ble nett opp utført. Ny kjede og bremseklosser. Absolutt ingen feil eller ulyder i den. Veldig lett og responsiv sykkel som er veldig behagelig å sykle på. Spesifikasjon: - ramme 54 (passer til høyde 172-184 cm), - Shimano Ultegra gir foran, - Shimano Ultegra kassett bak, - Tektro bremser foran og bak, - Shimano pedaler, - Pirelli dekk foran og bak, - vekt ca. 7,5 kg. Sykkelen er oppbevart ALLTID inne når den ikke brukes. Etter 2-4 turer renser jeg kjeden og kassett og smører på nytt med god olje. Sykler aldri i regn været. Sykkelen ble aldri lånt til noen andre. Det er kun meg som bruker den. Jeg hadde flotte turer og er veldig fornøyd med den. Selger fordi jeg har 4 sykler som jeg bruker. Sykkelen kan sees i Grimstad men jeg kan ikke utelukke å få den transportert andre steder i Norge hvis interessert person kan ikke komme. Vis hele beskrivelsen NB: Knappen for å vise hele beskrivelsen har kun en visuell effekt.","4887 Grimstad"
"445382326","https://www.finn.no/recommerce/forsale/item/445382326","2026-03-02T15:41:03.240Z","Giant TCR M/L Advanced 0 Compact 2021","53000","Pent brukt - I god stand","Giant","Herre","Landevei","Giant","TCR Advanced 0 Compact","2021","M/L","700c","Shimano Ultegra","true","false","false","Giant TCR with upgrades!!!! - Upgraded bar from aluminum stock to Zipp aero compact bars. - Two stems to choose from (90 and 110), both Giant oem - Upgraded crankset to Rotor Qrings (52/36) - Dual-sided powermeter from Rotor! - Lightweight carbon outfront cycling computer mount - Can include the wahoo bolt if interested - Conti GP 5000 tires 28/30 set up tubeless - Selle Italia superflow saddle (not currently on the bike but will be sold with instead of the fizik (I need to keep the fizik :)) Bike came with Ultegra mechanical groupset, I have waxed the chain with Silca wax recently. It also has a new bb and rear brake disc from Chapeau Sandnes (r.i.p.) There is a small blemish close to the rear mech from putting the bike on the trainer but it has no structural impact. Did my best to picture it :) I am selling this to get a bike that fits me better ( I am built like a t-rex with short arms), should have got a bike fit before buys this bad boy. Either way, my loss your gain. Vis hele beskrivelsen NB: Knappen for å vise hele beskrivelsen har kun en visuell effekt.","4318 Sandnes"
"426621564","https://www.finn.no/recommerce/forsale/item/426621564","2026-03-02T15:41:04.824Z","Kjempetilbud på Ridley fenix SL med shimano di2 elektronisk gir","18000","Pent brukt - I god stand","","Unisex","Landevei","Ridley","Fenix SL","","","","Shimano Di2","false","false","true","Selges da den ikke ble brukt så mye som tenkt og det ble knapt med tid i hverdagen. Er så god som ny og har aldri vært i velt eller liknende. Det er ikke sete på bildene som medfølger. Kan få med 2 seter. Er ute til en billig pris nå for jeg vil kvitte meg med den til sesongen. Om den ikke forsvinner til mars så setter jeg prisen opp igjen og den vil være på godt over 20 000,-","4103 Jørpeland"
"436052126","https://www.finn.no/recommerce/forsale/item/436052126","2026-03-02T15:41:06.455Z","Specialized Crux CX, 58 cm Landeveisykkel.","18000","Pent brukt - I god stand","Specialized","Herre","Landevei","Specialized","Crux CX","","58 cm","","","false","false","false","Specialized, Crux CX landevei sykkel. Sykkelen har en lett ramme på 58 cm og passer for syklister på ca. 180 - 190 cm. Den er svært lite brukt og har klikk pedaler påmontert. Følger med en verktøykasse med et utvalg av både standard og spesialverktøy, samt noen reservedeler. Det følger også med en solid boks med et utvalg rensemidler og smøremidler.","4034 Stavanger"
"353203730","https://www.finn.no/recommerce/forsale/item/353203730","2026-03-02T15:41:07.983Z","W Evans touring bicycle (sykkel)","9500","Pent brukt - I god stand","","","Landevei","F W Evans","Touring Bicycle","","58cm","27""","Shimano 500","false","false","false","F W Evans (engelsk) håndlaget tursykkel med stor ramme og hjul. Kevlar dekk, stor bredde i gir utveksling som passer all slags terreng, lite brukt, ingen rust. Kvalitetstursykkel. Litt mer informasjon på engelsk: Reynolds handmade frame (58 cm downtube from saddle to crank) Kevlar tires 32-630 (27 X 1 1/4 inches) 4 X Campagnolo quick-release Shimano 500 derailleur 10 gears, shifters on frame, wide touring range baggage racks front and rear This handmade English touring bike has been stored inside for 30+ years, and is rust-free.. It has been used on one ten-day tour in England plus one summer’s limited use in Oslo. It is being offered for sale only due to original owner’s age. FIts best for rider with long legs, due to frame/wheel size. Set of five durable well-designed storage bags available as well. They are quickly hooked onto the bagge racks and are held stable by springs. They may be zippered together and carried as two bags. F W Evans touring bicycle Kr. 9.500 Vis hele beskrivelsen NB: Knappen for å vise hele beskrivelsen har kun en visuell effekt.","1160 Oslo"
"414524142","https://www.finn.no/recommerce/forsale/item/414524142","2026-03-02T15:41:09.526Z","DARE TSRf temposykkel","35000","Pent brukt - I god stand","","Herre","Landevei","DARE","TSRf","2019","57.5cm/XL","","Shimano Ultegra Di2","false","false","true","Bud mottatt! Rå DARE TSRf 2019 temposykkel i størrelse 57,5cm/XL selges. Sykkelen har blitt lite brukt, er i veldig fin stand. Med på kjøpet får du også eit superaero Zipp 858 NSW framhjul, og eit HED platehjul. I tillegg medfølger wattpedaler (assioma uno) Er selv en rytter på 1.93. vil si at sykkelen passer fra deg mellom 1.85 og 1.94 cirka. Utstyrt med Ultegra di2 gruppesett. Ønsker å selge den/overlevere den direkte til eier. Kan være behjelpelig med transport i Vestland/Rogalands område.","5430 Bremnes"
"421610851","https://www.finn.no/recommerce/forsale/item/421610851","2026-03-02T15:41:11.163Z","Specialized S-Works Tarmac SL4 56 cm","20000","Pent brukt - I god stand","Specialized","Herre","Landevei","Specialized","S-Works Tarmac SL4","","56cm","","Shimano Dura-Ace Di2","true","true","true","Specialized S-Works Tarmac SL4 56 cm selges med 11 delt Dura-Ace DI2 gruppesett / S-Works krank 53/39T. Roval Rapide CLX 40mm hjulsett. Selges komplett med Speedplay pedaler og flaskeholdere. Montert S-Works Aero styre på sykkel, original styre medfølger.","2066 Jessheim"
"359502695","https://www.finn.no/recommerce/forsale/item/359502695","2026-03-02T15:41:12.762Z","Merida Scultura 904","11500","Godt brukt - Synlig brukt","","","Landevei","Merida","Scultura 904","","56cm","700c","Shimano 105","true","true","false","Størrelse 56 Selges grunnet overgang til ny sykkel. Nytt kjede og kassett i sommer. En veldig god sykkel, passer perfekt for deg som ønsker å teste ut landeveissykling. Ramme i karbon. Tabular R50 karbonhjul følger med. Disse alene koster 10 000 ny. Nye dekk montert i Juni. Ta kontakt ved spørsmål eller ønske om å prøve den. Bottom bracket Shimano Brake levers Shimano 105 Brakes Shimano R561 Cassette Shimano CS-4600-10 12-28 Crankset Shimano R565 50-34 Fork type EG CF lite-S Frame type Scultura Nano Front derailleur Shimano 105 Double Headset BB410 Neck Hub front Fulcrum Hub rear Fulcrum Rear derailleur Shimano 105SS Vis hele beskrivelsen NB: Knappen for å vise hele beskrivelsen har kun en visuell effekt.","7071 Trondheim"
"435378565","https://www.finn.no/recommerce/forsale/item/435378565","2026-03-02T15:41:14.275Z","Trek Madone Project 1 inkl Dura Ace wattmåler Str 54","52000","Pent brukt - I god stand","Trek","Unisex","Landevei","Trek","Madone Project 1","","54","","Shimano Dura-Ace Di2","true","true","true","Selger en meget pent brukt Trek madone P1 med komplett Dura Ace di2 11 delt. Med sykkelen følger det med Dura ace wattmåler, sprintshiftere, speedplay areo pedaler og garmin feste. Hjulene er fra Knight Comopistes med Chris King nav. Sete er 3d printet fra Fizik. Alle lagre og pullywheels er fra Cermaic speed. Sykkelen er 110% mint, men tar en endelig service før overtakelse. Overfladisk lakkskader ved bakhjulet, se bilde samt en avflassing av lakk ved gaffel (liten svakhet fra Trek på denne modellen) Dette kan fikses, men da på ny eiers regning.","0873 Oslo"
"354501756","https://www.finn.no/recommerce/forsale/item/354501756","2026-03-02T15:41:16.017Z","Monoc Vipera Pro","6000","Pent brukt - I god stand","","","Landevei","Monoc","Vipera Pro","","","","Shimano Dura-Ace","false","false","false","Lite brukt Monoc Vipera Pro med full Dura Ace og Macic hjulsett. Denne er lagret tørt og fint innendørs i mange år og er som ny utenom noen få lagrings skraper i lakken. Sykkelen er kun brukt ca 30 mil. Veier 8,3 kg","4070 Randaberg"
"445163679","https://www.finn.no/recommerce/forsale/item/445163679","2026-03-02T15:41:17.700Z","Trek Speed Concept temposykkel / Triathlonsykkel. Størrelse Small","30000","Pent brukt - I god stand","Trek","Unisex","Landevei","Trek","Speed Concept 9.5 WSD","2015","S","","Shimano Ultegra Di2","true","false","true","Trek Speed Concept temposykkel i størrelse Small. Sykkelen har en aerodynamisk ramme i karbonmateriale, Passer for brukere 155 til 170. Dette er en topp sykkel som ble brukt i sykkel-vm i Skottland i 2023. Sykkelen kan også brukes til Triatlon/triathlon. Det følger med 2stk zipp framhjul, et zipp platehjul i tillegg et treningshjulsett fra Bontrager. Shimano 11-delt elektronisk gir. Lader. Justeringsmuligheter med flere ""spacere"" til styret. Aero sykkelflasker. Teknisk informasjon: TREK Speed Concept 9.5 WSD. Triatlon - / Temposykkel 2015 modell. Str. S. Ramme: 600 Series OCLV Carbon. Gaffel: SC full foil Carbon. Girvelgere Shimano Di2 Krankgir Shimano Ultergra Bakgir Shimano Ultegra Krank Shimano Ultegra, 53/39 (double) Kassett Shimano Ultegra, 11-28, 11 speed Sete: Sitero fra Specialized Setepinne Bontrager Speed Concept Styre Bontrager Speed Concept Styresystem Bontrager Speed Concept Bremser Bontrager Speed Concept Limit integrerte bremser. Vis hele beskrivelsen NB: Knappen for å vise hele beskrivelsen har kun en visuell effekt.","3117 Tønsberg"
"445159854","https://www.finn.no/recommerce/forsale/item/445159854","2026-03-02T15:41:19.308Z","Canyon Ultimate CF7 DI2 2025 Medium","35000","Som ny - Ikke synlig brukt","Canyon","Herre","Landevei","Canyon","Ultimate CF7 DI2","2025","Medium","700c","Shimano 105 Di2","true","false","true","Helt strøken Canyon Ultimate CF7 DI2 2025 i Medium selges! Kun rullet 100km ute og 150km inne på rulle da jeg allerede har en annen sykkel jeg foretrekker. Da den er helt strøken uten en eneste ripe i lakken har jeg ikke lagt ved bilder av sykkelen min, men kun den eksakte modellen funnet på Canyon sine nettsider. Bilder kan selvfølgelig fremvises om ønskelig! Rammestørrelsen er Medium Med en nypris på 42.499,- kan du nå spare deg for 7499,- på en helt ny og strøken sykkel! Info om sykkelen: Hjulsett: Swiss P1800 Girsystem: Shimano 105 DI2 (Elektronisk giring) Mer detaljert info fra Canyon sin hjemmeside: - Batteri: Shimano BT-DN300 Di2 - Bakgir: Shimano 105 Di2, vekt 301 g - Framgir: Shimano 105 Di2 FD-R7150, vekt 138 g - Kassett: Shimano 105 R7101 11-34, 12-speed - Krank: Shimano 105 Crankset, 2 drev - Kranklager: Shimano Pressfit BB-RS500 PF86, vekt 81 g - Kjede: Shimano CN-M7100 12-speed - Gir/bremsehendler: Shimano 105 R7170 Di2, vekt 434 g - Bremseskiver: Shimano SM-RT70, 140 mm (134 g) og 160 mm (147 g) Cockpit og komfort: - Styre: CP0048 karbon, justerbare drops, 20 mm høyde, 50 mm bredde, vekt 223 g - Styretape: Canyon Ergospeed Gel, sort - Sete: Selle Italia Model X, bredde 145 mm, unisex, vekt 310 g - Setepinne: Canyon SP0094 CF karbon, setback 10 mm, vekt 118 g Pedaler er ikke inkludert. Kan hentes på Smestad, Oslo. Ta kontakt ved interesse! Søkeord: Canyon, Landevei, Landeveissykkel, Landeveisykkel, Elektrisk giring, Di2, aerosykkel Vis hele beskrivelsen NB: Knappen for å vise hele beskrivelsen har kun en visuell effekt.","0379 Oslo"
"445157218","https://www.finn.no/recommerce/forsale/item/445157218","2026-03-02T15:41:20.762Z","Cube Attain Pro black'n'orange (50cm / S)","8500","Pent brukt - I god stand","Cube","Unisex","Landevei","Cube","Attain Pro","2020","50cm","700c","Shimano Sora R3000","false","false","false","Great bike from Cube with less than 600km biked (mainly indoor on a trainer). Shimano Sora groupset R3000, 9-speed 11-34, 50x34T Size 50cm / S (160 - 172cm) Aluminium frame 6061 3D Flat Mount Disc Brake Dropouts Brake system TRP Spyre MD-C610C, Flat Mount (160/160) Wheelset: CUBE RA 0.8 Aero Disc Tyres: Conti Ultra Sport 2, 28-622 Weight 9,9kg Pedals not included. Always stored indoor above 10C. Service performed regularly by professionals in Tromsø (Tråkk9000). Can be sent in a Canyon Bike Guard box (the box is too large for FixFerdig) - shipping costs covered by the buyer. ------ Veldig lite og pent brukt Cube sykkel. Mest brukt innendørs på sykkelrulle. Oransje og svart landveissykkel. Godt vedlikeholdt / tatt vare på. Pedaler følger ikke med. Kjøpt ny i mai 2020. Vis hele beskrivelsen NB: Knappen for å vise hele beskrivelsen har kun en visuell effekt.","9104 Kvaløya"
"221866058","https://www.finn.no/recommerce/forsale/item/221866058","2026-03-02T15:41:22.413Z","Sport sykkel","8500","Som ny - Ikke synlig brukt","Trek","Dame","Landevei","Trek","","","","","","false","false","false","Ny lovre pris Nest nye, brukte to ganger. Selger pga den sport er ikke for meg.","1825 Tomter"
"445095674","https://www.finn.no/recommerce/forsale/item/445095674","2026-03-02T15:41:24.128Z","Wilier Triestina Cento10SL","42000","Som ny - Ikke synlig brukt","","Unisex","Landevei","Wilier Triestina","Cento10SL","2025","L 54","700c","Shimano 105 Di2","true","true","true","Til salgs: Wilier Cento10SL 105 Di2 – karbonhjul, bike fit og garanti 🚴 ♂️ Jeg selger min Wilier Cento10SL 105 Di2 landeveissykkel i ideell stand. En rask og moderne racersykkel med elektroniske gir, oppgraderte karbonhjul, profesjonell bike fit og gjeldende garantier. 📌 Spesifikasjoner: • Modell: Wilier Cento10SL • Type: Landeveissykkel / racersykkel • Ramme: Karbon (Cento10SL) • Gir: Shimano 105 Di2 – elektronisk, 12-delt • Bremser: Shimano 105 hydrauliske skivebremser • Kabler: Fullt integrert kabelføring 🔥 Oppgraderinger: • Unaas 50 LTD Disc 2025 karbonhjul • 50 mm felghøyde – svært aerodynamiske og raske • Tubeless Ready • Karbon flaskestativ(er) – lette og stilrene • Bike fit utført for rytter på 178 cm høyde • Optimal sittestilling for komfort og effektivitet • Lett å justere for ny eier 🛠️ Tilstand og historikk: • Kjøpt ny: April 2025 • Rammegaranti: Gyldig til april 2030 • Garanti / service hos forhandler: Gyldig til april 2028 • Rammen er i perfekt stand – ingen riper, skader eller kosmetiske merker • Sykkelen er svært godt vedlikeholdt og klar til bruk 📏 Størrelse: • Ramme: L 54 • Bike fit gjort for ca. 178 cm høyde 💡 Perfekt for: ✔️ Landeveistrening ✔️ Ritt og konkurranser ✔️ Lange, raske turer på asfalt Pris: 47000kr 📩 Ta kontakt for flere bilder, mer informasjon eller prøvekjøring. Vis hele beskrivelsen NB: Knappen for å vise hele beskrivelsen har kun en visuell effekt.","0657 Oslo"
"435388522","https://www.finn.no/recommerce/forsale/item/435388522","2026-03-02T15:41:25.803Z","Vipera R656 Landeveissykkel","6200","Pent brukt - I god stand","","Unisex","Landevei","Vipera","R656","","54","","Shimano Ultegra","true","false","false","Vipera R656 med Ultegra girsystem selges. Størrelse 54 og ramme i aluminium/karbon.","3154 Tolvsrød"
"80440889","https://www.finn.no/recommerce/forsale/item/80440889","2026-03-02T15:41:27.377Z","Cannondale Six13 samleobjekt","20000","","","","Landevei","Cannondale","Six13 Battaglia Italiana","2005","","","Campagnolo Record","true","false","false","Cannondale Six13 Battaglia Italiana. Håndlaget samleobjekt som kun er laget i 20 eksemplarer i forbindelse med Giro d'Italia 2005 for Lampre laget Sykkelen ble laget som en hyllest til kampen mellom de to lagkameratene Gilberto Simoni og Damiano Cunego. Sykkelen er fullcarbon med blant annet følgende utstyr: -Campagnolo Record gir og bremser, Cannondale's one cranks, Mavic Cosmic hjul. FSA Plasma styre, Fizik's Airone Carbon sete. Nypris i 2005 120.000,-.","1397 Nesøya"
"341869578","https://www.finn.no/recommerce/forsale/item/341869578","2026-03-02T15:41:28.972Z","Linskey sportive titansykkel (2019-modell) vurderes solgt","16500","","","","Landevei","Lynskey","Sportive","2019","54","700c","Shimano Ultegra R8000","false","false","false","En lekker og lett titansykkel (8 kg) i str 54 vurderes solgt. Festepunkter på sykkelen, noe som gjør at den også passer ypperlig til bikepacking. Sykkelen har gått ca 11 000 kilometer, men deler er byttet og det er gjort oppgraderinger. Gruppesett: Komplett Ultegra Nytt kranksett i fjor - R8000 52/36 Krankarm lengde 172,5mm Kassett 11-28 Utstyr: Gaffel: Karbon Setepinne: Syncros 27.2 karbon Sadel: Prologo Scratch2 karbonsete Styre: 3T Ergonova Team Stealth karbon 42cm cc Stem: 100mm 3T Apto Stealth Hjulsett: Dura Ace C24 9100 Dekk: plass til 28 mm bak, 25 mm foran. Vekt på rett under 8 kilo. Vis hele beskrivelsen NB: Knappen for å vise hele beskrivelsen har kun en visuell effekt.","0654 Oslo"
"423758850","https://www.finn.no/recommerce/forsale/item/423758850","2026-03-02T15:41:30.705Z","Merida Scultura 6000 - Veil pris 37 999,- | Di2 12 delt - Small - Gi bud","29000","Som ny - Ikke synlig brukt","Merida","Unisex","Landevei","Merida","Scultura 6000","2025","S","700c","Shimano 105 Di2","true","false","true","Selger en ny og strøken Merida Scultura 6000 di2. Ingen bruksmerker. Syklet 15-20mil totalt. Kjøpt ny juli 2025 hos Peder Øie AS - Sykkelforhandler. 🥇Denne sykkelen fikk prisen «Best Value Race Bike of the Year 2024». 🚴 Merida beskriver "" Scultura 6000 leveres med karbonramme, Shimano 105 Di2 gruppesett, Shimano 105 hydrauliske skivebremser – og er muligens den sykkelen på markedet som gir deg mest performance for pengene!!"" Høydepunkter - Lettvekt Cf3 karbon ramme -Shimano 105 Di2 elektronisk 12-delt drivverk -DISC COOLER teknologi - Integrert kabelføring Med samme geometri som REACTO men utstyrt med en lettere og mer komfortabel ramme. SCULTURA 6000 med CF3-ramme kombinerer klatreevne, komfort og aerodynamikk i en pakke som er utrolig prisgunstig. Med Shimano sin elektroniske girgruppe 105 Di2, hydrauliske skivebremser og et solid hjulsett fra Merida, er Scultura 6000 mye sykkel for pengene! Scultura er 5e versjonen av Merida sin lettvektsrittmaskin. Med aero-DNA hentet fra REACTO har Merida utviklet en ny SCULTURA som er mer aerodynamisk enn noeninne. Dette har vi fått til uten at det går på bekostning av vekt eller komfort. 🛠️ Spesifikasjoner - Ramme, SCULTURA CF3 V, carbon - Gaffel, SCULTURA CF3 disc, carbon - Brems, fram, Shimano 105 Di2, hydraulic disc - Brems, bak, Shimano 105 Di2, hydraulic disc - Kjede, Shimano CN-M6100-12 - Krank, Shimano 105, FCR7100, 50-34t - Framgir, Shimano 105 Di2 - Kassett, Shimano CS-R7100, 11-34T, 12-speed - Antall gir, 2×12 - Bakgir, Shimano 105 Di2 - Styre, MERIDA EXPERT SL, aluminium, 380 mm (XXS), 400 mm (XS-S), 420 mm (M), 440 mm (L-XL) - tSyrestem, FSA SMR ACR, aluminium, -6 - Framnav, 100×12 mm, centerlock -Baknav, VP CLK270R 142×12 mm, centerlock -Felger, MERIDA Expert SL, 19 mm inner width -Girskifter, Shimano 105 DI2 -Sete, MERIDA EXPERT SL, V-mount, incl. MERIDA minitool -Dekk, fram, Continental Grand Sport Race 700x28mm - Setepinne, MERIDA EXPERT CC, 27.2 mm, 15 mm setback, Carbon - Dekk, bak, Continental Grand Sport Race 700x28mm Shimano 105 DI2-gruppesettet får samme 12-trinns elektroniske giring som high-end gruppene Ultegra- og Dura Ace, men til en billigere pris. Den elektroniske giringen krever nesten ikke vedlikehold når den først er justert, og de hydrauliske bremsene vil gi deg optimal stoppkraft under alle værforhold og hastigheter. Scultura-serien balanserer hastighet og komfort, noe som har gjort den til en favoritt for både tur- og proffsyklister – en ideell allrounder. Med en responsiv karbonramme, mikset med gode komfort og aero-egenskaper, er Scultura perfekt for både konkurransekjøring og lengre turer. Scultura deler geometri med Reacto-serien, og begge er myntet mot de som ønsker å sitte med en sporty sittestilling. Nytt i denne generasjonen er også muligheten for å sette på 30mm dekk (32mm mulig med noen dekk/felg-kombinasjoner) – noe som gir økt komfort under lengre turer på “norsk” asfalt. ✉️ Ta gjerne kontakt for spørsmål eller info! Sykkelen kan prøves. Ønskelig at den kan hentes, men alt er relevant. Vis hele beskrivelsen NB: Knappen for å vise hele beskrivelsen har kun en visuell effekt.","4014 Stavanger"
"426293948","https://www.finn.no/recommerce/forsale/item/426293948","2026-03-02T15:41:32.389Z","Clemenso Super Record m/Columbus-rør, Shimano Ultegra/105 - kan sendes","5000","Pent brukt - I god stand","","Unisex","Landevei","Clemenso","Super Record","","56cm","700c","Shimano Ultegra/105","false","false","false","Vintage Belgisk landeveissykkel av høy kvalitet med Columbus rør og god patina etter et langt liv. Rammen er hel og uten skader, størrelse 56cm c-to-c, passer fint til noen på 170-185 (+/-). Modernisert med knallbra Shimano Ultegra 9s gir, nyere Shimano 105 bremser, FSA krank og Shimano 105 hjulsett. Akkurat bygget opp fra bunnen med masse nytt, blant annet 28c dekk, slanger, styretape, drev, kranklager, kjede, pedaler, bremseklosser, wire og strømper. Alt fungerer som det skal, rett fra service. Har også diverse sykkelskopedaler som kan følge for den som heller ønsker det. Perfekt til sykkelrulla gjennom vinteren Har pusset opp og solgt snart 50 sykler på Finn de siste årene, og har bygget sykler i over 15 år nå, så alt ligger til rette for en god kjøpsopplevelse.","7030 Trondheim"
"434944871","https://www.finn.no/recommerce/forsale/item/434944871","2026-03-02T15:41:34.096Z","RR Lite Carbon 18 - XL ramme","6999","Pent brukt - I god stand","","Unisex","Landevei","White","RR Lite Carbon 18","","XL","700c","Shimano Sora","true","false","false","Selger en god landsvei sykkel med karbon ramme. Fin stand med med små bruksmerken. Ram: Kolfiber Gaffel: Kolfiber Styrlager: FSA NO. 42/ACB ORBIT C40-ACB Styre: White Alloy (420 mm) Handtag: Velo VLT-019D2-H Stång: Zoom TDS-RD701-8FOV 100 mm Alloy Sadelstång: 31,6 x 350 mm White Alloy Sadel: Selle Italia X1 Antal växlar: 2 x 9 Växel: Shimano Sora Framväxel: Shimano Sora Bakväxel: Shimano Sora Bromsar: Tektro R-314 Bromshandtag: Tektro R-314 Kassett: Shimano Alivio CS-HG400-9, 11-32T Kedja: KMC X-9 Vevlager: Shimano BB-ES300 Vevlager: Shimano FC-345-L Hjulstorlek: 28″” – Fälgar: Araya SA-730 double-wall Nav: RB-31-FQR Rear RB-32-8QR Ekrar: 14G Stainless – Brass nipples Däck: Schwalbe Lugano 700 x 25C Pedaler: Säljs separat Vikt: 11 kg Vis hele beskrivelsen NB: Knappen for å vise hele beskrivelsen har kun en visuell effekt.","4331 Ålgård"
"225590959","https://www.finn.no/recommerce/forsale/item/225590959","2026-03-02T15:41:35.580Z","Ny pris - Pinarello Dogma 65.1 Think2","31000","Pent brukt - I god stand","","","Landevei","Pinarello","Dogma 65.1 Think2","2013","M 54","700c","Shimano Dura-Ace 9000 Di2","true","true","true","NB: prøvd å selge denne tidligre. Men grunnet spesiel jobb situasjon fikk jeg ikke fulgt opp de som ville kjøpe. Nå vil jeg gjerne ha den ut av garasjen :) Pinarello dogma selges. Dette er en eksemplarisk 2013 modell som har vunnet Tour de France sammenlagt begge gangene den var flaggskip modell å ble benyttet av Team Sky. Sykkelen er håndlaget i Italia og er etter min mening den beste rammen fra Pinarello for klatring og krevende ritt-situasjoner der du trenger rask respons fra første tråkk. I ettertid har sykkelen blitt utstyrt med Zipp 303 firecrest som har vært helt rå å sykle på. Det er av typen tublar/pariser/Limdekk som er det proffene bruker da man får god bakkekontakt og kan kline til i svinger. Felgene er konstruert på en måte slik de er aerodynamiske men beholder den raske følelsen som har blitt noe borte i nyre tid. Hvis man ser på for eksempel dagens Enve hjul med skivebrems er/føles disse vesentlig tyngre på grunn av den brede profilen som skal hjelpe i sidevind. Ta kontakt for en uforpliktende titt :) Praktisk info: Slik sykkelen står nå veier den står nå veier denne 6 550 gram noe som er under UCI sin vektgrense på 6 800 gram for profesjonell konkurranse. Vi snakker altså en ekstremt lett sykkel. Gruppesett: 11 delt Dura ace 9000 Di2 Nav lager, kranklager, styrelager og kjede er jevning byttet av profesjonell mekaniker. Garminfeste medfølger iht. bilde Helt nye limdekk fra foss sport 2024. Sykkelen er så vidt brukt men dekkene bør limes på nytt etter 10 år. Selges pga. den blir ikke brukt da min livssituasjon har endret seg de siste årene. Størrelse M 54 Passer høyder mellom til 175 - 190cm men man bør absolutt prøve før kjøp. Er selvfølgelig behjelpelig med å justere sitte posisjon slik at det er tilpasset dine behov ved kjøp eller kan henvise deg til en proff sykkeltilpasser. Vis hele beskrivelsen NB: Knappen for å vise hele beskrivelsen har kun en visuell effekt.","1900 Fetsund"
"379067829","https://www.finn.no/recommerce/forsale/item/379067829","2026-03-02T15:41:37.166Z","Giant propel Advanced 1 kjørt 4 turer","35000","Som ny - Ikke synlig brukt","Giant","","Landevei","Giant","Propel Advanced 1","2023","ML","700c","SRAM Rival eTap AXS","true","true","true","Strl ML 023 utgaven av Giant sin råeste og mest aerodynamiske landeveissykkel, Propel, kommer med en ny og forbedret ramme som er både stivere og lettere enn før og som akselererer raskere. Den har utrolige styreegenskaper og er leken i nedoverbakkene. Alle rammerør har blitt redesignet gjennom AeroSystem Shaping prosessen for å forbedre aerodynamikk og redusere vekt. Materialene som er brukt sørger for best mulig stivhet og vektsparing som resulterer i en enda større fordel når det kommer til stivhet-til-vekt rate. I tillegg har kabelføringen gjennom stem og styre blitt oppdatert til den nyeste standarden, noe som både gir et penere og renere utseende, men som også gjør det raskere og enklere å justere og bytte komponenter i cockpiten slik at du kan finjustere sittestillingen din uten trøbbel. Denne sykkelen kommer med en helt ny karbonramme som gir deg en enda større fordel i kampen mot vinden. Propel Advanced 1 hjelper deg med å få enda mer ut av hvert tråkk. Hjulsettet som følger med er Giant sitt eget SLR 2 i karbon med 50 mm høyde som kan settes opp slangeløst. Girgruppen som du finner på denne sykkelen er SRAM sitt Rival eTap AXS elektroniske girsystem og hydrauliske skivebremser. Her får du raske girskift ved bare et lite trykk på hendelen og meget god bremsekraft når du trenger det. Ellers er sykkelen satt opp med Giant sine egne komponenter i både aluminium og karbon for å gi deg en landeveissykkel som virkelig får andre ryttere til å sperre opp øynene! Med den helt nye Propel Advanced 1 vil det nesten føles ut som om tiden står stille for alt og alle rundt deg mens du fyker av gårde bortover landeveien! Vis hele beskrivelsen NB: Knappen for å vise hele beskrivelsen har kun en visuell effekt.","0495 Oslo"
"444871222","https://www.finn.no/recommerce/forsale/item/444871222","2026-03-02T15:41:38.794Z","Cervelo S5 VWD SPAM eTAP (str 54)","28000","Pent brukt - I god stand","","Unisex","Landevei","Cervelo","S5 VWD","","54","","SRAM eTap","true","false","true","Selger Cervelo S5 SRAM eTap. VWD er toprammen og den Garmin Sharp Team (nå EF) kjørte på. Sykkelen er velholdt men med noen bruksmerker. Størrelse 54 og skal passe til de med høyde ca 173-184cm. Sykkelen ble oppgradert med SRAM eTAP girsystem i 2018 (ca kr 14.000-,) og relativt sett lite brukt siden. Selges med kopi HED hjul og med Elite flaskeholdere.","5532 Haugesund"
"444870973","https://www.finn.no/recommerce/forsale/item/444870973","2026-03-02T15:41:40.336Z","Gavia Treviso str 54 - brukt 1 gang","12000","Som ny - Ikke synlig brukt","","Unisex","Landevei","Gavia","Treviso","2025","54cm","","Shimano Tiagra","false","false","false","Gavia Treviso landeveissykkel i størrelse 54 cm til salgs. Jeg er 176 cm, så tenker den passer bra til personer 170-180 cm. Kjøpt ny fra Bikeshop i mai 2025 med intensjon om bruk til jobbpendling. Kun brukt 1 gang. Mye sykkel og bra komponenter for pengene! Se link for mer info: https://bikeshop.no/gavia/nytrev001/gavia-treviso-landeveissykkel-alu-shimano-tiagra-2x10s-skivebremser?gad_source=1&gad_campaignid=21224989888&gbraid=0AAAAAD7WrS3gwR-QjO_ap8GGXZMCgMQ--&gclid=Cj0KCQiAgvPKBhCxARIsAOlK_Eryv_zLE0TcjR-ev4JmIoyi9IlCV12FypBt98BQqUztbq1AjtoKnl4aAjKVEALw_wcB","4014 Stavanger"
"444857434","https://www.finn.no/recommerce/forsale/item/444857434","2026-03-02T15:41:42.588Z","Winspace SLC 2.0 M 2024","28000","Pent brukt - I god stand","Specialized","Herre","Landevei","Winspace","SLC 2.0","2024","M","","Shimano Dura-Ace","false","false","false","Winspace SLC 2.0 landevei sykkel for herre. Sykkelen har en lett ramme med integrerte flaskeholdere og komponenter som Shimano Dura-Ace drivverk og Mavic hjul. Designet for landeveissykling med fokus på ytelse og effektivitet. Total 6,6kg","0595 Oslo"
"420275616","https://www.finn.no/recommerce/forsale/item/420275616","2026-03-02T15:41:44.116Z","Isaac landeveissykkel med ultegra gruppesett selges","5500","Godt brukt - Synlig brukt","Andre merker","","Landevei","Isaac","","","58","","Shimano Ultegra","false","false","false","Selger min Isaac landeveissykkel (58) etter mange års trofast tjeneste grunnet flytting til mindre bod. Som godværssyklist har sykkelen hovedsakelig trillet på rolig tempo i sol, med unntak av noen uunngåelige sommerskurer her og der. Sykkelen har vært godt behandlet, med jevnlig vask og vedlikehold, og bytte av slitedeler ved behov. Litt sliten lakk enkelte steder etter steinsprut, og i hjulbuene etter at jeg prøvde å sette på 28mm dekk. Rammestørrelse 58, Ultegra gruppesett.","0352 Oslo"
"444786355","https://www.finn.no/recommerce/forsale/item/444786355","2026-03-02T15:41:45.823Z","Pen De Rosa Idol selges!","10990","Pent brukt - I god stand","","","Landevei","De Rosa","Idol","2017","XL","700c","Campagnolo","true","false","false","De Rosa Idol 2017 Italiensk kvalitetslandevei med Campagnolo Størrelse XL (59,5), passer fint for en mellom 185-195 cm. Selger en meget pen og velholdt De Rosa Idol landeveissykkel fra 2017. Dette er en klassisk italiensk kvalitetsramme med racing-DNA, kombinert med pålitelig og presist Campagnolo gir og krank. Sykkelen har vært brukt av voksen rytter, godt vedlikeholdt og lagret tørt. Klar for mange nye mil! Spesifikasjoner • Merke/modell: De Rosa Idol • Årsmodell: 2017 • Ramme: Karbon • Girgruppe: Campagnolo (krank og gir) • Hjulsett: Campagnolo Scirocco • Bremser: Felgbremser • Pedaler: Shimano SPD-SL • Sete: Prologo • Flaskeholdere: Følger med • Setepinneveske kan medfølge om ønskelig Vis hele beskrivelsen NB: Knappen for å vise hele beskrivelsen har kun en visuell effekt.","7042 Trondheim"
"444757208","https://www.finn.no/recommerce/forsale/item/444757208","2026-03-02T15:41:47.329Z","Ønsker å kjøpe: Canyon Ultimate CF Young Hero – pent brukt, størrelse 2XS","15000","Pent brukt - I god stand","Canyon","Herre","Landevei","Canyon","Ultimate CF Young Hero","","2XS","","","true","false","false","Vi ser etter en Canyon Ultimate CF Young Hero landeveissykkel i god stand, ikke eldre enn to år. Sykkelen skal passe til en ung rytter (ca. 12 år) som trener aktivt og er i gang med landeveissykling i tillegg til MTB. Gjerne med Shimano 105 eller tilsvarende utstyrsnivå. Ta kontakt dersom du har en passende sykkel til salgs!","1389 Heggedal"
"444723738","https://www.finn.no/recommerce/forsale/item/444723738","2026-03-02T15:41:48.981Z","Cube Attain Pro str.50","8000","Godt brukt - Synlig brukt","Cube","Herre","Landevei","Cube","Attain Pro","2018","50","","","false","false","false","Cube Attain Pro str 50 fra 2018 luftes for salg. Selges for en ny sykkel skal inn. Kjøpte den i April 2025 - har hatt kjempemye glede av den - ca 2500km fordelt på rulle og landevei. Har gjennomgått service i April 2025 av Intersport Oppdal. Har siden September stått på rulla. Pedaler følger ikke med i evt handel. Foretrekkes at den hentes på Oppdal, men kan sendes på kjøpers regning og risiko https://www.certini.co.uk/bikes/road-bikes/2018-cube-attain-pro-disc-road-bike--whitered__38636","7340 Oppdal"
"432017251","https://www.finn.no/recommerce/forsale/item/432017251","2026-03-02T15:41:50.612Z","Canondale Super Six EVO str 54","25000","Pent brukt - I god stand","Cannondale","Herre","Landevei","Cannondale","Super Six EVO","","54","","Shimano Dura-Ace Di2","true","true","true","Pent brukt cannondale Super Six Dura -Ace Di2 . Karbonhjul","9325 Bardufoss"
"424933096","https://www.finn.no/recommerce/forsale/item/424933096","2026-03-02T15:41:52.160Z","Bianchi Oltre XR3","23500","Som ny - Ikke synlig brukt","Bianchi","Unisex","Landevei","Bianchi","Oltre XR3","","55","","","true","false","false","Størrelse 55. Lite brukt sykkel, fungerer og ser ut som ny. Ideell for lange turer og trening på asfalt.","3270 Larvik"
"387162139","https://www.finn.no/recommerce/forsale/item/387162139","2026-03-02T15:41:53.766Z","Bianchi Oltre – Dura-Ace Di2 – 2 hjulsett","22500","Pent brukt - I god stand","Bianchi","Herre","Landevei","Bianchi","Oltre","2012","57cm","700c","Shimano Dura-Ace Di2 7970","true","true","true","Bianchi Oltre – Dura-Ace Di2 – med 2 hjulsett Vurderer å selge min flotte og velstelte Bianchi Oltre, sannsynligvis 2012-modell. Dette var toppmodellen til Bianchi da den kom, levert med Shimanos første generasjon elektroniske gir (Dura-Ace Di2 7970, 10-delt). Rammestørrelse: 57 cm (Large). Anbefalt for ryttere ca. 182–188 cm. Jeg er selv 177 cm og har trivdes godt med størrelsen etter litt justering. Spesifikasjoner: Ramme: Bianchi Oltre karbon Girsett: Shimano Dura-Ace Di2 7970, 10-delt Krank: Compact 50/34 (F50) Hjulsett 1: ZIPP 404 Tubular (uten dekk) Hjulsett 2: Mavic R-Sys SLR med Continental GP Attack 22 mm tubular Wattpedaler: Garmin Vector (2-pedaler) Tilstand: Sykkelen har fungert feilfritt i mitt eie de siste 2 årene. Di2 fungerer presist og stabilt, med god batteritid. Rammen er brukt, men uten strukturelle skader. ZIPP-hjulene er klare for nye tubular-dekk, mens Mavic-hjulene står med dekk og er klare til bruk. Følger med: 2 sett tubular-dekk 2 hjulsett Ekstra kjede Wattpedaler Følger ikke med: Sykkelcomputer Nypris på sykkelen med begge hjulsett var godt over 80 000 kr den gangen. Selv om den er eldre, fungerer den feilfritt og er fortsatt en topp sykkel å sykle på. ZIPP 404 alene kostet over 20 000 kr nye. Dette er en unik mulighet til å skaffe seg en klassisk high-end Bianchi, med et ikonisk girsystem som var startskuddet for dagens elektroniske gir. Perfekt for samlere eller for den som ønsker en rå landeveissykkel med mye karakter. Ring for en uforpliktet hyggelig sykkelprat! Sykkelen står i Bardu, men kan fraktes til Oslo Vis hele beskrivelsen NB: Knappen for å vise hele beskrivelsen har kun en visuell effekt.","9360 Bardu"
"435009747","https://www.finn.no/recommerce/forsale/item/435009747","2026-03-02T15:41:55.237Z","White RC LTD Disc 105 2023 - Veilpris 17 990, STR L","12999","Pent brukt - I god stand","","Unisex","Landevei","White","RC LTD Disc 105","2023","L","700c","Shimano 105 R7000","false","false","false","White RC LTD Disc 105 2022 - Veilpris 17 990,- | 105 2x11 - Skivebremser - TA | Landveispedaler medfølger. Sykkelen har akkurat vært og fått service. Rammestørrelse 55cm. Sykkelsko kan også fås kjøpt hvis ønskelig. Det er svært mye sykkel for pengene. Girgruppen som sykkelen kommer med (Shimano 105 R7000) koster 10 999,- på Bikeshop. Sporty landeveissykkel med karbongaffel på en solid aluminiumsramme. 2x11 Shimano 105 girgruppe. Shimano Hydrauliske skivebremser. Schwalbe One Performance 700x28 dekk. Vekt: Ca. 9 kg. White RC LTD Disc 105 23 er en komfortabel landeveissykkel for trening og konkurranser. Sykkelen har en solid alu-rammekonstruksjon, og en smidig karbongaffelen for økt komfort og kontroll. Shimanos velkjente og ufattelig mye brukte 105-girgruppe gir svært raske og presise girskift. De raske og stabile White-felgene, med Schwalbe One Performance 700x28 dekk holder deg på veien og tar deg raskt dit du skal. Høydepunkter: - Lett, stiv og komfortabel aluminiumsramme med karbongaffel - Pålitelig Shimano 105 girgruppe - Shimano hydrauliske skivebremser - Raske og gripende Schwalbe One Performance 700x28 dekk RC LTD Disc 23 har en svært god geometri, som er litt mer komfortrettet enn tidligere versjoner. Dette merkes godt gjennom noe høyere styre-/håndposisjon, som også gir mer stabilitet og kontroll Shimanos pålitelige 105 2x11-speed girsystem sikrer at du alltid er i riktig gir. Girsystemet er kjent for enestående holdbarhet, lite vedlikehold og presis giring. Schwalbes lette og gripende One Performance Addix dekk fungerer godt med Shimanos hydrauliske skivebremser for å holde deg i full kontroll med en betryggende bremsekraft under alle værforhold. White RC LTD Disc 22 er en solid og komfortabel sykkel som vil gi deg masse sykkelglede på landeveien. Passer utmerket til trening, konkurranser og hurtig pendling. Spesifikasjoner: - Bruk: Landevei - Bruker: Voksen, unisex. HOVEDKOMPONENTER - Ramme: WHITE RC ALU D (12x142mm) - Gaffel: WHITE RC CARBON D (12x100mm) - Framnav: Novatec D791SB-12 - Baknav: Novatec D792SB-6B-X12 - Felger: R19 Disc 24h - Bremser: Shimano 105 ST-7020/BR-R7070 - Dekk: Schwalbe One Performance 700x28C ADDIX - Størrelser: Medium/50cm, large/52cm, XL/55cm - Vekt: Ca. 9 kg DRIVVERK - Fremre girskifter: Shimano 105 FD-R7000-L - Bakre girskifter: Shimano 105 RD-R7000-SS - Girhendler: Shimano 105 ST-R7020-L/R - Kassett: Shimano 105 CS-R7000-11, 11-30T - Krank: Shimano 105 FC-R7000 50/34T - Kjede: KMC X11 Silver/Gray - Pedaler: Alloy 9/16"" - Antall gir: 2 x 11. COCKPIT - Sete: Sport Steel - Setepinne: Sport Alloy 27.2mm - Styre: Sport Alloy - Stem: Sport Alloy 31.8mm - Styreholker: Sport EVA styre-tape - Styrelager: FSA NO.42/ACB Vis hele beskrivelsen NB: Knappen for å vise hele beskrivelsen har kun en visuell effekt.","0476 Oslo"
"444639544","https://www.finn.no/recommerce/forsale/item/444639544","2026-03-02T15:41:56.780Z","BMC SLR01 strl. 51","47000","Pent brukt - I god stand","","Unisex","Landevei","BMC","SLR01","","51","","SRAM Force AXS","true","true","true","BMC SLR01 strl. 51 passer til høyde: 170-178. Sykkelen er pent brukt i flere sesonger, men godt vedlikeholdt uten noen skader. Sykkelen er forrige utgave av toppmodellen til BMC med samme ramme som er brukt i TdF og andre proffritt i flere sesonger. Den har elektroniske gir og hydrauliske bremser. Selges grunnet overgang til ny sykkel. Selges uten pedaler. Utstyr: SRAM Force AXS gruppe. SRAM Force bremser. SRAM Red krank. DT Swiss 1400 hjulsett. Ceramicspeed girarm. Ta kontakt om det er noen spørsmål! Pris kan diskuteres ved. Vis hele beskrivelsen NB: Knappen for å vise hele beskrivelsen har kun en visuell effekt.","9105 Kvaløya"
"415045833","https://www.finn.no/recommerce/forsale/item/415045833","2026-03-02T15:41:58.295Z","Giant TCR Advanced PRO 1 str M - Ultegra - Wattmåler - Veil 39 999,-","22900","Pent brukt - I god stand","Giant","Herre","Landevei","Giant","TCR Advanced PRO 1","","M","","Shimano Ultegra","true","false","false","Meget pent brukt Giant TCR Advanced pro 1 sykkel vurderast solgt. Bakgrunnen for salget er at denne sykkelen fortjener hyppigere bruk. Sykkelen er oppbevart innendørs, vasket grundig fleire ganger ila sesongen. Spylt etter kvar gong den har vore brukt i regnvær. Nylig gjennomført ""medium"" service på Intersport, denne inkluderer full gjennomgang av sykkelen. Pris for tilsvarande modell i 2025 er 49 999,- Her er det mykje sykkel igjen for pengane.","5020 Bergen"
"434303090","https://www.finn.no/recommerce/forsale/item/434303090","2026-03-02T15:41:59.824Z","Gavia Imperiale SR1 52","20000","","","","Landevei","Gavia","Imperiale SR1","","52","","Shimano Dura-Ace Di2 / Ultegra","false","false","true","Gavia Imperiale SR1 52 (170-184) - Bikeshop sitt eget merke Bakgir: SHIMANO ULTEGRA RD-R8000 11-DELT Framgir: Shimano Dura-Ace FD-R9150 Di2 Girhendel: SHIMANO DURA ACE ST-R9150 DI2 11-DELT Bremser: Shimano Dura Ace 9000 Krank: SHIMANO ULTEGRA FC-R8000, 172,5MM, 52T/36T Kasset: SHIMANO 105 CS-R7000 11-DELT 11-28 Kjede: SHIMANO CN-HG601, 11-DELT 105 Hjul: Aerlite Sete: Pro Stealth Stem: Deda zero 100 Styre: Pro vibe alu 40cm","0372 Oslo"
"414443834","https://www.finn.no/recommerce/forsale/item/414443834","2026-03-02T15:42:01.445Z","Vipera R999 105","10000","Pent brukt - I god stand","","Unisex","Landevei","Vipera","R999 105","2021","M","","Shimano 105","true","false","false","Selges på grunn av overgang til elsykkel. Ble bitt av basillen og gikk til innkjøp av denne flotte Vipera R999 105 Str.M Shimano 105 10S helkarbon. Basillen forsvant fort og sykkelen er som ny, har rullet under 100km. Setet er ikke justerbart. Sykkelen passer fint til meg på 175 cm høyde og også samboeren på 180 cm. Sykkelen bør derfor prøves før kjøp. Kjøpt ny i februar 2021 Nypris 24999,- Selges for kr 10 000.","2816 Gjøvik"
"416121649","https://www.finn.no/recommerce/forsale/item/416121649","2026-03-02T15:42:02.915Z","Wilier Cento 10SL Ultegra Di2 Str. L med eller uten Kickr Core rulle.","102","Pent brukt - I god stand","","Herre","Landevei","Wilier","Cento 10SL","2023","L","700c","Shimano Ultegra Di2","true","true","true","Selger min 2023 Wilier Cento 10SL Ultegra Di2 str. L. Sykkelen er oppgradert med Unaas Team 50 carbon hjulsett. Nypris på de var 16.000,-. De har vært på en tidligere sykkel så de er et par år eldre. Sykkelen er lite brukt og meget godt vedlikeholdt. Jeg er allergisk imot møkkete sykler så denne har aldri vært ute i dårlig vær. Hadde full service på sykkelen tidligere i sommer med bl.annet bytte av kassett, kjede, dekk og styretape (Lizzard Skin). Sykkelen har vært brukt en tur ute på ca. 5 mil etter servicen. Tror den gikk maks 50 mil i 2024 sesongen. Brukes innimellom på en Kickr Core rulle som kan selges med for 3000,- ekstra inkl. kassett. Jeg trives best på terrengsykkelen i skog og mark, og har rett og slett blitt for feig til å sykle på veiene med landeveissykkel. Kan derfor ikke forsvare å ha en så fin og dyr sykkel stående og støve ned. Noe bildene kan bevise ;-) Sykkelen kan leveres med Wilier flaskeholdere, Garmin sykkelcomputer brakett, 8 slanger, Lizzard Skin saddle veske og et par ustabile Garmin Vector wattpedaler uten ekstra kostnad hvis ønskelig. Se siste bilde for str. guide. Kjøpte sykkelen som julegave til meg selv hos Unaas i 2022 så dette er en 2023 modell. Mer teknisk info om sykkelen: https://99spokes.com/en-EU/bikes/wilier/2023/cento10-sl-shimano-ultegra-r8020 Vekt: 8,58 kg med vector pedaler. Fornuftige bud kan vurderes. Sykkelen kan beskues, testes og hentes i Oslo. Vis hele beskrivelsen NB: Knappen for å vise hele beskrivelsen har kun en visuell effekt.","0955 Oslo"
"433524713","https://www.finn.no/recommerce/forsale/item/433524713","2026-03-02T15:42:04.363Z","Colnago C96","17000","Godt brukt - Synlig brukt","","Unisex","Landevei","Colnago","C96","1996","","","Shimano 105/600","false","false","false","Meget pen retro Colnago C96 fra 90 tallet (trolig 1996). Shimano 105/600 Stålramme Hatt inne på service i 2014. Normale bruksmerker og rust.","0354 Oslo"
"415905428","https://www.finn.no/recommerce/forsale/item/415905428","2026-03-02T15:42:06.227Z","Nokia","22000","Helt ny - Uåpnet/med lapp","Andre merker","Unisex","Landevei","Nokia","","","","700c","","false","false","false","🚴 ♂️ Original Nokia-sykkel – ubrukt promomodell fra ca. 2006–2007 Vurderer å selge en sjeldent Nokia-sykkel som ble gitt ut som en begrenset promomodell etter 2005. Sykkelen er helt ubrukt, står fortsatt med original beskyttelsesplast på rammen og setet. 🔹 Fakta: Ekte Nokia-promosykkel, ikke tilgjengelig i butikk Produksjonsår antas å være 2006–2007 Lett racersykkel med 700c hjul og gir Unikt design med Nokia-logo på ramme og felger Perfekt for samlere, tech-entusiaster eller som dekorasjon 🔹 Tilstand: Ubrukt Lagret tørt Meget god visuell stand --- 💬 Vurderer salg – ingen fast pris( pris 1 kr er ikke salgspris satt i annonsen) Ingen fastsatt pris. Seriøse bud mottas. Flere bilder og detaljer kan sendes ved interesse. Vis hele beskrivelsen NB: Knappen for å vise hele beskrivelsen har kun en visuell effekt.","3302 Hokksund"
"435533322","https://www.finn.no/recommerce/forsale/item/435533322","2026-03-02T15:42:07.923Z","Scott Addict R2","10000","Pent brukt - I god stand","Scott","Unisex","Landevei","Scott","Addict R2","2012","M (54cm)","700c","Shimano Ultegra","true","false","false","Selger min 2012 Scott grunnet lite bruk. Har brukt sykkelen hovedsakelig på rulle inne, kanskje trillet 1000km ute i mitt eie. Flott innstegssykkel. Sender flere bilder på forespørsel. Ramme: M (54cm) passer til personer 175-182cm Spesifikasjoner: Ramme: Scott Addict, karbon Gaffel: Karbon Girhendler: Shimano Ultegra (10-delt) Gir foran: Ultegra Gir bak: Ultegra Bremser: Ultegra Kassett: Ultegra, 12-25 Krank: Ultegra, 53-39 Sete: Scott Styre: Ritchey pro, alu Stem: Ritchey pro, alu Setepinne: Ritchey pro, karbon Hjul: Mavic Ksyrium Elite Vekt: 6,8kg Pedaler medfølger. Zwift Tacx Wahoo Vis hele beskrivelsen NB: Knappen for å vise hele beskrivelsen har kun en visuell effekt.","2390 Moelv"
"444556954","https://www.finn.no/recommerce/forsale/item/444556954","2026-03-02T15:42:10.025Z","Sykkel for bane/track","7000","Pent brukt - I god stand","","Unisex","Landevei","","","2013","54","","Shimano Dura-Ace","false","false","false","Sykkel for bane/track Livet har endret seg og jeg selger derfor min bane/track sykkel. Bygde sykkelen i 2013 med god hjelp av aktiv banesyklist da vi var en del på banesykling i Polen i 2012-14. Brukt aktivt på bane i ca 1 sesong tilbake til vinteren 2013/14. Ellers vært brukt som treningssykkel på balanserulle om vinteren frem til for ca 3 år siden. Det er en veldig god sykkel og den er alt for bra til å bare ha stående. Størrelse tilsvarer 54-M/L Ramme fra Taiwan - ikke spesifikt merke Styre FSA compact 38 cm aluminium Stem 90 Deda mm/6 gr aluminium Dura-ace krank og kjede 3 ulike drev 48-49-50 tenner 3 ulike cogs 13-14-15 tenner Står på Alien treningshjul Sete Selle Italia SLR XC test sadle. Er selvfølgelig noen små bruksmerker da sykkelen er brukt. Tatt godt vare på. Ta kontakt om det er noe du lurer på Kom gjerne med bud, men skambud besvares ikke. Vis hele beskrivelsen NB: Knappen for å vise hele beskrivelsen har kun en visuell effekt.","9426 Bjarkøy"
"444490831","https://www.finn.no/recommerce/forsale/item/444490831","2026-03-02T15:42:11.744Z","Lapierre Audacio 300 landeveissykkel","7900","Pent brukt - I god stand","","","Landevei","Lapierre","Audacio 300","","L","","Shimano Tiagra","false","false","false","Lapierre Audacio 300 landeveissykkel i aluminiumsramme med komfortabel og stabil geometri. Utstyrt med Shimano Tiagra 2x10 gir. Passer godt til trening og lengre turer. Størrelse: L","4058 Tananger"
"425774764","https://www.finn.no/recommerce/forsale/item/425774764","2026-03-02T15:42:13.557Z","Bianchi Impulso","8000","Som ny - Ikke synlig brukt","Bianchi","Herre","Landevei","Bianchi","Impulso","","","","","false","false","false","Lagret innendørs vasket etter hver gangs bruk, meget pen. Herre 180-190cm","3228 Sandefjord"
"417919603","https://www.finn.no/recommerce/forsale/item/417919603","2026-03-02T15:42:15.146Z","Bianchi DI2 ( Team Rynkeby)","15000","Pent brukt - I god stand","Bianchi","","Landevei","Bianchi","Team Rynkeby","2018","47cm","700c","Shimano Ultegra Di2","true","false","true","🔧 Spesifikasjoner og oppgraderinger: • Str: 47 cm (passer ryttere ca. 155–165 cm) • Ramme: Bianchi Team Rynkeby karbon 2018) • Girgruppe: Shimano Ultegra Di2 (elektronisk giring, oppgradert fra original) • Hjulsett: Shimano RS med nye dekk, står med carbomania forhjul, kan følge med for 2000kr. • Bremser: Shimano ultegra • Styre og stem: Originalt (På bildet følger ikke med. • Pedaler følger ikke med 🚴 ♀️ Sykkelen er godt vedlikeholdt, elektronisk giring fungerer perfekt, og den er nylig fått service. Hadde siste full service mai 2024 der det ble byttet kjede,kasset,dekk klosser trinsehjul Pris kan diskuteres ved hurtig avgjørelse. Vis hele beskrivelsen NB: Knappen for å vise hele beskrivelsen har kun en visuell effekt.","5305 Florvåg"
"444499673","https://www.finn.no/recommerce/forsale/item/444499673","2026-03-02T15:42:16.842Z","Cannondale Supersix EVO Ultegra: Rask og lett! (Passer 170-175 cm)","40000","Pent brukt - I god stand","Cannondale","Unisex","Landevei","Cannondale","Supersix EVO Ultegra","2020","51","700c","Shimano Ultegra","true","true","false","Cannondale Supersix EVO Ultegra. Ramme str 51 (passer ca. 170-175 cm, jeg er selv 173). 2020-modell. Ingen krasj, ingen skader. Kjøpt ny hos Anton sport. Jevnlig service, ettersyn og skifte av slitedeler hos Anton sport. Bremser: Shimano Ultegra skivebremser. Gir: Shimano Ultegra. Ekstrautstyr for ca. 30.000 kroner følger med: - Cannondale aerostyre 40 cm med Garmin-pinne (2020, nypris ca 5000) - Hunt karbonfelger 55 mm (2024, nypris ca 15.000). Raske, lette - og med høy score i tester. Er satt opp tubeless (uten slange) i dag. - Stages wattkrankarm for kraftmåling, 170 mm (2024, nypris ca 10.000) - 2 stk av de letteste og dyreste flaskeholderne Farge: Sort matt. Utveksling er oppdatert for både å gi lett klatring og moment også ved høyere fart. En rask, lett og komfortabel landeveisykkel som vil gi mye glede. Responsiv i klatring, stabil i nedkjøring - og ganske så lekker. Vis hele beskrivelsen NB: Knappen for å vise hele beskrivelsen har kun en visuell effekt.","1359 Eiksmarka"
"444451712","https://www.finn.no/recommerce/forsale/item/444451712","2026-03-02T15:42:18.435Z","Scott Foil 40","6500","Godt brukt - Synlig brukt","Scott","Unisex","Landevei","Scott","Foil 40","","","","Shimano 105","true","false","false","Scott Foil 40 er en aero landeveissykkel utviklet for å være rask og effektiv under alle forhold. Sykkelen har en aerodynamisk HMF karbonramme og komplett Shimano 105-gruppesett. Et svært godt valg som budsjett-racer for trening og konkurranse.","4058 Tananger"
"407632986","https://www.finn.no/recommerce/forsale/item/407632986","2026-03-02T15:42:20.259Z","Ny pris Meget pen s-works med di 2.","20000","Pent brukt - I god stand","Specialized","","Landevei","Specialized","S-Works","2012","56","","Shimano Dura-Ace Di2","true","true","true","Veldig fin sykkel med mye utstyr.mad fiber carbon hjul.ovale drev.watt måler i pedal.garmin 520 computer.sykkelen er 2012model str 56.men har ikke vert brukt siste 5 år.altid stått inne.treningshjul følger med","4821 Rykene"
"444262836","https://www.finn.no/recommerce/forsale/item/444262836","2026-03-02T15:42:22.366Z","Canyon Endurance CF6 - Medium","16500","Pent brukt - I god stand","Canyon","","Landevei","Canyon","Endurance CF6","","Medium","","Shimano Tiagra","true","false","false","Nydelig Canyon Endurance CF6 i størrelse medium! Dette er en fantastisk modell som har alt; full karbonramme, anerkjent merke Canyon, integrert kabelføring, aerostyre i karbon, og hjul og drivverk fra anerkjente Shimano og Fulcrum. Til denne prisen er dette sjeldent, så her kan du gjøre et kupp!😃 Materiale: Karbon Gruppesett: Tiagra Fremgir: 105 Hjulsett: Fulcrum db900 Størrelse: Medium - se bilde for høyde (Denne passer ca 175-185) Nypris i dag: rundt 25 000kr (Aerostyre på min følger ikke dagens nyeste cf6) - Hydrauliske skivebremser - Integrert karbonstyre - SPD-SL pedaler følger med - Ny styretape Sykkelen er utrolig pen og tilnærmet ny, og alle slitedeler er i tipp topp stand. Dette er foruten de små ripene på rammen (kun kosmetiske) og det som er beskrevet i neste avsnitt etter en skade: Sykkelen har vært utsatt for et uhell der det ene setestaget fikk en mindre skade. Jeg har selv reparert dette, og har tidligere erfaring med karbonreperasjoner. Bilder før, underveis og etter kan sendes på forespørsel. Reperasjonen er gjort solid og med god sikkerhetsmargin - altså mye tykkere karbonlag enn før. Antakelig er den mer robust enn før reperasjonen, så her er det ingenting å utsette på bruken:) Høyre girhendel er litt bøyd, men både bremsefunksjon og giringen er upåvirket, så det er kun kosmetisk. Sykkelen selges som den er Kan hentes i Skien! Send melding for en uforpliktende prat😄 Vis hele beskrivelsen NB: Knappen for å vise hele beskrivelsen har kun en visuell effekt.","3746 Skien"
"435690787","https://www.finn.no/recommerce/forsale/item/435690787","2026-03-02T15:42:23.947Z","Fuji Altamira c5 carbon landeveissykkel. Må hentes","7500","Pent brukt - I god stand","","","Landevei","Fuji","Altamira C5","","55 (L)","","Shimano 105","true","false","false","Fuji Altamira c5 carbon landeveissykkel Str 55(L) Fuji Altamira c5 carbon ramme Shimano 105 rim brems Shimano ultegra krank (172.5mm) Shimano RS hjulsett Fizik Antares sete Elite vico Carbon flaskeholdere ( 1 er ødelagt)","1832 Askim"
"410633180","https://www.finn.no/recommerce/forsale/item/410633180","2026-03-02T15:42:25.429Z","Canyon Ultimate CF SL F8 strl. L","17000","Pent brukt - I god stand","","Unisex","Landevei","Canyon","Ultimate CF SL F10","","L","700c","Shimano Ultegra R8000","true","false","false","Selger min fantastiske Canyon ultimate CF SL F10. Sykkelen er i topp stand, var sist på service hos Unaas i mars 2025 hvor kassett, kjede og drev ble byttet. Vasket og vedlikehold med kjærlighet i mine 5 år som eier. Slitedeler er jevnlig byttet ut. Ultegra R8000 11 speed gruppesett bortsett fra drevet, som ble byttet til 105 (52-36) på service hos Unaas i mars. Dekkene er Vittoria corsa graphene 2.0 28mm. Hjulene er Mavic ksyrium elite med aeordynamiske eiker, som man merker på speed og stivhet. Pedaler følger ikke med. Ta kontakt dersom du har spørsmål eller vil prøve den. Kan sendes på kjøpers regning og risiko.","0579 Oslo"
"435212700","https://www.finn.no/recommerce/forsale/item/435212700","2026-03-02T15:42:27.118Z","Merida sykkel","6500","Som ny - Ikke synlig brukt","Merida","Herre","Landevei","Merida","","","","","","false","false","false","Nesten ubrukt sykkel selges","9700 Lakselv"
"425669311","https://www.finn.no/recommerce/forsale/item/425669311","2026-03-02T15:42:28.595Z","Caad10","7000","Godt brukt - Synlig brukt","Cannondale","","Landevei","Cannondale","CAAD10","","58","700c","Shimano 105","false","false","false","Caad-syklene fra Cannondale er vel fremdeles blant de bedre ""bang for buck""-syklene du får kjøpt. Aluramme, størrelse 58, av høy kvalitet med lav vekt. Sykkelen veier 8.5 kg som den selges inkl Ultegra spd-sl pedaler. I hovedsak originalkomponenter, Shimano inkl 105, foruten oppgradert hjulsett til campagnolo zonda. Selges grunnet flytting bort fra asfalten. Sykkelen har godt av en skikkelig service","0758 Oslo"
"444353399","https://www.finn.no/recommerce/forsale/item/444353399","2026-03-02T15:42:30.127Z","White RR Ultimate Carbon","8250","Pent brukt - I god stand","","Unisex","Landevei","White","RR Ultimate Carbon","","52 M","700c","SRAM Force","true","false","false","Lufter min landeveissykkel for salg da jeg ikke bruker den så ofte som jeg skulle ønske, og tenker noen andre kan ha mer glede av denne. Sykkelen er av typen White RR Ultimate Carbon og fremstår som nærmest ubrukt Spesifikasjoner: Ramme: Carbotec Gaffel: Carbotec (carbon) Hjul: Mavic Ksyrium Elite Gir: SRAM Force Krank: SRAM Force (carbon) Bremser: SRAM Force Størrelse: 52 M Pedaler: Shimano PD RS500 (nye fra H2024) Nypris: 18999,- Flere bilder kommer! Nesten helt ubrukte sykkelsko i str. 43 kan følge med på et tillegg på 1000,- Hvis du lurer på noe eller vil møtes for å se på sykkelen, kan du bare sende meg en henvendelse😁 P.S: Prisen er diskuterbar Vis hele beskrivelsen NB: Knappen for å vise hele beskrivelsen har kun en visuell effekt.","1464 Fjellhamar"
"417551110","https://www.finn.no/recommerce/forsale/item/417551110","2026-03-02T15:42:32.051Z","TREK Madone 5.9 SL (fullkarbon (OCLV 110), 62 cm (XL)) - tidligere toppmodell.","28000","Pent brukt - I god stand","Trek","Herre","Landevei","Trek","Madone 5.9 SL","","62cm","700c","Shimano Dura-Ace","true","true","false","Selger en særdeles godt holdt og velutstyrt landeveissykkel/racersykkel av typen TREK Madone 5.9 SL (fullkarbon). Dette var toppmodellen fra den amerikanske sykkelprodusenten TREK da den kom på markedet. Den er utstyrt med en effektiv, nøyaktig og særdeles pålitelig drivlinje av typen Shimano Dura-Ace. Rammen er lakkert i en vakker marineblå/mellomblå metallic farge. Dette er en virkelig tiltalende og ""energigivende"" palett (se bilder). Spesielt pen å se på når sollyset treffer rammen. Sykkelrammen er laget i størrelse 62 cm. Dette tilsvarer rammestørrelse XL i dagens rammeprogram fra TREK. Sykkelen passer ypperlig til personer med kroppshøyde mellom 185 og 205 cm. Selv er jeg 190 cm, og veier om lag 90 kg. Rammen er stiv, men tar samtidig unna mye vibrasjon/støt når hjulene ruller over ujevnheter på asfalten. Sykkelen leveres med to hjulsett. Det ene er hjulene som sykkelen ble levert med (Bontrager Race Lite). Det andre hjulsettet er produsert av det anerkjente merket Campagnolo. Disse ble kjøpt i 2014 for 24.000,-. Modellen heter Bora Ultra. Dette er solide og meget lette karbonhjul med ståleiker. Høyden på felgprofilen er ca. 7 cm. Gir ekstra fart, gjør det lettere å sykle raskt, og kjennes svært stødige/stabile og solide ut. Felgene er benyttet under triatlon-konkurranse (Ironman). TREK Madone 5.9 SL'en har vært en spektakulær sykkel å bruke til både trening og konkurranser. Den veier kun 7,5 kg (rigget som på bildene), har en geometri som gir en relativt komfortabel sittestilling, et styre som innbyr til fart og aggresive fartsøkninger, et girsystem som alltid leverer 100% i motbakke, på flater og i spenstige nedoverbakker, samt en ramme som takler alle kreftene du legger ned i hvert pedaltråkk. Man kan lure på hvorfor jeg har besluttet å selge kremsykkelen. Årsaken er at jeg nå har bestemt meg for å bytte den ut med en rendyrket triatlon-sykkel - for å spare inn enda noen sekunder på sykkeletappen. Sykkelens tekniske spesifikasjoner er som følger: - Ramme: OCLV 110 karbon (håndbygd i USA). - Gaffel: Bontrager Race XXX Lite, OCLV 110 karbon. - Hjulsett 1: Bontrager Race XXX Lite. - Hjulsett 2: Campagnolo Bora Ultra, karbon (kjøpt for 24.000,-). - Dekk på hjulsett 1: Bontrager. - Dekk på hjulsett 2: Continental Grand Prix 4000 S II, 700x23c. - Kranksett: Shimano Dura-Ace 50/34 172.5mm FC-7950. - Girskifter: Shimano Dura-Ace, 10-trinns ST-8701 - Framgir: Shimano Dura-Ace, FD-7800. - Bakgir: Shimano Dura-Ace, RD-7800. - Tannhjul: Shimano 11-28, 10-trinns CS-6800. - Flaskestativ (2 stk.): Minoura. - Bremsesett: Shimano Dura-Ace BR-6500. - Setepinne: Bontrager Race XXX Lite, karbon 27.2. - Styre: Bontrager Race X Lite, karbon, 31,8 40 cm. - Stem: Bontrager Race XXX Lite, 31,8 100 mm. - Styreteip: Bontrager. - Vaiere og innkapsling: Shimano. Sykkel og ekstra hjulsett selges for 28.000,-. Doningen er klargjort for omgående levering. Kan sendes mot at kjøper betaler for frakten. Vis hele beskrivelsen NB: Knappen for å vise hele beskrivelsen har kun en visuell effekt.","3159 Melsomvik"
"419756834","https://www.finn.no/recommerce/forsale/item/419756834","2026-03-02T15:42:33.647Z","Orbea Orca M20 Ultergra di2 2020 (str. 57/L)","35000","Pent brukt - I god stand","Orbea","Unisex","Landevei","Orbea","Orca M20","2020","57","","Shimano Ultegra Di2","false","true","true","Orbea Orca M20 Ultegra di2 (elektriske gir fra Shimano) str. 57. Shimano Ultegra di2 Vision SC40 karbonhjul Plass til dekk opp til 35mm bredde. Innvendig kabelføring. Flaskeholdere og pedaler medfølger.","1357 Bekkestua"
"428195215","https://www.finn.no/recommerce/forsale/item/428195215","2026-03-02T15:42:35.334Z","Orbea Orca OMX M21eLTD - SRAM Force eTap AXS","35000","Pent brukt - I god stand","Orbea","","Landevei","Orbea","Orca OMX M21eLTD","2020","57","","SRAM Force eTap AXS","true","true","true","Selger en pent brukt Orbea Orca OMX M21eLTD i str 57. Sykkelen ble kjøpt i 2020, lite brukt og godt ivaretatt. Ramme: Orbea Orca OMX str 57 Gir gruppe: SRAM Force eTap AXS Kassett: SRAM XG-1270 10-28t 12-delt Bremser: SRAM Force eTap AXS Hjul: Vision 40 SC Disc Carbon TLR CL Stem: selges med 120mm stem, avviker fra bilder. Det er ved montering av kranklager benyttet 0,15mm shim i stål, for å kompensere for et for et lite hull på driv siden av rammen. Dette har ingen betydning for verken ytelse eller utseende😊 Vekt som avbildet: 7,9kg Bare å ta kontakt skulle det være noen spørsmål!","1357 Bekkestua"
"444294717","https://www.finn.no/recommerce/forsale/item/444294717","2026-03-02T15:42:36.908Z","Specialized Tarmac SL6 Sport (2019) – Str. 52 – Strøken, kun 700 km","21500","Pent brukt - I god stand","Specialized","Unisex","Landevei","Specialized","Tarmac SL6 Sport Disc","2019","52","700c","Shimano 105 R7000","true","false","false","Selger en Specialized Tarmac SL6 Sport Disc 2019 i størrelse 52, farge Gloss Black/Blue. Sykkelen er i svært god stand, nesten som ny, og kun brukt ca. 700 km. Alltid oppbevart innendørs og jevnlig vedlikeholdt. Dette er en lett, responsiv og komfortabel karbonracer som passer perfekt for både mosjonister og ambisiøse syklister. Størrelse 52 passer vanligvis ryttere ca. 163–172 cm (avhengig av preferanse og posisjon). Ramme: Specialized Tarmac SL6 FACT 9r karbon Størrelse: 52 (UCI‑godkjent ramme) Gruppe: Shimano 105 R7000 (komplett gruppe) Bremser: Shimano 105 hydrauliske skivebremser Hjulsett: DT Swiss R470 DB Gaffel: FACT karbon, thru‑axle Dekk: 700x26 Setepinne: S-Works FACT karbon","4022 Stavanger"
"444279316","https://www.finn.no/recommerce/forsale/item/444279316","2026-03-02T15:42:38.560Z","Diamant R2","7500","Pent brukt - I god stand","","Herre","Landevei","Diamant","R2","","57","","SRAM","true","false","false","Landevei sykkel selges. Er en karbon sykkel med sram utstyr Hel og fin sykkel Str 57 Jeg er 186cm høy","2760 Brandbu"
"425567421","https://www.finn.no/recommerce/forsale/item/425567421","2026-03-02T15:42:40.086Z","Fenix SLiC","25000","Pent brukt - I god stand","","Unisex","Landevei","Ridley","Fenix SLiC","","M, 57 cm","28''","Shimano 105 R7000","true","false","false","Allround landeveissykkel av karbon, med fullt integrerte vaiere. For ryttere som ser etter den perfekte balansen mellom stivhet, komfort og aero. Vekt: 8,59 kg i 57 cm/medium størrelse . Fenix SLiC er den perfekte allround-sykkelen, som kombinerer stivhet, komfort og gir aero-integrasjon. Alle vaierne er helt integrert i stem og styre, og går direkte inn i rammen. Denne integrasjonen gir en stor aero-fordel og beskytter alle vaierne mot vann og smuss. Høydepunkter: - Karbongaffel på karbonramme med fullt integrerte vaiere - Shimano 105 2 x 11 gruppesett - Shimano RS171 DB Tubeless Ready-hjul - Vittoria Zaffiro Pro-dekk Fenix SLiC er den nyeste og mest allsidige sykkelen innen Fenix-familien. Sykkelen tilbyr den perfekte blandingen mellom stivhet og komfort. Den karakteristiske Ridley Diamond-formen på over- og underrøret gir ekstra stivhet og styrke til rammen, i tilfelle sidestøt. Den nedre delen av rammen (styrerør, underrør, kjedestag) er utviklet for å optimalisere kraftoverføringen og konvertere hvert pedaltråkk til hastighet. Den øverste delen av rammen (topprør, setetør og setestag) er utviklet for å gi ekstra komfort i lange timer i setet, ved å filtrere bort vibrasjonene fra veien. I dette nyeste medlemmet av Fenix-familien er alle vaierne integrert direkte i rammen. Denne integrasjonen skaper en perfekt, ren front, for å unngå turbulens og forbedre aerodynamikken til sykkelen. Shimano 105-gruppesettet bruker mye av teknologien som kommer fra de dyrere og posisjonerte gruppesettene som Ultegra eller Dura Ace. Gruppesettet er et godt valg for syklister som ønsker et gruppesett med høy kvalitet og god pålitelighet. De hydrauliske bremsene gir god modulering og kontroll under alle forhold. Shimano RS171 DB er et pålitelig hjulsett som kan brukes under alle forhold. Felgene er slangeløse og har en innvendig bredde på 19 mm, slik at de passer til et bredt utvalg av dekkbredder. Hjulet har 28 eiker og navene er utstyrt med kontakttetninger og koniske lagre, som sikrer holdbar ytelse. Presis girskifting og perfekt modulering på de hydrauliske bremsene gir deg rom til å fokusere fullt på turen, helt uten bekymringer. Spesifikasjoner: HOVEDKOMPONENTER - Ramme: Fenix, 30T-24T HM UD Carbon, Diamond Shape, F-Steerer Head Tube, TA 12 x 142 mm - Gaffel: Fenix, 30T-24T HM UD Carbon, TA 12 x 100 mm - Hjulsett: Shimano RS171 DB, Tubeless Ready - Bremser: Shimano 105, R7020, Flatmount - Dekk: Vittoria Zaffiro Pro - Hjulstørrelse i tommer: 28'' - Vekt: 8,59 kg (veid av oss i medium rammestørresle) DRIVVERK - Antall gir: 22, 2 x 11 - Fremre girskifter: Shimano 105, R7000 - Bakre girskifter: Shimano 105, R7000 - Girspak: Shimano 105, R7020 - Kassett: Shimano 105, R7000, 11-32T - Krank: Shimano 105, R7000, 50-34T - Kjede: KMC X-11 COCKPIT - Sete: Forza Stratos - Setepinne: Forza Stratos 27,2 x 350 mm - Styre: Forza Cirrus ICR; fall: 125 mm / rekkevidde: 78 mm; 40: XS, 42: S-M-L-XL - Styrestamme: Forza Stratos Ramme størrelse: M, 57 cm, 170–190 cm. Hentet fra xxl og Nypris ca 30 000kr. Er litt bruksmerker men relativt fin stand☺️ Vis hele beskrivelsen NB: Knappen for å vise hele beskrivelsen har kun en visuell effekt.","2318 Hamar"
"444243894","https://www.finn.no/recommerce/forsale/item/444243894","2026-03-02T15:42:41.664Z","Cyclone Head, Landeveissykkel","5000","Som ny - Ikke synlig brukt","","Herre","Landevei","Cyclone","Head","","56cm","","","false","false","false","Landeveissykkel til salgs. Sykkelen har vært lagret inne på tørt og varmt sted i et par år nå. Da den bare samler støv og tar plass er den nå til salg for rimelig pris. Karbon gaffel med ramme av aluminium. Ufattelig lett Rammestørrelse er på 56 cm Ganske strøken og er nok en del valuta for pengene. Kan for all del leveres i Oslo inkl i prisen.","2170 Fenstad"
"429742299","https://www.finn.no/recommerce/forsale/item/429742299","2026-03-02T15:42:44.037Z","Fara f/Road 2024 56cm","40000","Pent brukt - I god stand","","Unisex","Landevei","Fara","f/Road","2024","56cm","700c","SRAM Rival AXS","true","true","true","Veil. (70000 kr) Den har Sram Rival axs med oppgradert Sram Red/force kranksett Sram red drevet er egentlig en wattmåler, men måleren funker ikke. Alt av bruksmerker vises på bildene, de er kun kosmetiske. Det er beskyttelsesfilm på bremsespakene og force krankarmene Styret er 120x360 med bra flare. Pedaler kan følge med om ønskelig. Er satt opp tubeless i september Har selvsagt en til flaskeholder, bare ikke på bildet Setet er prologo scratch m5 Hjulsettet er Zipp303s veldig gode hjul med 45mm profil og 23mm intern bredde med hookless. Jeg har også sram red armer 175mm og Force drev 48t som sies på bildeteksten følges med etter ønske Jeg er andre eier, men forrige hadde knapt brukt den. Den har Ca. 10 000km ifølge Strava Selger fordi jeg har vokst ut av den. Det er en veldig god sykkel som har vært veldig god for konkurering på juniornivå. Holder til i bergen men kan sendes på kjøpers regning. Vis hele beskrivelsen NB: Knappen for å vise hele beskrivelsen har kun en visuell effekt.","5151 Straumsgrend"
"428045736","https://www.finn.no/recommerce/forsale/item/428045736","2026-03-02T15:42:45.964Z","Trek Emonda SLR10 Team Issue","12500","Pent brukt - I god stand","Trek","Unisex","Landevei","Trek","Emonda SLR10 Team Issue","","58","700c","Shimano 105","true","true","false","Veldig sprek Trek Emonda SLR10 Team Issue selges! Ramma kjøpt ubrukt i 2018, og bygget opp av kvalitetskomponenter av forrige eier. Samme ramme som Andy Schlek hadde i TDF i 2014. Pent brukt som pendlersykkel de 2 siste sesongene. Noen kosmetiske merker etter normal bruk, men ingen velt. Lagret innendørs. Specs: Ramme: OOCLV Carbon 700. Meget lett, håndlaget i USA. Str: 58 (passer ryttere 179cm - 186cm i følge Trek) Bremser: Dura Ace 9100 direct mount Dekk: Continental GP 5000 Felg: Aerlite Elite 55 carbon hjulsett Nav: DT Swiss 350 Stem: Pro vibe Carbon 110 mm Styre: Pro vibe aluminium Krank: Shimano Ultegra (52-36) Kassett: 11 - 28 Gir: Shimano 105 Sete: fizik alliante r5 Garmin feste: K-edge Nettopp byttet styretape, dekk, felgbånd og slanger. Vis hele beskrivelsen NB: Knappen for å vise hele beskrivelsen har kun en visuell effekt.","0655 Oslo"
"349439852","https://www.finn.no/recommerce/forsale/item/349439852","2026-03-02T15:42:48.120Z","Wilier Garda (elektriske gir) Karbonhjul Størrelse L","38000","Som ny - Ikke synlig brukt","Andre merker","Unisex","Landevei","Wilier","Garda","2023","L","","SRAM Rival AXS","false","true","true","Selger en Wilier Grada 2023-modell i topp stand! Sykkelen har kun rullet ca. 900 km, er godt vedlikeholdt og fremstår som nærmest ny. Sykkel ble kjøpt hos Unaas Oslo mai 2023 Oppgraderte karbonhjul fra Unaas til en verdi av 12.990 kr SRAM Rival AXS elektronisk gir for presise girskift Lett, responsiv og komfortabel sykkel – perfekt for langturer! Wilier er en anerkjent italiensk sykkelprodusent, kjent for kvalitet og innovasjon. Merket har vært brukt i Tour de France av flere profflag En rå sykkel! Pris kan diskuteres ved kjapp handel! Ta kontakt ved interesse/flere spørsmål! Vis hele beskrivelsen NB: Knappen for å vise hele beskrivelsen har kun en visuell effekt.","0777 Oslo"
"444190080","https://www.finn.no/recommerce/forsale/item/444190080","2026-03-02T15:42:50.126Z","Eddy Merckx Corsa Extra","7000","Godt brukt - Synlig brukt","","Herre","Landevei","Eddy Merckx","Corsa Extra","","59cm","","Campagnolo","false","false","false","Vintage klassiker. 90-talls Eddy Merckx racer. Rammen har Columbus SLX rør. Lett og fin(til å være stål) Rammen er litt slitt noen steder og der er det pusset ned for å fjerne rust og så har den fått et lag med klarlakk. Plukket helt ned, rengjort og bygd opp igjen. Lagre smurt opp. Alle wire og strømper er byttet, ny styretape og nye dekk og slanger. 2x8 gir. Campagnolo utstyrsgruppe. Campagnolo Mexico 68 hjulsett med Shimano 105 nav. Rammatørrelse: Seterør: 59cm målt C-T Top tube: 58cm målt C-T Vis hele beskrivelsen NB: Knappen for å vise hele beskrivelsen har kun en visuell effekt.","1406 Ski"
"444156607","https://www.finn.no/recommerce/forsale/item/444156607","2026-03-02T15:42:51.734Z","BMC TM01 🔥 Ultegra Di2 + carbonhjul (DT350) – str. S – BMC Team-look","29000","Pent brukt - I god stand","","Unisex","Landevei","BMC","TM01","2021","S","","Shimano Ultegra Di2","false","true","true","Selger en skikkelig fin tempo-/landeveissykkel med Shimano Ultegra Di2 (11-delt) og carbonhjul. Lakkert i BMC team-fargene (2021) – ser brutal ut og går like bra. Sykkelen er pent brukt og klar for sesong. Spesifikasjoner: • Ultegra Di2 11-speed • Forza carbonhjul med DT 350-nav • Nye 26mm clincher-dekk • Profile Design styre + 3T bars • Rotor krank med ovale Rotor-drev • Str. S (typisk ca. 165–180 cm avhengig av posisjon) Levering: Kan sendes eller hentes. Visning/prøving etter avtale. 👉 Send melding med høyde og ønsket sittestilling, så svarer jeg raskt og ærlig på om den passer.","4812 Kongshavn"
"223403173","https://www.finn.no/recommerce/forsale/item/223403173","2026-03-02T15:42:53.383Z","Scott landeveisykkel str M","13500","Pent brukt - I god stand","Scott","","Landevei","Scott","","2007","M","","Shimano Ultegra","false","false","false","Scott landeveissykkel som er oppgradert fra 105 til ultegra. Hjulene er byttet til Easten hjul ( gode og stive hjul). Karbon gaffel og resten av sykkelen er i aluminium. Pedaler følger ikke med ( kan følge med med et tillegg på kr 500) Flaskeholder følger ikke med. Selve rammen er fra 2007, men alle byttene er gjort i fjor og er lite brukt siden den tid (brems, gir og krank er oppgradert fra 105 til ultegra).","0862 Oslo"
"444148493","https://www.finn.no/recommerce/forsale/item/444148493","2026-03-02T15:42:54.873Z","Argon 18 Radon – lett landeveissykkel med karbon","9900","Pent brukt - I god stand","","Unisex","Landevei","Argon 18","Radon","","M/L","","SRAM Rival","false","false","false","Oppsett: - Karbon forgaffel - Karbon baktriangel - Karbon setepinne (ASP1500) - SRAM Rival girgruppe - Felgbremser - To karbon flaskeholdere følger med Størrelse: RA86 (tilsvarer ca. M/L). Passer typisk for ca. 175–185 cm, avhengig av preferanse. Sykkelen har stått lagret tørt og vært svært lite brukt de siste årene. Fremstår pen med normal bruksslitasje. Lett og effektiv landeveissykkel egnet for trening og tur. Kan ses på Nesodden etter avtale. Jobber i Oslo, så levering der kan også ordnes.","1452 Nesoddtangen"
"357797245","https://www.finn.no/recommerce/forsale/item/357797245","2026-03-02T15:42:56.477Z","Trek Speed Concept 9.9 2018","19000","","","","Landevei","Trek","Speed Concept 9.9","2018","Medium","","Shimano Di2","true","false","true","Trek Speed Concept 9.9 str Medium elektronisk gir Dette var en av de råeste på markede når den ble lansert. 9.9 utgaven er topp modellen med den dyreste og letteste rammen av sped Concept rammene fra 2018. Selges uten hjul og pedaler Sitero sete på bilde er ikke det som selges med sykkelen. Shimanano Di2 2x11 Har oppvarmings boks bak som hører til og lader følger med.","2070 Råholt"
"420601326","https://www.finn.no/recommerce/forsale/item/420601326","2026-03-02T15:42:58.544Z","Cannondale system six Landeveissykkel Herre","11000","Pent brukt - I god stand","Cannondale","Herre","Landevei","Cannondale","System Six","","56","700c","Shimano Dura-Ace","true","false","false","RAMME 56. CANNONDALE SYSTEM SIX, MAVIC KSYRIOUM RAMME 56, SLS HJUL, NYE VITORIA RUBIN PRO CONTROL DEKK. DURA ACE BAKGIR OG KRANK. ULTERGRA BREMSER, OG SKIFTER FORAN CARBON. SETEPINNE, STYRE OG STEM. FLASKEHOLDER OG PEDALER FØLGER MED. SYKKELEN ER 17 ÅR,MEN LITE BRUKT. SYKKELEN HAR VÆRT TIL SJEKK OG OVERHALLING I DAG 3.11. PÅ FORNEBU S, Anton sport. SKIFTET KJEDE OG NYTT STEM SYKKELEN ER I MEGET GOD STAND. SYKKELEN KAN SEES PÅ FORNEBU.","1364 Fornebu"
"435395493","https://www.finn.no/recommerce/forsale/item/435395493","2026-03-02T15:43:00.131Z","Look 695 Aerolight DuraAce Di2","22000","Pent brukt - I god stand","","Herre","Landevei","Look","695 Aerolight","","M","","Shimano Dura Ace Di2","true","true","true","Topp sykkel selges grunnet endret behov. Sykkelen er godt holdt og i vinter fikk sykkelen full overhalling med nye bremser, wire og strømper mm. Sykkelen har Dura Ace Di2 system. Jeg har er Carbomania 55mm clincher hjulsett som sykkelen vil selges med. Det er også mulig å selge sykkelen med tubular hjulsett som står på nå. Str: M Sykkelen selges uten pedaler","5225 Nesttun"
"444053307","https://www.finn.no/recommerce/forsale/item/444053307","2026-03-02T15:43:01.569Z","Bianchi Superleggera HC 55cm Full Carbon","15000","Pent brukt - I god stand","Bianchi","Unisex","Landevei","Bianchi","Superleggera HC","","55cm","","","true","false","false","Selger en pen og velholdt Bianchi landeveissykkel i klassisk hvit/rød/svart design. Sykkelen fremstår som hel og pen, uten synlige skader på ramme. Har vært lagret tørt innendørs. Passer godt for deg som ønsker en lett og responsiv landeveissykkel fra et anerkjent italiensk merke. Se bilder for mere info om komponenter og tilstand. Jeg har ikke så mye informasjon om denne da det har vært min far som har eid den tidligere. Han var sirka 180 cm lang, rammen er merket med «55cm from top to bottom» Har du noen spørsmål så er det bare å sende en melding så skal jeg prøve å svare etter beste evne 🙂.","3050 Mjøndalen"
"424652454","https://www.finn.no/recommerce/forsale/item/424652454","2026-03-02T15:43:03.083Z","BMC Team Machine slr01 dura ace di2 str. 56","35000","Pent brukt - I god stand","","Unisex","Landevei","BMC","Team Machine SLR01","2019","56","700c","Shimano Dura Ace Di2","true","true","true","Selger en brukt BMC Team Machine slr 01 fra 2019. Sykkelen er ekstremt stiv, responsiv og livlig å sykle på. Sykkelen er i størrelse 56, passer nok mellom 178-188, selv er jeg 184 og sitter veldig godt på den. Gir, bremser og komponenter er Shimano Dura Ace, med en Ultegra høyre hendel. 11-delt gruppe. Dura Ace wattkrank med 170 mm lange krankarmer. Sykkelen har noen bruksmerker på gaffelen, men er generelt i veldig bra stand. Sykkelen selges med DT Swiss prc 1400 spline karbonhjul. Solide karbonhjul med lav vekt, bra kombinasjon mellom aero og lav vekt. Hjulene er satt opp tubeless. Ta kontakt for en hyggelig sykkelprat, flere bilder og mer detaljer kommer. Selges uten pedaler. Vis hele beskrivelsen NB: Knappen for å vise hele beskrivelsen har kun en visuell effekt.","0482 Oslo"
"443965093","https://www.finn.no/recommerce/forsale/item/443965093","2026-03-02T15:43:04.989Z","SpesialBygd Trek Emonda ALR - str. 52, 105 Di2","28250","Pent brukt - I god stand","Trek","Unisex","Landevei","Trek","Emonda ALR","","52","","Shimano 105 R7170 Di2","false","false","true","Spesialbygd Trek Emonda ALR i nesten ny stand til salgs. Kjørt bare 1000 km, sykkelen var eid og vedlikeholdt av en sykkelmekaniker. Totalvekt er 8.45 kg. Spesifikasjoner følger. Ramme: Emonda ALR Disc (str. 52) Gruppesett: Shimano 105 R7170 Di2 (med 4 års garanti igjen) Kranksett: Shimano 105, 170mm, 50/34T Kassett: Shimano 105 11-34T Hjulsett: Fulcrum Racing 400 DB Dekk: Continental GP 5000 TLR Styre: Bontrager Comp Road 40 cm Den nye prisen på den samme sykkelen er 45,000 kroner. Bare gi meg beskjed hvis du har spørsmålene!","0355 Oslo"
"425338392","https://www.finn.no/recommerce/forsale/item/425338392","2026-03-02T15:43:07.743Z","Trek sykkel","5000","Pent brukt - I god stand","Trek","Dame","Landevei","Trek","","","15""","","","false","false","false","Trek sykkel, for dame selges. 15’’ sykkel. Den er nesten ikke brukt. Det følger med en skjerm på styret, med sensor på hjulet, som viser hvor langt man har syklet og hastighet (det må byttes batterier). Dekkene trenger luft. Selges som den er, uten noen garanti.","3261 Larvik"
"434619245","https://www.finn.no/recommerce/forsale/item/434619245","2026-03-02T15:43:09.228Z","Tantan x68","8000","Helt ny - Uåpnet/med lapp","","","Landevei","Tantan","X68","","","","","false","false","false","Kjøpt direkte fra Tantan Inspirert av SL8 Ramme veier rett over 800g. BSA kranklager. Har ikke tid til å bygge denne opp eller å sykle på den.","4521 Lindesnes"
"453576942","https://www.finn.no/recommerce/forsale/item/453576942","2026-03-03T12:44:36.693Z","CANNONDALE SYNAPSE HI-MOD - SRAM RED","23000","","Cannondale","Herre","Landevei","Cannondale","Synapse Hi-Mod","","M","","SRAM Red","true","false","false","Cannondale Synapse Hi-Mod – Perfekt balanse mellom komfort og ytelse! Om en er på jakt etter ny sykkel til sommeren er det bare å gripe muligheten. Selger nå denne nydelige Cannondale sykkelen. Selger min Cannondale Synapse Hi-Mod, en toppmodell og fantastisk landeveissykkel av carbon som kombinerer komfort, respons og fart. Denne modellen er kjent for sin allsidighet – perfekt for lange turer, krevende klatringer og raske utforkjøringer. Uten at det går på stor bekostning av fart har denne betraktelig bedre komfort enn aero modellene. Sykkelen passer like godt for en som tar sykkelsporten seriøst eller en mosjonist som ønsker en ekstremt bra sykkel av komfort til helgeturene sine. Fin til deg som er ny, erfaren eller jakter en bra oppgradering. Sykkelen er oppgradert til Sram Red fra Shimao Ultegra slik vekt er 7,2kg i str 58 kontra 8,3kg i str 56 med Ultegra slik den står idag. Red er toppgruppen til Sram, noe som garanterer kvalitet, presis og pålitelig giring. Sykkelen er jevnlig vedlikehold, tatt godt vare på og klar for å ta i bruk på dagen. Den er brukt men har lang levetid igjen da kvaliteten er såpass bra. Bruksmerker må medregnes på en brukt sykkel samt at det er en kosmetisk skade litt bak kranken, synlig på bildet som er lagt ved. Den er str M, noe som vil passe godt for dem i området 174 og 184. Så er det alltid litt individuelle tilpasninger samt smak og behag. Jeg selv er 186 og hopper litt frem og tilbake mellom L/M og føler jeg sitter veldig behagelig på denne. Om en er usikker på str ta gjerne kontakt så vil det være muligheter for å prøve eller være behjelpelige til en vurdering. Sykkelen kan selvfølgelig sendes men det vil være på kjøpers risiko og regning. Kan også være behjelpelig på å få den fraktet til området Rogaland. Om det skulle være noen du lurer på må du veldig gjerne ta kontakt. Vis hele beskrivelsen NB: Knappen for å vise hele beskrivelsen har kun en visuell effekt.","4318 Sandnes"
"304595981","https://www.finn.no/recommerce/forsale/item/304595981","2026-03-03T12:44:38.411Z","""Neo Vintage"" Peugeot landeveissykkel","18000","Pent brukt - I god stand","","Unisex","Landevei","Peugeot","PSV10","","","","Shimano 105 R7000","false","false","false","Vurderer å selge min kjære neo-vintage/retro Peugeot racer. Det er med noe tungt hjerte, men den står for tiden og samler støv, så hadde håpet noen kan få brukt den mer enn meg. Sykkelen ble opprinnelig kjøpt som et restaureringsprosjekt, og siden det har jeg oppgradert det meste av deler. Tror modellen opprinnelig er en Peugeot PSV10 med Reynolds-rør, men vanskelig å fastslå 100% da det ikke er så lett å finne informasjon på nettet. Rammen er lakkert i mosegrønn/racinggrønn og utsmykket med nye dekaler som likner de originale. Hjul og dekk er kjøpt nytt, i tillegg til et helt nytt, komplett Shimano 105 (R7000) gruppesett i sølv med felgbremser og STI-hendler. Størrelsen på rammen er relativt stor, så sykkelen passer nok best for lengre personer, rundt 180cm og oppover. Har ikke tatt nøyaktige mål av rammen, men kan sikkert få gjort dette om det skulle være interessant. Er også mulig å se et lite klipp, hvor sykkelen ble vist frem på GCN Tech sin YouTube-kanal: https://youtu.be/6jdUiwuS-7c?t=1128 Ta gjerne kontakt om du ønsker noe mer informasjon! Vis hele beskrivelsen NB: Knappen for å vise hele beskrivelsen har kun en visuell effekt.","0590 Oslo"
"453545865","https://www.finn.no/recommerce/forsale/item/453545865","2026-03-03T12:44:39.955Z","Trek Madone 4.5 karbon – lett landeveissykkel | Mye sykkel for pengene!","10000","","Trek","Unisex","Landevei","Trek","Madone 4.5","2011","","","","true","false","false","Vurderer du landeveissykkel til sesongen? Da er denne Trek Madone 4.5 et veldig godt kjøp. Trek Madone-serien er kjent for fart, komfort og kvalitet – og denne modellen gir fortsatt en utrolig god sykkelopplevelse til en hyggelig pris. ✅ Lett karbonramme ✅ Rask og responsiv sykkel ✅ Perfekt til trening, lange turer og ritt ✅ Stabil og komfortabel å sykle ✅ Klar for ny eier Sykkelen er pent brukt og fungerer som den skal. Normale bruksmerker finnes naturlig nok på en 2011-modell, men dette er fortsatt en solid kvalitetsykkel med mange gode mil igjen. 💰 Pris: 10 000 kr 📍 Kan sees og prøves etter avtale. 🚴 Perfekt tidspunkt å sikre seg landeveissykkel før sesongen starter – disse blir fort solgt når våren nærmer seg. Send melding på FINN ved interesse! Vis hele beskrivelsen NB: Knappen for å vise hele beskrivelsen har kun en visuell effekt.","1676 Kråkerøy"
"428373343","https://www.finn.no/recommerce/forsale/item/428373343","2026-03-03T12:44:41.576Z","BMC TMR01 Carbon racersykkel","25000","Pent brukt - I god stand","","","Landevei","BMC","TMR01","","52","","SRAM Red eTap","true","true","true","BMC TMR01 full Carbon Sram Red Etap med Quarc Dzero wattkrank 1x11speed Vekt 7.0kg Lightweight carbon pariser hjul Sykkelen er nylakkert og fremstår som meget strøken og velholdt Speedplay pedaler følger med Str 52 / small setehøyden på bilde er 73cm","4817 His"
"453521898","https://www.finn.no/recommerce/forsale/item/453521898","2026-03-03T12:44:43.172Z","Cannondale CAAD 10 54 cm Shimano 105","7500","Pent brukt - I god stand","Cannondale","Unisex","Landevei","Cannondale","CAAD 10","","53cm","700c","Shimano 105","false","false","false","Cannondale landeveissykkel for unisex med 53 cm ramme og 28""/700c hjul. Sykkelen har landeveisstyre med bukkestyre og smal profil tilpasset asfalt og lengre turer. Rammen er tilpasset 700c-hjul med smale dekk for effektiv trilling. Utstyrt med gir og bremser tilpasset landeveissykling. Passer til trening, pendling og turbruk på vei for førere som trives på en 53 cm ramme og standard 28""/700c hjulstørrelse. Sykkelen er utstyrt med Shimano 105. Nye GP5000 følger med. Syklet ca 100km. Pedalene følger ikke med. Rulla følger ikke med.","1708 Sarpsborg"
"453514649","https://www.finn.no/recommerce/forsale/item/453514649","2026-03-03T12:44:44.703Z","Landeveisykkel Thompson R-8200 fult ultegra utstyrt","12000","Pent brukt - I god stand","","Unisex","Landevei","Thompson","R-8200","","56","","Shimano Ultegra","false","false","false","Lite brukt Thompson R-8200 som er fult ultegra utstyrt Str 56 Det er carbongaffel, og aerodynamiske spiler Selges da vi nå har to barn og får ikke tid til å bruke den. Sykkelen er lite brukt, så håper andre vil få mange fine mil med den.","4790 Lillesand"
"453504659","https://www.finn.no/recommerce/forsale/item/453504659","2026-03-03T12:44:46.299Z","DARE MR1 Landeveisykkel","18000","Pent brukt - I god stand","","Unisex","Landevei","DARE","MR1","","L","700c","Shimano Ultegra","false","false","false","Shimano Ultegra gruppe. Brukt i 2 sesonger som konkuransesykkel og treningssykkel. Er meget fornøyd med sykkelen. Rammestørrelse L, som passer for rytter på 180cm +/-. Gode justeringsmuligheter på både sete/setepinne og på stem og høyde. Meget godt vedlikehold. Spylt av etter hver tur, og er vasket flere ganger i uka. Selges med Shimano Tiagra RS100 hjulsett med gp 5000 dekk 25mm Selges uten computerfeste Vis hele beskrivelsen NB: Knappen for å vise hele beskrivelsen har kun en visuell effekt.","2618 Lillehammer"
"426781505","https://www.finn.no/recommerce/forsale/item/426781505","2026-03-03T12:44:47.922Z","Fondriest Tf 1 str. 45","14000","Pent brukt - I god stand","","Unisex","Landevei","Fondriest","TF 1","","45","","Shimano Ultegra Di2","true","false","true","Fullcarbonsykkel fra italienske Fondriest i str. 2XS. Ultegra Di2. Jeg er 152 cm. og sykkelen passer perfekt. Rytterstørrelse 146 - 155. Kan sende etter privat avtale. Vekt ca. 7 kilo. Fulcrum racing hjulsett. Ligger pakket i eske, pluss porto. Kan levere Nedre Glomma og inntil Kolbotn.","1651 Sellebakk"
"453482556","https://www.finn.no/recommerce/forsale/item/453482556","2026-03-03T12:44:49.499Z","Focus Izalco Max Dura Ace","18000","Godt brukt - Synlig brukt","","Unisex","Landevei","Focus","Izalco Max","2018","50","700c","Shimano Dura Ace","true","false","false","Focus Izalco Max landeveissykkel med Dura Ace mekanisk gir. Svært lett og god sykkel. Tidligere toppmodell fra 2018. Selges som den er. Noen riper og ramme er fikset med ny carbon tidligere; se bilde. Girhetter bør byttes. Kjede, vaiere og bremseklosser er byttet i 2025. Shimanopedaler kan følge med. Str 50 XS-S. Passer alt fra 155-175cm høyde. Er selv 175. Annet sete følger med. Pakke med ny styreteip kan følge med om ønsket. Nypris for kun rammesett 33900,- Fulcrum alu hjul. Godt brukt, men fungere helt fint. Zipp stem. Vis hele beskrivelsen NB: Knappen for å vise hele beskrivelsen har kun en visuell effekt.","1358 Jar"
"453479646","https://www.finn.no/recommerce/forsale/item/453479646","2026-03-03T12:44:51.025Z","Merida landeveissykkel","6000","Pent brukt - I god stand","Merida","Unisex","Landevei","Merida","","","S/M (52cm)","","","false","false","false","Selger en pent brukt landeveissykkel da den ikke blir så mye brukt. Litt usikker på hvor gammel den er, men jeg har hatt den en sesong. Veldig fornøyd med den de gangende den har vært brukt! Sykkelen er størrelse S/M (52cm), og passer til en som er mellom 160-175 ca.","2618 Lillehammer"
"443837907","https://www.finn.no/recommerce/forsale/item/443837907","2026-03-03T12:44:52.665Z","S-Works Aethos","45000","Pent brukt - I god stand","","","Landevei","Specialized","S-Works Aethos","","54","700c","Shimano Dura-Ace Di2","true","true","true","Jeg selger en pent brukt sykkel på toppnivå. Svært pent brukt, med normale bruksspor. Jeg så to skader i klarlakken, så jeg reparerte dem også med klarlakk. Str. 54. Hele gruppesettet er Shimano Dura-Ace Di2 med krankarm-lengde 172,5 mm. Cockpit: Roval Alpinist SL 420/90 mm. Hjulsett: DT Swiss PRC 1450 Spline Carbon.","3271 Larvik"
"453625500","https://www.finn.no/recommerce/forsale/item/453625500","2026-03-03T15:43:38.995Z","Smykke selges. Canondale Caad 9","9000","Som ny - Ikke synlig brukt","Cannondale","Herre","Landevei","Cannondale","CAAD 9","2010","58","","","false","false","false","Sykkelen har kun gått 45 mil. Aldri veltet. Rammestørrelse 58. 2010 mod. Nypris 14000.- Stått i kjellerstua.","1870 Ørje"
"449614078","https://www.finn.no/recommerce/forsale/item/449614078","2026-03-03T15:43:40.849Z","FOCUS Izalco MAX 8.6 - Shimano 105 R7000 - str 52 (S) 2022 modell. Karbonhjul","19000","Pent brukt - I god stand","","Unisex","Landevei","Focus","Izalco MAX 8.6","2022","52","700c","Shimano 105 R7000","true","true","false","Selger min kjære landeveissykkel grunnet oppgradering til elektroniske gir. Denne sykkelen har blitt godt tatt vare på. Hatt sin egen plass på veggen i gangen og vasket/tørket av etter omtrent hver eneste tur. Kort oppsummert, den har fått like mye omsorg som et gjennomsnittlig kjæledyr. Nylig vært på service. Byttet girvaiere og strømper, ny original styretape, splitter nye dekk(Continental 5000, 30mm) Nytt kjede (kasett gått ca 2000km) Trenger nok en liten justering på gir, ellers i tipp, topp stand. Noen skrammer har det blitt her og der - ingenting annet enn av kosmetisk betydning. Specs: Hjul: Oppgradert til Shimano WH- RS710 C33 karbonhjul ( 9885,- på Bikeshop) https://bikeshop.no/shimano/ewhrs710c32lred/shimano-wh-rs710-c32-tl-disc-bakhjul-karbon-tubeless-cl-disc-12-mm-e-thru?gad_source=1&gad_campaignid=21229080904&gclid=CjwKCAiAqprNBhB6EiwAMe3yhv9QoPQF7vgl9J0UL1mhPaogeGYrnzLBSDZ9XiMj-zXG5ZXKm3JfMRoCsmoQAvD_BwE Rammesett: Focus Izalco Max 8-serie 1040g Stem: BBB Rider BHS-109 Deluxe, 31.8mm, 7degree Styre: BBB Deluxe aluminium, drop: 125mm, reach: 70mm Sadelpinne: Focus Aero Carbon, D-shape, 350mm, 15mm setback Gir- og bremsehendler: Shimano 105 R7025 Bakgir: Shimano 105 R7000 Framgir: Shimano 105 R7000 Kranksett: Shimano RS510 Kassett: Shimano 105 R7000 11-32T Girutveksling: 50/34T Bremser: Shimano 105 R7025 Bremseskiver: Shimano RT800 160mm Kjøpt på Tender Sport i Sandefjord mai 2022. Str 52 anbefales høyde fra 169 - 177cm Vis hele beskrivelsen NB: Knappen for å vise hele beskrivelsen har kun en visuell effekt.","0562 Oslo"
"453610548","https://www.finn.no/recommerce/forsale/item/453610548","2026-03-03T15:43:42.796Z","BOARDMAN Air 9.4 Di2 – Zipp 808/404 – Ultegra Di2 – Rotor – TT/Aero – Str L","24900","Pent brukt - I god stand","","Unisex","Landevei","Boardman","Air 9.4 Di2","2015","L","700c","Shimano Ultegra Di2","true","true","true","Selger en kraftig oppgradert Boardman Air 9.4 (opprinnelig 2015-modell), bygget som en gjennomført og rask aero/tempo-sykkel. Sykkelen har fullført to Norseman Xtreme Triathlon og har vist seg stabil, pålitelig og rask i krevende fjellforhold. Rammestørrelse: Large (L) Ramme • Boardman Air 9.4 karbon aero-ramme • Custom matt grå lakk • Aero karbon setepinne • Intern kabelføring Gir / Drivverk • Shimano Ultegra Di2 elektronisk gir • Oppgradert Di2-kontroller • Ekstra Di2-gir integrert i aero-bøylene • Ultegra fram- og bakgir Girene fungerer som de skal. Batteriet holder lading godt. Hjulsett • Zipp 808 karbon bakhjul • Zipp 404 karbon forhjul • Vittoria Corsa dekk Dype karbonhjul som gir høy fart og et eksklusivt uttrykk. Krank • Rotor kranksett • Rotor Q-Rings (oval klinge) Cockpit • ISM Adamo sete • 3T aero-bøyler med armpads • Integrerte Di2-gir i aero-posisjon • Garmin-feste følger med Kan brukes både som tempo/tri-sykkel og rask aero-landeveissykkel. Tilstand • Godt vedlikeholdt • Di2 fungerer som det skal • Normal kosmetisk slitasje • Ingen kjente feil Klar til bruk. Seriøse henvendelser ønskes. Vis hele beskrivelsen NB: Knappen for å vise hele beskrivelsen har kun en visuell effekt.","0778 Oslo"
"424888521","https://www.finn.no/recommerce/forsale/item/424888521","2026-03-03T15:43:44.708Z","Cervelo R3 disc","35000","Som ny - Ikke synlig brukt","","Unisex","Landevei","Cervélo","R3 Disc","2021","56","700c","SRAM Rival eTap AXS","true","true","true","Selger en svært godt vedlikeholdt Cervélo R3 Disc (2021, str. 56). Dette er en lett, stiv og komfortabel allround-landeveissykkel – perfekt både til lange turer i fjellene og raske intervaller. Spesifikasjoner Cervélo R3 Disc, karbon, str. 56 Gruppesett: SRAM Rival eTap AXS 2x12, trådløs elektronisk giring Rival AXS med Quarq ensidig wattmåler (venstre) Zipp 303 S karbonhjul, tubeless ready Vittoria Corsa N.EXT 28 mm Tubolito lightweight tubes SRAM Rival HRD (hydrauliske skivebremser) Selle Italia SLR","9009 Tromsø"
"453601804","https://www.finn.no/recommerce/forsale/item/453601804","2026-03-03T15:43:46.481Z","Trek Domane SL 5 - Gen 4","28000","Som ny - Ikke synlig brukt","Trek","Unisex","Landevei","Trek","Domane SL 5 Gen 4","2024","58","28""","Shimano 105","true","false","false","Først og fremst vil jeg nevne at både forhjul og bakhjul har jeg slitt en del med. Har satt prisen ned en god del i forhold til en ny sykkel (samme modell). Da kan man kjøpe nye dekk av samme kaliber. Kjøpte sykkelen i Mars i 2025 (kjørt i underkant av 60 km). Fra dagen jeg fikk den, har jeg hatt trøbbel med hjulene. Har ikke levert den inn, grunnet at Birk ikke ønsker å ta det på reklamasjon. Samtidig er sykkelen for liten, og jeg har med det kjøpt ny sykkel. Trek Domane SL5 - Gen4 Farge: Matte Deep Smoke Størrelse: 58 Vekt: 8.93kg Årsmodell: 2024 Passer høyde: 180-187 Sykkel info: Karbon ramme 28’’ hjul Ikke elektrisk girsystem 2x12 gir Shimano 105 Gi lyd om man ønsker noe mer info. Vis hele beskrivelsen NB: Knappen for å vise hele beskrivelsen har kun en visuell effekt.","4077 Hundvåg"
"453596680","https://www.finn.no/recommerce/forsale/item/453596680","2026-03-03T15:43:48.229Z","Orbea Orca landeveissykkel XS 28"" unisex","20000","Som ny - Ikke synlig brukt","Orbea","Unisex","Landevei","Orbea","Orca M30","2023","XS","700c","","false","false","false","Orbea Orca landeveissykkel i størrelse XS for unisex. Sykkelen har 28""/700c hjulstørrelse, som er standard for landeveissykler og gir god rulleegenskap på asfalt. Modellen er egnet for trening og turbruk på vei, og geometrien er tilpasset landeveiskjøring. Passer for ryttere som ønsker en kompakt ramme i XS med 28"" hjul. Google Orbea Orca M30 2023 for detaljer. Egne bilder kommer. Brukt svært lite da jeg ikke våger å sette den igjen utenfor jobben. Max 10 turer kanskje. Jeg er 165 cm, foretrakk denne med 47 ramme foran 49 ramme. Kan evt prøvesykles i garasjen under leilighetshuset mitt. Nypris på disse rundt 34-35tusen.","0663 Oslo"
"453665633","https://www.finn.no/recommerce/forsale/item/453665633","2026-03-03T19:36:17.795Z","Trek Madone 5.2 54 cm","7000","Pent brukt - I god stand","Trek","Herre","Landevei","Trek","Madone 5.2","","54cm","","Shimano Ultegra","true","false","false","Kjøpte denne brukt for noen år siden. Da var den kun brukt et par ganger, gummitrådene på originale dekk var fortsatt tilstede. Etter det har jeg syklet ca. 300mil. Fortsett de orginale dekkene på. Kjempesykkel! Ny var dette en sykkel til ca. 35.000,-. Trek OCLV 120 ramme, ca. 7,5 kg. Fullt Ultegra og Bontrager Hjul og Look Keo Blade karbonpedaler. Har satt på litt lettere krans bak, 29 på største. Satt på en litt kortere stem da sykkelen er litt for stor for meg (170cm) Orginal stem følger med. Rettet opp bakhjul og skiftet lagere. Trengs det ny wire, ellers i tipp topp stand.","2834 Raufoss"
"453653923","https://www.finn.no/recommerce/forsale/item/453653923","2026-03-03T19:36:19.660Z","Argon 18 E-119 Tri+ Di2 - Zipp 808 - Rå temposykkel","30000","Pent brukt - I god stand","","Unisex","Landevei","Argon 18","E-119 Tri+","","XS","","Shimano Ultegra Di2","false","true","true","Selger en svært velholdt og påkostet Argon 18 E-119 Tri+ i størrelse XS. Dette er en kompromissløs temposykkel bygget for høy fart og maksimal aerodynamikk - Perfekt til triatlon og tempo. Sykkelen er satt opp med elektronisk gir og topp hjulsett, og fremstår som meget pen. Servet jevnlig hos Velocity Sport AS Spesifikasjoner: • Ramme: Argon 18 E-119 Tri+ • Størrelse: XS • Gir: Shimano Ultegra Di2 (elektronisk) • Hjulsett: Zipp 808 carbon clincher (dype karbonhjul) • Styreenhet: Integrert cockpit / aero-oppsett • Bremser: Felgbrems • hjulsett: Zipp 808 og Vision 30. Dette er en svært rask sykkel som kombinerer aerodynamikk, stivhet og komfort. E-119 er Argon 18 sin toppmodell innen tri/tempo, og brukes både av eliteutøvere og ambisiøse mosjonister. Passer godt for mindre ryttere / junior / dame, eller herre under ca. 173 cm (avhengig av benlengde). Tilstand: • Pent brukt • Ingen kjente skader • Normale bruksmerker • Klar for sesong Perfekt sykkel for deg som vil kjøre fort i en Ironman eller kjøre fra de fleste i det lokale tempo rittet. Pedaler kan følge med for tillegg i prisen. Søkeord: tt-sykkel, tempo-sykkel, tempo, Ironman, Argon 18, triatlon, tri. Vis hele beskrivelsen NB: Knappen for å vise hele beskrivelsen har kun en visuell effekt.","3213 Sandefjord"
"426675042","https://www.finn.no/recommerce/forsale/item/426675042","2026-03-03T19:36:21.564Z","Giant TCR Advanced SL 0, Dura Ace Di2, str M, karbonhjul, kun 6,4kg","25000","Pent brukt - I god stand","Giant","","Landevei","Giant","TCR Advanced SL 0","2017","M","700c","Shimano Dura Ace Di2","true","true","true","Giant TCR Advanced SL 0 Road Bike 2017 - toppmodell fra Giant! ""This is the lightest road frameset ever produced by Giant and it boasts the highest stiffness-to-weight ratio of any road bike on the market. The new Variant integrated seatpost delivers an improved ride quality for more comfort on the longest, hardest rides and the Advanced SL-grade composite frame makes the most of its proven Compact Road Design."" Vil du ha en sykkel fra øverste hylle til en hyggelig pris? Da kan du slutte å lete.... Dette er en helt RÅ og superlett sykkel med Shimano Dura Ace Di2 elektriske gir, Dura Ace bremser, Dura Ace krank, og Dura Ace karbonhjul, som kun veier 6,4kg!! (inkl 2 flaskeholdere, uten pedaler). Superrask og responsiv, forserer bakker som få andre sykler. Også utstyrt med Giant RideSense - sensor som måler hastighet og kadens (ANT+/BlueTooth kompatibel - kan kobles opp mot de fleste sykkelcomputere fra Garmin, Wahoo, Polar, etc) Sykling er ekstra gøy med ordentlig utstyr! Løp og kjøp:-) Har 2 hjulsett til sykkelen (begge er snorrette og fine): Hjulsett 1 (trenings-/ reservehjul): DT Swiss P1800 clincher hjulsett i aluminium (kjøpt nye i april-24 for kr. ca kr. 6000,- . Disse står med slange, 700x25c dekk og Ultegra 11-28t kassett. Hjulsett 2: Dura Ace C35 Carbon tubular hjulsett med Vittoria Competition Rally Kevlar 3D compund 700x23c dekk (nye våren-25) og Dura Ace 11-28t kassett (nypris ca 22000,-) - ruller så det griner!! Sykkelen er hovedsakelig brukt som trenings-/tursykkel (kun brukt i ett ritt), og er i meget god stand. Har nettopp vært å service; - alt er sjekket og smurt - ny styretape satt på - nye bremseklosser for karbonhjul satt på for ordens skyld, (et sett med bremseklosser for Alu hjulene følger med ved kjøp av alu hjulene) Kan ellers nevne at kassett og kjede ble byttet ifjor (bør holde noen hundre mil), byttet også til et lettere og mer komfortabelt sete før denne sesongen. Som bildene viser så fremstår sykkelen som helt strøken (bortsett fra noen mindre kosmetiske småmerker), Rammen er hel og fin uten skader, sykkelen har aldri vært i velt og vært nøye vedlikeholdt. Alt ligger til rette for at den skal gi massevis av sykkelglede for ny eier:-) Sykkelen selges med ett eller to hjulsett Pris med Dura Ace karbon hjul: kr. 25000,- Pris med begge hjulsett kr. 28000,- Note! 2 stk karbon flaskeholdere og lader til Di2 er inkludert i prisen. Look pedalene på bildene følger ikke med Note: Veil pris for sykkelen med begge hjulsett var ca. kr 110-120 000,- Henting av sykkelen foretrekkes, men om nødvendig kan jeg skaffe til veie en sykkeleske og sende den på kjøpers regning. Les mer om sykkelen her: https://99spokes.com/en-EU/bikes/giant/2017/tcr-advanced-sl-0-da-di2 Specs: Frame: Advanced SL-Grade Composite, Integrated Seatpost, Electronic Ready Forks: Advanced SL-Grade Composite, Full-Composite OverDrive 2 Steerer Color: Black/Grey/Blue Stem: Giant Contact SLR Carbon Handlebars: Giant Contact SLR Carbon Rear Derailleur: Shimano Dura Ace Di2 Front Derailleur: Shimano Dura Ace Di2 Shifters: Shimano Dura Ace Di2 Brakes: Shimano Dura Ace Crankset: Shimano Dura Ace 53/36T Cassette: Shimano Dura Ace 11-28t Saddle: Carbon Wheelset: Dura Ace C35 Carbon tubular Tyres: Vittoria Competition Rally Kevlar 3D compund700x23c med Pedals: Not Included Vis hele beskrivelsen NB: Knappen for å vise hele beskrivelsen har kun en visuell effekt.","0751 Oslo"
"453655446","https://www.finn.no/recommerce/forsale/item/453655446","2026-03-03T19:36:23.349Z","Dare Vsru 2.0 str. M","37000","Som ny - Ikke synlig brukt","","Unisex","Landevei","Dare","Vsru 2.0","","M","","Shimano 105 Di2","false","true","true","Dare Vsru 2.0 selges, str M. Veldig pen sykkel Bare stått inne på rulle. Null slitasje på hjul og bremser Di2 shiamano 105 12-delt shimano 105 Elite wheels Carbon hjul Meste er nytt","2315 Hamar"
"280470639","https://www.finn.no/recommerce/forsale/item/280470639","2026-03-03T19:36:25.232Z","PRINCIPIA HANDMADE 2003","5000","","","","Landevei","Principia","Rex E Pro Ellipse Project","2003","","700c","","false","false","false","Vi har etter høst opprydding kommet over 4 stk PRINCIPIA REX E PRO ELLIPSE PROJECT RAMMER. Dette er håndbygde , Danske alu rammer til landevei i toppklasse . Disse er NYE i eske, med tag. Leveres originalt med ISAAC 006 carbon gaffel. Vekt på ramme er 1430 i 55 str. Fargen er ICE WHITE Styrelager , seteklemme følger med. Her er det mulig å bygge seg en helt spes og unik sykkel. For forespørsel om str, venligst ta kontakt . Dahlman`s sykkel Halden. Tlf 69 18 30 30 Frakt dekkes av oss ved sending! STR 49 / 51 / / 57 / 59","1776 Halden"
"453819266","https://www.finn.no/recommerce/forsale/item/453819266","2026-03-04T19:35:07.221Z","Scott Addict RC15 Ultegra DI2 (12 delt) str 54/M","38000","Som ny - Ikke synlig brukt","Scott","","Landevei","Scott","Addict RC 15","","54/M","700c","Shimano Ultegra Di2","true","true","true","En stiv, rask, komfortabel og perfekt allround sykkel selges. Sykkel er pen og velholdt, i topp stand og i en flott grønnfarge. Årlig service er utført hos forhandler. Skiftet kranklager og bakhjulslager før salg. Selges uten pedaler, men flaskeholdere og garmin feste medfølger. Har montert ekstra spacer for å heve styret litt, men dette kan evt demonteres hvis en ønsker mer aggressiv sittestilling. Hovedspesifikasjoner: * karbonramme og gaffel * karbonhjul Syncros Capital 1.0 35mm * Shimano Ultegra DI2 12-delt elektronisk giring (2*12 gir), krank 52/36 - kassett 11-34 * skivebremser * integrerte kabler Ytterligere spesifikasjoner hos Scott: https://www.scott-sports.com/us/en/product/scott-addict-rc-15-bike-komodo-green Wattmåler 4iii Ultegra 8000 (ensidig/venstre krankarm-172,5 mm) kan selges separat/tillegg for kr 2.500,-. Vis hele beskrivelsen NB: Knappen for å vise hele beskrivelsen har kun en visuell effekt.","3713 Skien"
"428513627","https://www.finn.no/recommerce/forsale/item/428513627","2026-03-04T19:35:09.099Z","Vinter KUPP ! Cervelo Soloist Carbon Str:54 siste pris før den blir tatt av nett","9500","Pent brukt - I god stand","","Herre","Landevei","Cervelo","Soloist","","54","700c","Shimano Dura-Ace","true","false","false","Beskrivelse Cervelo soloist Carbon str 54 Satt opp med shimano durace Sist service -Nye dekk f/b -Nye bremse klosser f/b -Nye vaiere -Nytt kranklager -Ny kasset Lakken har skade (se bilder) Selges med noe ekstra Polar Sykkel Computer M460 Polar Grit X Puls Klokke Følger også med 3 pk med Conti TUBE Race 28 (42mm) slanger https://bikable.no/reservedeler/slanger/racerslanger/continental-tour-28-wide-sykkelslange-700x47-62c-47-62x622-racer-ventil-42mm?gclid=de73766de96b175c5cc91ebf23e39b13&gclsrc=3p.ds&msclkid=de73766de96b175c5cc91ebf23e39b13&utm_source=bing&utm_medium=cpc&utm_campaign=02%20-%20Smart%20shopping%20-%20Floodlights&utm_term=4583314275950433&utm_content=Ad%20group%20%231 Vis hele beskrivelsen NB: Knappen for å vise hele beskrivelsen har kun en visuell effekt.","2335 Stange"
"453808711","https://www.finn.no/recommerce/forsale/item/453808711","2026-03-04T19:35:10.911Z","Helt ny landeveissykkel / allround racersykkel","8000","Som ny - Ikke synlig brukt","","Unisex","Landevei","","","","","","Shimano","false","false","false","Sykkelen er kun prøvd en kort tur, og er som ny. Den har 2x-drivlinje med 16 gir fra Shimano, og Robust aluminiumschassis med lav vekt. Den er pen i eksteriøret og har ingen merker. Flott sykkel hvis du vil komme i gang med sykling på landevei. Jeg selger også komplett utstyr til dame, Finn-kode: 453809948","1443 Drøbak"
"453806894","https://www.finn.no/recommerce/forsale/item/453806894","2026-03-04T19:35:12.748Z","Trek Boone 5 Disc","15000","Pent brukt - I god stand","Trek","Unisex","Landevei","Trek","Boone 5 Disc","2015","58","","Shimano 105","true","false","false","Trek Boone 5 Disc, en veldig lett grusracer som har høstet svært gode anmeldelser. 2015-modell. Selges da jeg har oppgradert, og ikke trenger to sykler. Skikkelig god og rask cyclocross/gravel både til landeveien og på grus. Str. 58, som ifølge Trek passer utmerket ryttere mellom 180-188 cm. Vekt bare 8,5 kg (ifølge Trek i str. 56 uten pedaler, aldri veid den selv ). Noen specs: - Fullkarbon iso-speed ramme og gaffel - Hjulsett fra Bontrager - Panaracer Gravelking SK+ 35 mm dekk foran og bak - Shimano 105 gir og hendler - Skivebremser fra Avid Sykkelen har noen bruksmerker, noe som må regnes med, men dette er kun estetisk. Sykkelen har jevnlig vært på service og er godt vedlikeholdt, og fungerer slik den skal. Den har blitt brukt på rulle i høst/vinter, så det kan hende at en gir-justering må til for at girene skal fungere optimalt. Har ikke brukt den ute i år. Etter jeg skiftet bremsekalipere kommer det dog iblant en slags svak pipelyd når man bremser, som jeg etter litt googling har skjønt trolig skyldes fett fra fingrene på bremsekaliperen, noe som kan fikses enkelt med sprit. Ny pris for 25-utgaven er 43.000kr. Anmeldelse av sykkelen: https://www.bikeradar.com/reviews/bikes/cyclocross-bikes/trek-boone-5-disc-review Vis hele beskrivelsen NB: Knappen for å vise hele beskrivelsen har kun en visuell effekt.","0359 Oslo"
"453802413","https://www.finn.no/recommerce/forsale/item/453802413","2026-03-04T19:35:14.616Z","Cannondale SuperSix EVO Carbon - 58 - Ultegra/105","10000","Godt brukt - Synlig brukt","Cannondale","Unisex","Landevei","Cannondale","SuperSix EVO Carbon","","58","700c","Shimano Ultegra/105","true","false","false","Selger min Cannondale SuperSix EVO Carbon landeveissykkel i størrelse 58. Sykkelen er i god stand og har vært svært lite brukt de siste årene – den har primært stått som reservesykkel i tre år, ble brukt en del forrige sesong, men har ikke vært i bruk siden. Selges grunnet plassmangel og lite bruk. Spesifikasjoner Ramme: Cannondale SuperSix EVO Carbon, str. 58 Girsystem: Shimano Ultegra (hendler + bakgir) Bremser: Shimano 105 felgbremser Hjul: DT Swiss PR1600 Dekk: Continental GP5000 Wattmåler: 4iiii power meter (venstre kranarm) Pedaler: Shimano klikkpedaler Tilbehør: Flaskeholdere + ekstra tilbehør medfølger Tilstand Sykkelen er pent brukt og relativt lite kjørt for alderen. Den er litt skitten etter lagring, men trenger bare en vask. Alt fungerer som det skal – gir skifter presist, bremser er gode, og hjulene er i fin stand. Vis hele beskrivelsen NB: Knappen for å vise hele beskrivelsen har kun en visuell effekt.","5059 Bergen"
"363173389","https://www.finn.no/recommerce/forsale/item/363173389","2026-03-04T19:35:16.522Z","Diamant Pinnacle R2.5","6000","Pent brukt - I god stand","","","Landevei","Diamant","Pinnacle R2.5","2016","54","","","false","false","false","Selger denne landveisykkelen pga lite bruk. Den har noen riper i seg, men har akkurat vært på service så den skal gå som et skudd. Den er fra 2016 og ble kjøpt for 14.999kr. Sykkelen veier ca 7.8 kg. Ramme Strl. 54. Send melding om du lurer på noe annet:)","2615 Lillehammer"
"453798728","https://www.finn.no/recommerce/forsale/item/453798728","2026-03-04T19:35:18.446Z","Wilier Garda 105 m/unaas og wattkrank","105","Pent brukt - I god stand","","Unisex","Landevei","Wilier","Garda 105","","L","","Shimano 105","false","true","false","Selger min wilier garda 105 i størrelse large. Sykkelen er kjøpt i august og syklet 1100km med. Sykkelen har ikke vært i velt eller krasjet med. Sykkelen er tatt godt vare på og i veldig god mekanisk og kosmetisk stand. Sykkelen har blitt oppgradert med unaas 50mm karbon hjulsett. På disse er det satt på 32mm continental gp 5000 dekk med slangeløst (tubeless) oppsett. Sykkelen har gode skivebremser og mekanisk shimano 105 gruppe. I tillegg til dette har jeg byttet ut venstre krankarm med en 4iiii wattmåler. Ta gjerne kontakt om du har spørsmål.","0467 Oslo"
"435545379","https://www.finn.no/recommerce/forsale/item/435545379","2026-03-04T19:35:20.223Z","Head landeveissykkel + Sykkelrulle","5000","Pent brukt - I god stand","","","Landevei","Head","","","56cm","","","false","false","false","Lufter min landeveissykkel for salg da jeg ikke bruker den. • Rammestørrelse 56cm. Skal passe fra 170-200cm. • Den er drevet 10/28 bak og 39/50 foran • Styre stammen kan kuttes ned for å tilpasses din egen høyde. Det står på sykkelrulle dekk bak da det er det siste den ble brukt til. Følger med nytt dekk og slange til utendørsbruk. Sykkelrulle som avbildet følger også med, og fungerer veldig bra til innendørsbruk på vinteren eller når været ikke tillater utendørsbruk. Ta kontakt ved spørsmål. Pris kan diskuteres ved rask handel.","4580 Lyngdal"
"453767488","https://www.finn.no/recommerce/forsale/item/453767488","2026-03-04T19:35:22.614Z","Canyon Aeroad CF SLX 7 | Size M","54000","Som ny - Ikke synlig brukt","Canyon","","Landevei","Canyon","Aeroad CF SLX 7","2025","M","700c","Shimano 105 Di2","true","true","true","SOM NY - Canyon Aeroad CF SLX 7 | Size M | Size Medium Oppgradert med DT Swiss 1400 ARC - 240 nav. Sykkelen er lite brukt - fremstår som ny. Den ble kjøpt fra Canyon 2025. Landeveisykkel med aeroramme, shimano 105 carbonhjul, skivebremser og elektronisk giring 105 fra shimano og wattmåler fra 4iiii 105 i armen. Super-aero, super-stiv og super-elegant. Opplev den utrolige farten til en konkurransesykkel med den samme aerodynamikken i verdensklasse som Aeroad CFR, DT Swiss-karbonhjul med dyp profil og sømløs trådløs giring. Selges uten pedaler og flaskeholdere. Vekt 7.65 uten pedaler, flaskeholdere. ""Aeroad CF SLX er vår banebrytende aerodynamiske racersykkel for ryttere som drømmer stort. Optimalisert med mer proffinnsats enn noensinne, og stresstestet i de tøffeste rittene i verden, er det sykkelen som lar deg jage fartsdrømmene dine – og oppfylle dem"" Superlett, ultraeffektiv CF SLX-ramme Vindjuksende DT Swiss karbonhjul Glatt Shimano Di2-giring Justerbar cockpit i karbon Vis hele beskrivelsen NB: Knappen for å vise hele beskrivelsen har kun en visuell effekt.","5096 Bergen"
"298854160","https://www.finn.no/recommerce/forsale/item/298854160","2026-03-04T19:35:24.340Z","Trek Madone 5.2 Ultegra","8800","Pent brukt - I god stand","Trek","Unisex","Landevei","Trek","Madone 5.2","2010","60cm","700c","Shimano Ultegra","true","false","false","Sykkel fra rundt 2010. OCLV karbonramme med originalhjul for felgbrems. Kan vises i Oslo eller Asker etter avtale. Str 60 cm (Large/XL). Pedaler følger ikke med. Det står 28 mm dekk på sykkelen, noe den tåler fint. Bontrager Aeolus 5 hjulene (som avbildet) kan selges i tillegg for NOK 4 000. De er litt slitt i bremsebanen, men ikke slik at det merkes på kjøring eller er synlig skade på karbonet. Sendes ikke.","1387 Asker"
"354908038","https://www.finn.no/recommerce/forsale/item/354908038","2026-03-04T19:35:26.203Z","CANYON Ultimate CF SLX 9.0 Str. S - FULL DURA ACE","42000","Pent brukt - I god stand","Canyon","Herre","Landevei","Canyon","Ultimate CF SLX 9.0","","S","700c","Shimano Dura-Ace R9100","true","true","false","Vekt: 7,4 Kg • Ramme o Canyon Ultimate CF SLX Disc o Materiale: Karbon o Akseldimensjon: 12 x 142 mm o Bremsefeste: Flat Mount • Gaffel o Canyon F38 CF Disc o Førsteklasses karbon landeveissykkel-gaffel designet for å gi optimal styrke og stivhet-til-vekt. o Diameter på gaffelrør: 1 1/4"" o Dekk-klaring: 31MM o Materiale: Karbon Drivverk • Bakgir o Shimano Dura-Ace R9100 SS • Framgir o Shimano Dura-Ace R9100 • Kassett o Shimano Dura-Ace R9100, 11-speed, 11-28 • Krank o Shimano Dura-Ace R9100 o Antall krankdrev: 2 • Kranklager o Shimano Pressfit BB92 o Kranklager-standard: PF 86,5 • Kjede o Shimano CN-HG901 11s • Bremser o Shimano Flat Mount Adapter +20mm • Gir/bremsehendel o Shimano Dura-Ace R9120 2s • Gir/bremsehendel o Shimano Dura-Ace R9120 11s • Bremseskive o Shimano RT900 o Størrelse: 160 mm • Forhjul o DT Swiss PRC 1400 Spline db o Rotorfeste: 6-bolt • Bakhjul o DT Swiss PRC 1400 Spline db SH11 o Rotorfeste: 6-bolt • Dekk o Continental Grand Prix 5000, 25 mm • Cockpit o Canyon H36 Aerocockpit CF o Et styreoppsett i ett stykke med topp aerodynamikk, semi-integrert kabelføring og førsteklasses ergonomi for komfort og presis håndtering. o Materiale: Karbon o Form: Ergo o Reach: 74 mm o Drop: 130 mm • Styretape o Canyon Ergospeed Gel o Farge: Grå • Sete o Fizik Antares R5 • Setepinne o Canyon S13 VCLS CF o Materiale: Karbon o Setback: 15 - 35 mm o Teknologi: VCLS Selges uten pedaler, flaske og flaskeholder. Vis hele beskrivelsen NB: Knappen for å vise hele beskrivelsen har kun en visuell effekt.","1364 Fornebu"
"431497818","https://www.finn.no/recommerce/forsale/item/431497818","2026-03-04T19:35:28.086Z","2018 Giant TCR Advanced SL0 disc","35000","Godt brukt - Synlig brukt","Giant","Unisex","Landevei","Giant","TCR Advanced SL0 Disc","2018","M","","SRAM Red eTap","true","true","true","Grom sykkel som er godt brukt men ivaretatt. Rammestørrelse M. Rammen ble byttet på garanti i 2020, av forrige eier. Sykkelen er utstyrt med SRAM Red Etap og Zipp 303 firecrest tubeless. Rammen har noen lakkskader som vist på bilder. Disse ble undersøkt av sykkelbutikken i utlandet. Selges da den ikke blir brukt. Åpen for fornuftige bud","9325 Bardufoss"
"453274796","https://www.finn.no/recommerce/forsale/item/453274796","2026-03-04T19:35:29.975Z","Scott Speedster 10 (XL/58cm)","10500","Godt brukt - Synlig brukt","Scott","Herre","Landevei","Scott","Speedster 10","2020","XL/58cm","700c","Shimano 105 R7000","false","false","false","Vesentlig fornyet/delebyttet landeveissykkel. Kjøpt på Moksnes sport 20.03.2020. Deler som er oppgradert/byttet siste 2 sesonger: Hjulsett, bremser, bremse- og girhendler, bremseklosser, styre, styretape, sete, styrelager, bremse- og girwaiere, kjede og girøre. Jevnt over er det Shimano 105 utstyrsnivå som ofte omtales som den beste balansen av ytelse, holdbarhet og pris. Ramme: Aluramme (6061 custom butted) med karbongaffel. Størrelse XL/58 som ifølge scott skal passe for ryttere mellom 185-195+. Jeg er selv 195 cm. Hjulsett: Shimano 105 RS300 (byttet august -24 og mars -25) og Nypris: ca. 3300,- Dekk: Pirelli P Zero (foran). Schwalbe Lugano (bak). Godt med mønster igjen (se bilder) Bremser: Shimano 105 R7000 (byttet august -24). Nypris ca. 1000,- Bremseklosser: Shimano Dura-Ace R55C4 (byttet august 2025) Styre: Zipp Service Course SL-70 42cm (byttet august -24) Nypris ca. 1100,- Styrestem: Syncros RR 2.0 31,8mm Bakgir: Shimano 105 R7000GS 11s (byttet august -24). Nypris ca. 700,- Framgir: Shimano 105 2-delt R7000 Girhendler: Shimano 105 R7000 2 x11-delt (byttet august -24). Nypris ca. 2750,- Sete: Selle San Marco Ground sport (byttet 2023). Nypris ca. 700,- Setepinne: Syncros RR 2.5 27,2mm/350mm Styretape: Cinelli Tape Cork Gel (byttet -26). Annonsebilder er fra da sykkelen var uten teip. Jeg veltet med sykkelen august 2024. Det ble da gjennomført en skaderapport av Hank Sport i Trondheim hvor hele sykkelen ble nøye inspisert og skadde deler ble byttet. Jeg er 2. eier, tidlgiere eier beskrev bruken som ""knapt brukt"". Styrelager byttet på Sykkelbua i -25. Bremse- og girvaiere er byttet på Hank Sport august -24. Kjede er byttet etter slitasjemålinger (jeg mener jeg byttet det sist gang sommeren 2025). Slange på fordekk byttet -26. De siste 2 sesongene er det altså byttet deler alene for minst 10000 kr. I tillegg har det tilkommet verkstedsarbeid. Jeg skal kunne klare å oppdrive kvittering på de fleste delene. Kom gjerne innom for en uforpliktendde inspeksjon og prøvetur. Vis hele beskrivelsen NB: Knappen for å vise hele beskrivelsen har kun en visuell effekt.","7020 Trondheim"
"453728681","https://www.finn.no/recommerce/forsale/item/453728681","2026-03-04T19:35:31.855Z","Trek landeveissykkel carbon","5000","Pent brukt - I god stand","Trek","Unisex","Landevei","Trek","","","M","700c","","true","false","false","Trek landeveissykkel for unisex med rammestrørrelse M og 28""/700c hjul. Sykkelen har klassisk landeveisgeometri med bukkestyre og smale dekk tilpasset asfalt og lengre turer. Pedaler for klikkesko er montert. carbon ramme.","9360 Bardu"
"453715442","https://www.finn.no/recommerce/forsale/item/453715442","2026-03-04T19:35:33.650Z","Bianchi Intenso landeveissykkel dame XS 28""/700c","14000","Pent brukt - I god stand","Bianchi","Dame","Landevei","Bianchi","Intenso","2019","XS","700c","","false","false","false","Bianchi Intenso landeveissykkel for dame i størrelse XS ( passer til høyde 150-165)med 28""/700c hjul. Sykkelen har racerstyre og smal landeveisramme tilpasset landeveiskjøring. Rammen er utstyrt med felgbremser foran og bak. Setet er et damespesifikt sete med utsparing for økt komfort. Hjulene er 28""/700c, dekk. Continental grandprix 5000 25 mm. egnet for landeveissykling på asfalt. Sykkelen passer til trening, mosjon og pendling på vei for en rytter som passer til XS ramme. Sykkelen er kjøpt nå på Olympia Sport i Tønsberg 2019","3160 Stokke"
"434941259","https://www.finn.no/recommerce/forsale/item/434941259","2026-03-04T19:35:35.464Z","Trek Emonda al 4","15000","Pent brukt - I god stand","Trek","Herre","Landevei","Trek","Emonda AL 4","2023","60cm","","Shimano Tiagra","false","false","false","Selger min Trek Emonda AL 4, kjøpt i Oktober 2023. Den er i veldig god stand, ramme størrelse 60 cm, passer personer mellom 185-190 cm. Shimano Tiagra 10 delt gir system. Bontrager computer, flaskeholdere, pedaler og oppbevarings vesker som vist på bildene følger med. Sykkelen selges pga jeg har kjøpt meg ny. Er fortiden på sjøen, regner med å være hjemme i slutten av April. Pris kan diskuteres.","6018 Ålesund"
"453713208","https://www.finn.no/recommerce/forsale/item/453713208","2026-03-04T19:35:37.318Z","Colnago V3 105 Di2 (54-56)","32000","Som ny - Ikke synlig brukt","","Unisex","Landevei","Colnago","V3 105 Di2","","54-56","700c","Shimano 105 Di2","true","true","true","Selger en lite brukt Colnago V3 105 Di2 i størrelse 54–56 (passer ca. 175–185 cm). Sykkelen ble satt sammen av forrige eier med ny ramme og helt nytt gruppesett, og er kun brukt én sesong. Selges fordi den dessverre er litt for stor for meg. Gruppesettet var helt nytt før forrige sesong og har kun gått ca. 400 km. Dette er derfor en perfekt mulighet for deg som vil ha en strøken og tilnærmet ny sykkel til en svært god pris. Colnago er et italiensk kvalitetsmerke i verdensklasse, brukt av topplag som UAE Team Emirates. Spesifikasjoner: * Hendler: Shimano 105 ST-R7170 * Kalipere: Shimano 105 BR-R7170 * Krank: Shimano 105 FC-R7100 172,5 mm (52/36) * Gir foran: Shimano 105 FD-R7150 * Gir bak: Shimano 105 RD-R7150 * Hjulsett: SuperTEAM Carbon 50, UCI-godkjent * Dekk: Vittoria Zaffiro 28mm Ta kontakt ved interesse eller spørsmål 😊 - flaskeholder følger med. - pedaler følger ikke med. For å sammenligne pris: Colnago V3 Ultegra 11speed Di2 - 49999,- https://oslosportslager.no/v3-disc-ultegra-di2-56725.aspx Colnago V3 Ultegra 11speed mekanisk - 39999,- https://oslosportslager.no/v3-disc-105-56505.aspx Veiledende pris er 53600,- direkte fra Colnago. Vis hele beskrivelsen NB: Knappen for å vise hele beskrivelsen har kun en visuell effekt.","5096 Bergen"
"453714275","https://www.finn.no/recommerce/forsale/item/453714275","2026-03-04T19:35:39.179Z","Giant tcr landeveissykkel herre","12500","Pent brukt - I god stand","Giant","Herre","Landevei","Giant","TCR","","","700c","","false","true","false","Legger ut min langveissykkel, da den blir for lite brukt, hatt den i en sesong og fungert bra, er Carbon felger nå som står på. Dekk og drivverk er i bra stand. Jeg er en 183 og passer meg bra","3731 Skien"
"453707738","https://www.finn.no/recommerce/forsale/item/453707738","2026-03-04T19:35:41.304Z","NOR KAPP AERO Carbon","11000","Pent brukt - I god stand","","Herre","Landevei","NOR","KAPP AERO","","","","Shimano Dura-Ace","true","false","false","God velholdt sykkel selges. 2 sett med hjul 11 speed Dura ace gear og bremser. Gode dekk på begge hjulsett. Ta gjerne kontakt om det skulle være spørsmåll eller flere bilder","4041 Hafrsfjord"
"453702591","https://www.finn.no/recommerce/forsale/item/453702591","2026-03-04T19:35:43.039Z","BMC Roadmachine five di2 strl 58","27500","Pent brukt - I god stand","","Unisex","Landevei","BMC","Roadmachine Five Di2","2023","58","","Shimano 105 Di2 7170","true","false","true","Kommer for salg - BMC Roadmachine five di2 2023 i størrelse 58. Flere bilder kommer! Jeg kjøpte den ny våren 2024 hos Perfekt Prosjekt Tromsø og har vært eneste eier, og har klokket inn 12 500 km ifølge strava. Jeg er 188cm høy og sitter perfekt på denne sykkelen med nøytral setestilling. Den har og vært lånt en kort periode av min far på 194cm som også satt bra med setet litt lengre bak på railsa. Har syklet en del ritt de siste sesongene og sykkelen har på ingen måte vært en begrensende faktor i felt med 2025-toppmodellsykler til start. Derimot anses den som en av de mest aerodynamiske og race-geometriske endurance-modellene i markedet. Høydepunkter: Modell: Roadmachine five med semi integrerte skivebremser i klassisk BMC kvalitet. Shimano 105 Di2 7170 12-speed gruppesett. Vekt ca 7,5 kg Dekk-klaring: offisielt 32mm, men jeg har brukt 34mm grus-dekk med litt klaring. Kostet kr 40 000 ny i 2024 Full informasjon hos BMC archive: https://bmc-switzerland.com/products/roadmachine-five-bikes-bmc-23-10605-008 Oppgraderinger gjort av meg: Zipp SL sprint 130mm stem og 40cm styre Større girutveksling med 52/36 utveksling og 11-34 kassett. Har nylig kjørt full service på alt av girhendle, gummi, styretape, bremser, kabler, drev og drivverk. Naturlige bruksmerker forekommer. Se bilder Selges grunnet kjøp av ny racer. Har vært mest sykkel nr.2 og rullesykkel i 2025 og nå i vinter. Har vært veldig fornøyd med sykkelen i to år. Jeg bor i Østfold og kan bringe sykkelen til f.eks Oslo S. Kan sendes forsvarlig pakket i sykkeleske også. Jeg spanderer frakta! Og legger selvsagt ved kvitteringen og di2-lader og ekstrautstyr. Stravaprofil: https://www.strava.com/athletes/2650394 Vis hele beskrivelsen NB: Knappen for å vise hele beskrivelsen har kun en visuell effekt.","1825 Tomter"
"453665681","https://www.finn.no/recommerce/forsale/item/453665681","2026-03-04T19:35:45.010Z","Basso Venta Disc Di2 – Italiensk karbonracer – Klar til sesong","22000","Pent brukt - I god stand","","Unisex","Landevei","Basso","Venta Disc Di2","2019","56","","Shimano Ultegra Di2 R8000","true","true","true","NY SYKKEL TIL SESONGEN? Selger en Basso Venta 2019 med full Shimano Ultegra Di2 elektronisk giring og skivebremser. Selges pga. dessverre for lite i bruk og lufta har gått helt ut av sykkelambisjons-ballongen. Historikk: Kjøpt ny av student i 2019, brukt mest på rulle innendørs. Forrige eier kjøpte høsten 2021. Kjørt på ca. 350mil på en høst (aktiv kar) og litt på rulle gjennom vinter. Jeg kjøpte denne i April 2022. Påkjørt ca. 540km og deretter stått i oppvarmet bod. Ikke blitt brukt etter sesongen 2023!! Service i mitt eie: •April 2022: Brattørkaia Sykkel Service, nye ultegra pedaler og montering etter forsendelse (moment på karbon). •Mai 2025: Trondheim Sykkelservice Service, bytte bremseklosser, kjede og byttet DI2 kabel fra splitter til batteri i sete. Planla å selge denne i fjor, men ble utsatt. Spesifikasjoner: • Ramme: Karbon - Håndlaget i Italia • Girgruppe: Shimano Ultegra 2x11 R8000 Di2 • Bremser: Skivebremser Ultegra • Størrelse: 56 (høyde 175-180cm/skrittlengde 81-85cm) • Hjulsett: Karbon m/aero-eiker • Nav: DT Swiss 350 • Dekk: Schwalbe Pro One • Pedaler: Ultegra pedaler følger med • Sete: Selle Italia Flite • Lekker intern kabelføring • Garmin adapter på styre medfølger • 2stk karbon flaskeholdere følger med om ønskelig Tilstand: • Meget pent brukt • Jevnlig vedlikeholdt med vask og smurning • Oppbevart innendørs • Klar til bruk Kjøpte med en 4iiii wattmåler fra forrige eier. Liten kosmetisk skramme på den. Ikke påmontert og brukt i mitt eie. Kan følge med for 1000,- tillegg Nytt batteri til DI2 vil bli montert før salg (1800,-) «Riper i lakken» iht. bilder. Kjempemulighet til å skaffe seg en tøff karbonsykkel med litt ekstrautstyr over normalen, til en fornuftig pris. Sykkelen kan sees og prøves etter avtale. Ta kontakt ved interesse – Kun seriøse henvendelser ønskes. Hentes primært i Trondheim. Forsendelse i Norge på kjøpers regning. Vis hele beskrivelsen NB: Knappen for å vise hele beskrivelsen har kun en visuell effekt.","7071 Trondheim"
"453672705","https://www.finn.no/recommerce/forsale/item/453672705","2026-03-04T19:35:46.902Z","Jamis Xenith karbon TT sykkel","12000","Som ny - Ikke synlig brukt","","Unisex","Landevei","Jamis","Xenith T","2013","","","","true","false","false","Kjempeflott entry level TT karbon sykkel - veldig lite syklet på. Kun et par sprint triathlon, samt et par treningsturer etter at jeg kjøpte brukt for 4 år siden. Profil karbon FFWD bakhjul med pariserdekk montert av Unaas sykkelverksted, Ultegra rear derailleur, Shimano 105 front derailleur. Utrolig gøy å sykle så mye fortere med like innsats, enn på vanlig karbon landeveissykkel. Profile designs alu aerobars med mye justeringsmuligheter. Passer meg på 184 cm helt perfekt. Sykkelen veier rundt 9,5 kg. Review fra 2013: https://road.cc/content/review/96957-jamis-xenith-t-time-trial-bike","0478 Oslo"
"420385673","https://www.finn.no/recommerce/forsale/item/420385673","2026-03-04T19:35:48.725Z","Ønskes kjøpt: Landeveissykkel str. ca. 58–61 (191 cm) – Bodø/Salten","5000","Pent brukt - I god stand","","Herre","Landevei","","","","58-61","","","false","false","false","Jeg ønsker å kjøpe en solid og velholdt landeveissykkel som passer høy rytter (191 cm, 92 kg). Ser primært etter ramme rundt 58–61 cm (L/XL), gjerne endurance-geometri. Aktuelt utstyr/spesifikasjoner (fleksibel): • Ramme: Aluminium eller carbon • Bremser: Helst skivebremser, men felgbremser kan også være aktuelt ved riktig pris/stand • Hjul: gjerne solide hjul som tåler litt vekt og norsk asfalt • Dekklaring: Pluss om den tar 28–32 mm (komfort på grovere asfalt) • Tilstand: Ikke behov for “prosjekt” – ønskelig med normal servicehistorikk og uten skader i ramme/gaffel Kan være interessant: • Pedaler (SPD-SL/Look), flaskeholdere, ekstra hjul/dekk, skjermer til pendling, wattmåler Send gjerne melding med: • Merke/modell, størrelse, årgang • Utstyrspakke (gruppe/hjul/bremser) • Pris og hvor i Bodø/Salten sykkelen kan ses/prøves Vis hele beskrivelsen NB: Knappen for å vise hele beskrivelsen har kun en visuell effekt.","8008 Bodø"
"453988866","https://www.finn.no/recommerce/forsale/item/453988866","2026-03-05T19:51:12.542Z","Eddy Merckx EMX-5 selges","14000","Pent brukt - I god stand","","Unisex","Landevei","Eddy Merckx","EMX-5","2011","","","SRAM Red","false","false","false","Meget pent og lite brukt sykkel. Oppbevart innendørs og kun brukt til trening i pent vær. SRAM Red gir, krank og bremser. Zipp 60 hjulsett. Ekstra hjulsett (Fulcrum Racing 3) medfølger. Meget lett sykkel (ca. 7 kg uten pedaler). Litt usikker på årsmodell. Kjøpt ny hos Oslo Sportslager i 2011. Selges uten pedaler.","2312 Ottestad"
"422787346","https://www.finn.no/recommerce/forsale/item/422787346","2026-03-05T19:51:14.314Z","Landeveisykkel Dare mr1s uno-x strl 54-medium 170-180 cm","25000","Pent brukt - I god stand","","Unisex","Landevei","Dare","MR1S Uno-X","","54","","Shimano Ultegra Di2 8070","false","false","true","Dare mr1s uno-x, rammestørrelse 54 passer for de som er mellom 170-180 cm Spesifikasjoner Helt nytt kjede og kasett, det er en11 delt kasett, Shimano ultegra di2 8070 lader følger med Hydraulisk skivebrems ultegra Krank ultegra, Det er en wattkrank men den fugerer ikke…. Ganske nye Continental GP 5000 dekk, Ny styreteip. Flaske holdere og pedaler følger med. Selges grunnet overgang til ny sykkel. Sykkelen har nettop hatt full service hos grov sykkel.","5227 Nesttun"
"453982340","https://www.finn.no/recommerce/forsale/item/453982340","2026-03-05T19:51:16.000Z","Scott Plasma 10 Di2 str. 54","27500","Pent brukt - I god stand","Scott","Unisex","Landevei","Scott","Plasma 10","","54","","Shimano Ultegra Di2","true","true","true","Selger en meget pen og rask Scott Plasma 10, perfekt for triatlon eller tempo! Sykkelen er bygget for fart og aerodynamikk, og har mange oppgraderinger som gjør den konkurranseklar. Her kan du koble bort aero-bars og kun bruke sykkelen som vanlig landevei/tempo sykkel og. Spesifikasjoner: Ramme: Scott Plasma 10, karbon (IMP teknologi, HMF fiber) Girgruppe: Shimano Ultegra gruppesett ,med Dura Ace bar-end girspaker Di2 Krank: Shimano Ultegra Bremser: Shimano direkte-monterte felgbremser Hjul: UNAAS høy profil karbonhjul (55-80 mm profil), med norsk flagg-detaljer Styre: Profile Design aerobar, justerbart for optimal sittestilling Sete: Syncros RR2.0 TRI (triatlontilpasset) Vekt: Ca. 8,7kg Om sykkelen: Scott Plasma 10 er kjent for sin stive og aerodynamiske ramme, med intern vaierføring og integrerte bremser for lavest mulig luftmotstand. Geometrien gir en aggressiv og effektiv sittestilling, men samtidig god stabilitet og komfort på lengre ritt. Sykkelen passer perfekt til deg som vil satse på triatlon, tempo eller ønsker en rask treningssykkel. Hjulene er et sett UNAAS karbonhjul (55-80 mm profil), som gir ekstra fart og stilig utseende. Disse hjulene er ikke standard på modellen og ettermontert, og er et kvalitetsløft for deg som ønsker det lille ekstra. Nypris ca 12 000kr Tilstand: Sykkelen er godt vedlikeholdt og i svært god stand. Ingen skader på ramme eller hjul, kun små bruksmerker. Sykkelen har blitt årlig sjekket og på verksted hos Candy Mountain Cyclery senest forfjor og byttet kjede. Sykkelen er ikke brukt i år pga nye sykler innkjøpt. Størrelse: 54 str. Passer ryttere ca. 175–188 cm, men kan justeres mye med setepinne og styre. Vis hele beskrivelsen NB: Knappen for å vise hele beskrivelsen har kun en visuell effekt.","1459 Nesodden"
"453975346","https://www.finn.no/recommerce/forsale/item/453975346","2026-03-05T19:51:17.732Z","Rå landeveis sykkel er klar for ny eier","37000","Pent brukt - I god stand","Specialized","Herre","Landevei","Specialized","S-Works Roubaix","","","700c","Shimano Ultegra Di2","true","true","true","Strøken Specialized S-Works Roubaix carbon med Di2 Ultegra, watt krank, Zipp høyprofil hjul + et ekstra hjul sett, Zipp carbon aero styre +++ Dette er en sykkel du sitter godt på. Er selv 194 cm og 93 kg. Sykkelen er stiv og responderer godt. Denne sykkel har kostet meg i underkant av kr.100000,-","1356 Bekkestua"
"419920991","https://www.finn.no/recommerce/forsale/item/419920991","2026-03-05T19:51:19.434Z","Giant TCR Advanced 2 Disc Pro - M","25000","Pent brukt - I god stand","Giant","","Landevei","Giant","TCR Advanced 2 Disc Pro","2021","M","","","true","true","false","Selger en pent brukt Giant TCR Adv 2. Denne ble kjøpt ny av meg i April 2021. Størrelse M, som skal passe deg fra 171cm - 181cm. Jeg er 179 og sitter fint. Har blitt behandlet godt i alle år. Service på Moksnes hvert år, slitedeler byttes fortløpende. Ble satt på nytt karbon hjulsett til sesongen 2024, Vision TLR SC55. Vasket med svamp og tannkost etter så si alle turer. Blir kun brukt til finværsdager, har vel vært ute i regnet et par ganger. Så her har du en meget pen sykkel som har det meste du trenger. - Karbon ramme - Skivebremser - Karbonhjul Selges for 25.000,- med karbonhjul. Kan selges billigere uten karbonhjul, da medfølger de originale Giant PR-2 hjulsettet. Som du ser på bildet som er lånt fra nettet. Bruksmerker finnes. Sender ikke denne, ønsker at kjøper kommer å ser og tester sykkelen. Ta kontakt hvis du lurer på noe. Vis hele beskrivelsen NB: Knappen for å vise hele beskrivelsen har kun en visuell effekt.","7550 Hommelvik"
"453969249","https://www.finn.no/recommerce/forsale/item/453969249","2026-03-05T19:51:21.192Z","Merida Reactor 8000 m24","42000","Pent brukt - I god stand","Merida","Unisex","Landevei","Merida","Reacto 8000","2024","L","700c","Shimano Ultegra Di2","true","false","true","Selger en Merida Reacto 8000 størrelse Large. Passet meg fint som er 192cm. Shimano Ultegra di2 gir og bremser. Satt opp slangeløst Ramma veier 1150g i størrelsen M. En kosmetisk ripe ved flaske stativet, se bilde. Styret er ikke kappet. Flaskeholder følger med Pedaler følger ikke med.","3370 Vikersund"
"453944096","https://www.finn.no/recommerce/forsale/item/453944096","2026-03-05T19:51:22.936Z","Cannondale CAAD13 Disc 105, Str 54","20000","Pent brukt - I god stand","Cannondale","Unisex","Landevei","Cannondale","CAAD13 Disc 105","2023","54","700c","Shimano 105","false","false","false","Selger min Cannondale 13, ramme størrelse 54, i svært god stand. Sykkelen har blitt brukt både utendørs og på rulle (trainer). Totalt kjørt ca. 2000 km, som kan bekreftes på Strava. Kjøpt i november 2023 hos Anton Sport. Nypris er 26k: https://www.antonsport.no/cannondale-64-caad13-105-p31372 Selger fordi jeg ønsker å bytte til en gravel-sykkel. Prøvekjøring er mulig etter avtale.","0594 Oslo"
"433165433","https://www.finn.no/recommerce/forsale/item/433165433","2026-03-05T19:51:24.620Z","Canyon Ultimate SLX str. M med felgbrems","18500","Pent brukt - I god stand","Canyon","Herre","Landevei","Canyon","Ultimate CF SLX","2016","M","","Shimano Dura-Ace","true","true","false","Canyon Ultimate SLX Selger en Canyon Ultimate SLX kjøpt ny i 2016. Dette er en lett, responsiv og komfortabel karbonracer som leverer topp ytelse både på flate partier og i klatringer. Sykkelen er godt vedlikeholdt og klar til bruk. Spesifikasjoner: Modell: Canyon Ultimate CF SLX Årsmodell: 2016 Ramme: Karbon (Canyon Ultimate SLX) Hjulsett: Bontrager Aeolus (karbonhjul – lette og aerodynamiske) Girgruppe: Shimano Dura-Ace / Størrelse: M Bremser: felgbrems Vekt: Ca. [6,8] kg som avbildet Tilstand: Sykkelen er pent brukt og jevnlig vedlikeholdt. Ingen skader på ramme, og alt fungerer som det skal. Oppbevart innendørs hele året. Ekstra: Bontrager Aeolus-hjulsett 35mm gir merkbart bedre respons og lavere vekt Selges uten pedaler (kan eventuelt følge med etter avtale) Pris: 18500 Beliggenhet: Oslo Vis hele beskrivelsen NB: Knappen for å vise hele beskrivelsen har kun en visuell effekt.","0880 Oslo"
"453939820","https://www.finn.no/recommerce/forsale/item/453939820","2026-03-05T19:51:26.351Z","Cannondale synapse landeveissykkel","7000","Godt brukt - Synlig brukt","Cannondale","","Landevei","Cannondale","Synapse","","54","","Shimano Sora","false","false","false","Selger denne gode landeveissykkelen da jeg har planer om å bytte til en grussykkel med litt større ramme. Sykkelen har rammestørrelse 54, noe som ble litt lite for meg som er 184cm. Sykkelen har stått innendørs i bod siden i fjor sommer og har derfor lite luft i dekkene. Sykkelen trenger litt kjærlighet, og mulig noe justering av gir, men er utover dette en veldig god sykkel. Sykkelen har Shimano sora girsystem. Utstyrt med skivebremser. Aluminium ramme. Litt usikker på nøyaktig modell og produksjons år da jeg selv kjøpte sykkelen på finn for noen år siden. Bakhjulet er byttet ut da det forrige hjulet ble skeivt. Gjerne ta kontakt ved spørsmål om sykkelen:) Sykkelen står inne i bod ved Økern","0481 Oslo"
"453942372","https://www.finn.no/recommerce/forsale/item/453942372","2026-03-05T19:51:28.627Z","CANNONDALE CAAD 9 LANDEVEISSYKKEL/NYLIG SERVICE/ 52 cm RAMME/","6990","","","","","Cannondale","CAAD 9","","52 cm","700c","SRAM Red/Force 2x10","false","false","false","Beskrivelse Pris;6990 Service; Denne sykkelen har fått nylig service, inkt service garanti. Sykkeltype; LANDEVEISSYKKEL Merke; CANNONDALE Modell; CAAD 9 Rammestørrelse;52 cm RAMME Denne sykkelen passer 160-170 cm høyder Hjulstørrelse;28 Bremsetype; FELGBREMSER Rammematerial; Aluminium og karbon gaffel ultra lettvekt ca 8 kg Girspesifikasjoner;SRAM RED-FORCE GIR 2x10 Sykkelen har fått nylig service, bytte kassett,kjede,girwire,bremsewire,foran tannhjul helt ny Sykkelverksted og bruktsykkel butikk garanti på alle bruktesykler vi selger. Alle våre brukte sykler er vedlikeholdt, rengjort og fått en nøyaktig riktig service, deretter lagt ut for salg. Vi kan sende sykler hele landet mott porto fra 319kr. Butikken er åpent mellom kl 10-18 hverdager (søndager stengt) Nøkkel ord; Terrengsykkel, Barnesykkel, damesykkel, herresykkel,landeveissykkel,el-sykkel, hybridsykkel,fulldemper sykkel, cyclocross/ gravel sykkel,bysykkel, og sykkelutstyr( dekk,slange,gir,bremse,wire,lys,skjerm ,etc) Adressen er: Paulus Plass 3A 0554 OSLO Tlf; 925 16 064 , 939 64 617","Paulus Plass 3A Grünerløkka Oslo, 0554 Oslo"
"453940085","https://www.finn.no/recommerce/forsale/item/453940085","2026-03-05T19:51:30.322Z","Giant landeveissykkel L 28""/700c unisex","8000","Pent brukt - I god stand","Giant","Unisex","Landevei","Giant","","","L","700c","Shimano 105","true","false","false","Giant landeveissykkel i størrelse L for unisex. Sykkelen har 28""/700c hjul. Den er utstyrt med Shimano 105 bakgir og Bontrager-hjul. Passer til landeveissykling og trening på asfalt for førere som passer en L-ramme. Carbon sykkel som er noen år,men i god stand","2672 Sel"
"453933201","https://www.finn.no/recommerce/forsale/item/453933201","2026-03-05T19:51:32.016Z","Godt vedlikeholdt Specialized Aethos Sport (2025) str. 61","25500","Pent brukt - I god stand","Specialized","Unisex","Landevei","Specialized","Aethos Sport","2025","61","700c","Shimano 105 R7100","true","false","false","Aldri veltet. Kvikk, lett og komfortabel. Rammestrl 61. Selges til høystbydende. Veiledende nypris 42 000,- Sykkelen har en lett og aerodynamisk ramme, skivebremser for bedre bremsekraft, og er utstyrt med landeveisdekk som passer for asfalt og raske turer på vei. Egnet for trening, konkurranse og langdistansesykling. Rask, lett og stilren klassisk ramme med nye 2x12 Shimano 105 R 7100 mekanisk Spesifikasjoner: • SPESIFIKASJONER Specialized Aethos Sport Shimano 105 R7100 2x12: Ramme: Aethos FACT 9R Carbon 699g. Rider First Engineered, Threaded BB UCI-godkjent: Ja Rammestørrelser.: 49XS - 52S - 54M - 56L - 58XL - 61XXL Gaffel: FACT Carbon, 12x100mm thru-axle, flat-mount disc Styre: Specialized Shallow Drop, alloy, 125mm drop x 70mm reach Stem: Specialized Pro SL, alloy, 4-bolt Tape: Supacaz Super Sticky Kush Sadel: Body Geometry Power Sport, Steel Rails Setepinne: Roval Alpinist Carbon Bremser: Shimano 105, hydraulic disc Bremse- og girhendler: Shimano 105 12s Front gir: Shimano 105, braze-on Bak gir: Shimano 105 12s mekanisk Kassett: Shimano 105 12s, 11-30T eller 11-34T Krank: Shimano 105, 12-speed, 50/34T Kranklager: Shimano threaded BSA BB Kjede: Shimano M7100, 12-speed Hjul: DT Swiss R470 alu. tubeless ready Dekk: Turbo Pro, 60 TPI, folding bead, BlackBelt protection, 700x28mm Vekt: 7.80kg. str.-54M m/ DT Swiss R470 alu Vis hele beskrivelsen NB: Knappen for å vise hele beskrivelsen har kun en visuell effekt.","0368 Oslo"
"453918687","https://www.finn.no/recommerce/forsale/item/453918687","2026-03-05T19:51:33.737Z","Giant Trinity Advaned Pro 1 (small)","29900","Pent brukt - I god stand","Giant","Unisex","Landevei","Giant","Trinity Advanced Pro 1","","Small","","Shimano Ultegra/Dura Ace Di2","true","true","true","Selger en rå Giant Trinity Advaned Pro 1 da jeg går over til kun landeveissykling. Sykkelen er tatt godt vare på, og fremstår veldig pen! Utstyrt med 11-delt Shimano Ultegra/Dura Ace Di2, Specialized Sitero sete og 80 mm karbonhjul. Har også 165mm krank armer som er veldig populært om dagen. Spesielt behagelig i aero posisjon med større avstand til overkropp. Nytt kjede i vinter. Størrelsesmessig er jeg 174cm og sitter perfekt på denne. Gode justeringsmuligheter. Perfekt sykkel til triatlon / tempo / tt!","1475 Finstadjordet"
"425905858","https://www.finn.no/recommerce/forsale/item/425905858","2026-03-05T19:51:35.476Z","Focus 2 Cayo","9000","Pent brukt - I god stand","","","Landevei","Focus","Cayo","","L","","","true","false","false","Focus 2 Cayo selges da terrengsykkel passet bedre til mitt bruk. Dette er en lite brukt landeveissykkel i Carbon fra Focus. Vært veldig fornøyd med den på turene jeg har hatt. Gir fungerer som det skal og dekkene holder en stund til. Sykkelen er i str L og passer meg fint som er 186 høy. Følger med to flaskeholdere og taske under setet. Bare å sende melding om det er noe spørsmål.","2380 Brumunddal"
"453898340","https://www.finn.no/recommerce/forsale/item/453898340","2026-03-05T19:51:37.209Z","Kalkoff Focus landevei/bysykkel XL herresykkel","10600","Pent brukt - I god stand","Specialized","Herre","Landevei","Kalkhoff","Focus","","XL","","","false","false","false","Flott og meget pent holdt Kalkoff Focus herresykkel selges. Som det fremgår av bildene fremstår nesten sykkelen som ny. Ingen rust eller slitasje på kassett, kjede eller bremser,da den haddestor service hos BikeBrothers i 2025 til over 4000kr. Sykkelen har batterikapasitetpå 500w og har derfor lang rekkevidde. Tysk kvalitet og Bosch motor er kjent for å være et trygt valg. Alle servicer er utført hos Bike Brothers. Sykkelen har alltid stått inne i oppvarmet garasje. Det følger med alt som fulgte med sykkelen som ny. Sideveske, seteveske, pumpe, lader, fastmontert sykkellås, instruksjonsbøker mm følger med. Sykkelen MÅ sees er min oppfordring.","4043 Hafrsfjord"
"453898426","https://www.finn.no/recommerce/forsale/item/453898426","2026-03-05T19:51:38.969Z","Stevens Izoard PRO 2025. Ultegra Di2.","38800","","","","","Stevens","Izoard PRO","2025","54","700c","Shimano Ultegra Di2","true","false","true","Beskrivelse En moderne, lett 2025 racersykkel bygget for raske turer, klatring og lange landeveisdager. Den har en Carbon SL Fiber-ramme og full karbongaffel for høy stivhet og lav vekt, kombinert med en Shimano Ultegra Di2 12-speed elektronisk drivlinje som gir lynraske, presise girskift. Sykkelen kommer med hydrauliske Ultegra skivebremser for kraftig og kontrollert bremsing i all slags vær, samt DT Swiss P1800 Spline-hjul og Continental Grand Prix SL-dekk for en effektiv og komfortabel rulleopplevelse. Med sin allsidige geometri er Izoard Ultegra Di2 perfekt for både trening og konkurranse – en flott maskin for ryttere som vil ha ytelse og pålitelighet på landeveien. Type: Landeveissykkel Størrelse: 54 Farge: Grey n black Tilstand: Ny og ubrukt Komponenter Styrestamme: FSA SMR (God) Dekk: Continental Grand Prix (God) Bremser: Shimano Ultegra R8170 (God) Sal: Triton Oxygen (God) Hjulsett: DT Swiss P1800 (God) Kranksett: Shimano Ultegra FC-R8100 (God) Girsystem: Shimano Ultegra R8100 Di2 12s (God) Setepinne: Scorpo karbon (God) Styre: Alloy Handlebar (God) Vis hele beskrivelsen NB: Knappen for å vise hele beskrivelsen har kun en visuell effekt.","0884 Oslo"
"453882000","https://www.finn.no/recommerce/forsale/item/453882000","2026-03-05T19:51:40.696Z","Orbea Orca M30 // Shimano 105","25000","Som ny - Ikke synlig brukt","Orbea","Unisex","Landevei","Orbea","Orca M30","2024","","700c","Shimano 105 R7100","true","false","true","Strøken Orbea Orca M30 selges, grunnet overgang til ny sykkel. Sykkelen er dame syklet og pent ivaretatt. Ikke rullet mange km. Og er vasket og vedlikeholdt hos Unaas, samt vasket etter hver tur. Sykkelen er en god klatre sykkel men allikevel responsiv på landeveien. Fin innstegsmodellen modell for deg som har syklet litt, eller for deg som ønsker en allsidig sykkel til både klatring og flatere sykling. Spesifikasjoner: FRAME Orbea Orca carbon OMR 2024, monocoque construction, HS 1,5"", BB 386mm, powermeter compatible, Rear Thru Axle 12x142mm, thread M12x2 P1, internal cable routing. FORK Orbea Orca OMR ICR 2024, full carbon, 1-1/8"" - 1,5"" tappered head tube compatible, Thru axle 12x100mm, thread M12x2 P1. HEADSET FSA 1-1/2"" Integrated Aluminium Cup CRANKSET Shimano 105 R7100 34x50t SHIFTERS Shimano R7100 CASSETTE Shimano 105 R7100 11-34t 12-Speed REAR DERAILLEUR Shimano 105 R7100 FRONT DERAILLEUR Shimano 105 R7100 CHAIN Shimano M6100 HANDLEBAR OC Road Perfornace RP31-R, Rise 15, Reach 70, Drop 125 STEM OC Road Performance RP22, -5º BRAKES Shimano R7170 Hydraulic Disc WHEELS Alloy, Tubeless compatible, 700c, 19c, 28H TYRES Vittoria Zafiro V Rigid bead 700x28c FRONT WHEEL AXLE Orbea Thru Axle 12x100mm M12x2 P1 Solid REAR WHEEL AXLE Orbea Thru Axle 12x142mm M12x2 P1 Solid SEATPOST Carbon, 27.2mm, Setback 20 SADDLE Fizik Aliante R5 HANDLEBAR TAPE Orbea Eva Vis hele beskrivelsen NB: Knappen for å vise hele beskrivelsen har kun en visuell effekt.","0368 Oslo"
"427089633","https://www.finn.no/recommerce/forsale/item/427089633","2026-03-05T19:51:42.559Z","Trek Domane SLR 8 Landevei (2019) - 58/L","30000","Pent brukt - I god stand","Trek","Herre","Landevei","Trek","Domane SLR 8","2019","58","700c","Shimano Dura-Ace R9100","true","true","false","Selger en brukt Trek Domane SLR 8, en av de mest komfortable syklene på markedet. Sykkelen leverer topp ytelse med avansert demping som gjør lange turer behagelige, og den trives like godt på lette grusveier som på asfalt. Spesifikasjoner Ramme: 600 Series OCLV karbon, IsoSpeed foran og bak for ekstra komfort Gaffel: Domane full karbon Girgruppe: Shimano Dura-Ace R9100, 2x11 Bremser: Hydrauliske skivebremser for maksimal stoppekraft i alle forhold Hjul: Bontrager Aeolus Pro 3 karbonhjul Dekktype: 700c, plass til brede dekk for ekstra komfort Tilstand ✨ Pent brukt, alltid oppbevart innendørs ✨ Ingen skader i karbonrammen, kun små kosmetiske riper ✨ Aldri veltet med Pris Kr 30 000 (nypris ca. 80 000) Vis hele beskrivelsen NB: Knappen for å vise hele beskrivelsen har kun en visuell effekt.","2900 Fagernes"
"427095884","https://www.finn.no/recommerce/forsale/item/427095884","2026-03-05T19:51:44.313Z","Nakamura Pursuit 8.0","8000","Godt brukt - Synlig brukt","","Herre","Landevei","Nakamura","Pursuit 8.0","","57","700c","SRAM","true","false","false","Selger en sjarmerende landeveissykkel som jeg kjøpte ny på Fagernes Sport rundt 2013/14. Den har en lett og livlig karbonramme med SRAM-gir og klassiske felgbremser. Selv om den har noen år på baken, er det fortsatt mye sykkel for pengene. Da den var ny, med rett rytter, var det få som klarte å henge på 🤭 Ramma er størrelse 57, og jeg er 188 høy. Tipper den passer best om du er mellom 180 og 190. Selger den for kr. 8 000,-","2900 Fagernes"
"448949648","https://www.finn.no/recommerce/forsale/item/448949648","2026-03-05T19:51:46.095Z","Giant propel advanced pro 0","49000","Pent brukt - I god stand","Giant","","Landevei","Giant","Propel Advanced Pro 0","","","","SRAM Force eTap","true","true","true","Giant propel advanced pro 0 disc selges da den blir brukt for lite. Dette er topprammen til giant, ekstremt godt utstyrt. Alttid stått inne og godt vedlikeholdt! Fremstår veldig strøken. Kun noen få kosmetiske merker. Utstyr: SRAM force elektrisk gir Hjulsett: Giant slr1 Vekt: rundt 8kg Passer for ryttere fra +-178-190 Nypris: 75 000,-","5020 Bergen"
"434291428","https://www.finn.no/recommerce/forsale/item/434291428","2026-03-05T19:51:47.828Z","Trek Alpha Landevei Dame Sykkel Rød og Hvit","6000","Pent brukt - I god stand","Trek","Dame","Landevei","Trek","Alpha","","50cm","700c","Shimano Tiagra","false","false","false","En nydeligTrek Alpha landeveisykkel designet for damer selges. Sykkelen har en ramme på 50cm i Alpha aluminium, og kombinerer røde og hvite farger. Den er utstyrt med standard landeveis komponenter og er egnet for veibruk. -2x9 shimano tiagra girgruppe -shimano tiagra felgbrems Sykkelen er pent brukt, og har blitt oppbevart i garasje om vinteren. Selges fordi jeg er blitt for høy (jeg er 172 cm), men fungerer utmerket. Pedaler, mobilholder, sykkelvæske og flaskeholder kommer ikke med. Ta kontakt dersom du er interessert eller har noen spørsmål☺️","1423 Ski"
"418358436","https://www.finn.no/recommerce/forsale/item/418358436","2026-03-05T19:51:49.561Z","GT GTR Carbon 6.8kg","14000","Pent brukt - I god stand","","Unisex","Landevei","GT","GTR Carbon Team","","Medium","700c","Shimano Dura-Ace","true","false","false","Strøken GT GTR Carbon Team Størrelse medium, passer alt fra 165cm til 185cm etter ønsket sittestilling FSA SL-K carbon BB30 compact krank Shimano Dura Ace C24 alu/carbon hjul Conti gp 4000 Dekk Tektro R741 SuperLight bremser Shimano Dura-Ace 11 delt Vekt 6,8 kg Alt fungerer strøkent og sykkelen vil oppleves som ny. Fine gir, gode bremser og ingen slakke i noen lagre på sykkelen. Kranken er knirkefri og fin. Vis hele beskrivelsen NB: Knappen for å vise hele beskrivelsen har kun en visuell effekt.","7047 Trondheim"
"453845656","https://www.finn.no/recommerce/forsale/item/453845656","2026-03-05T19:51:51.308Z","Argon 18 temposykkel, Ultegra Di2, wattmåler","22000","Pent brukt - I god stand","","Unisex","Landevei","Argon 18","E-118","2015","","","Shimano Ultegra Di2","false","false","true","Passer ryttere mellom 170-180cm. Argon 18 E-118 tempo-/triatlonsykkel 2x11 delt ultegra di2 Stages wattmåler Platehjul og høyprofil fronthjul Treningshjulsett medfølger Perfekt for triatlon. Morsom å sykle på! Sykkelen er klar for bruk og har normal bruksslitasje mtp alder. Sykkelen er veldig pen, anslår 2015 modell. Platehjul + høyprofilerte er tubular og ruller godt. Treningshjulsettet er dekk og slange.","0170 Oslo"
"453836837","https://www.finn.no/recommerce/forsale/item/453836837","2026-03-05T19:51:53.010Z","Scott pro cr1 lite brukt sykkel .","12000","Pent brukt - I god stand","Scott","Herre","Landevei","Scott","CR1 Pro Lite","","","","","false","false","false","Sykkelen har kun rullet ca.50 mil. Meget pen. Det følger med rulle. Selges da jeg ikke får brukt den.","4630 Kristiansand S"
"421622587","https://www.finn.no/recommerce/forsale/item/421622587","2026-03-05T19:51:54.839Z","Lite Brukt Merida Reacto 6000 Di2 Str M","32000","Pent brukt - I god stand","Merida","","Landevei","Merida","Reacto 6000","","M","","Shimano 105 Di2","false","false","true","Selger en lite brukt Merida Reacto 6000 med 105Di2 i Str M Den er str M og Merida er store i størrelsen men denne er nok litt for kort for meg på 187cm Passer nok best mellom 172-185cm slik den er satt opp med orginalt styre og stem. Selges med Merida sete og uten flaskeholdere, Pedaler og Garminfeste Selges 32000 med originale hjul Kan selges med Parcorus Chrono for 40000kr Sykkelen står på Sandnes.","4324 Sandnes"
"414866288","https://www.finn.no/recommerce/forsale/item/414866288","2026-03-05T19:51:56.647Z","Merida Reacto 8000","45000","Pent brukt - I god stand","Merida","","Landevei","Merida","Reacto 8000","","L","","","false","false","false","Selger en pent brukt og bra vedlikeholdt Merida Reacto 8000 str. L Sykkelen har hovedsakelig blitt brukt til trening men også noen få lokale ritt så har mindre km en de fleste andre sykler. Veilpris på sykkel er 68000 så legges ut for 45000 med lite km og kun brukt en sommersesong. Tlf.40121096 https://www.merida-bikes.com/nb-no/bike/5631/reacto-8000","4362 Vigrestad"
"453827112","https://www.finn.no/recommerce/forsale/item/453827112","2026-03-05T19:51:58.413Z","Trek Madone dame landeveissykkel","7000","","Trek","Dame","Landevei","Trek","Madone 3.1 WSD","","","700c","Shimano 105","true","false","false","Lite og pent brukt landeveissykkel, som har mange mil igjen. Den er noen år gammel, så passer kanskje best til noen som er usikker på hvor mye man vil komme til å sykle, ønsker å teste ut landeveissykling eller ønsker en ""budsjettversjon"". Carbonramme, felgbrems og Shimano 105 manuelle gir. Alt fungerer som det skal. Har satt på 28 mm Specialized S-Works Turbo dekk. Selges uten pedaler, men med Specialized flaskeholdere. Sykkelen er brukt av en jente på 169 cm, men gjetter det fungerer fint fra 160-175 cm. Mer info finnes her: https://www.trekbikes.com/us/en_US/c/madone-3-1-wsd-apex-compact/p/20436/ PS! Posten aksepterer ikke så store pakker, så har derfor markert at ""varen ikke kan sendes"", men vi finner en løsning dersom sykkelen trenger frakt. Vis hele beskrivelsen NB: Knappen for å vise hele beskrivelsen har kun en visuell effekt.","7052 Trondheim"
"334471620","https://www.finn.no/recommerce/forsale/item/334471620","2026-03-05T19:52:00.276Z","NEWS - Merida Reacto Aero 8000 Ultegra Di2 2x12 Cockpit","54900","","","","","Merida","Reacto 8000","2025","XS","700c","Shimano Ultegra Di2 R8170 2x12","true","true","true","Beskrivelse Her kommer straks store nyheter. Følg med fra 6/03/26 ____________________________________ Husk fullt navn og postnummer ved alle forespørsler. --- Ledige sykler i str. XS/52 Perfekt for deg med høyde: -XS = 169-176 • Vår gunstige pris var kr. 65.900,- og NÅ TILBUD kr. 54.900,- Dette er helt enkelt mye sykkel for pengene. Vi kan bare nevne at 2025 modellens nye Carbon-styre har en pris på kr. 8.500,- om du hadde kjøpt denne separat - Vision Metron 5D ACR EVO. PROsykler tilbyr Sykkeltilpasning i alle tilbud. Unik mulighet for deg som ønsker dette! Standard-innstillingen fra Merida passer langt fra alle. Vi sørger for rett rammestørrelse, setehøyde, drop, reach, styrebredde, stemlengde, setebredde osv. osv. Du ser 2025 Merida Reacto Aero 8000 i vår utstilling i Sandefjord. Om du ikke har mulighet til å komme innom så sender vi ut sykler daglig til hele landet. Klar for en 2026 modell? Vi har tilbudene klare. Merida Reacto 8000. en aerosykkel som har alt du ønsker deg, karbon ramme, høyprofil karbonhjul, hydraulisk skivebrems, elektronisk Ultegra gruppe 2x12 og fra og med 2025 inkludert stem og styre i ett stykke (carbon Cockpit), alt med en integrert og kabelfri løsning. Leveres i 2025 versjon i farge Silk Evergreen/ Black (alle foto). • Depositum ved bestilling, kr. 5.000,- • Finansiering, be om RENTEFRI betalingsutsettelse i 6 mnd., eller RENTEFRI nedbetaling i 24 mnd. Dette effektueres først fra dato utlevering. • Vi sender fullt klargjort sykkel over hele landet, kun kr. 400,- • Oversikt på mye av våre sykler finner du på www.tilbudsykler.no og www.tilbudmerida.no Ring gjerne 918 70 921, eller send mail til post@tender.no og be om mer info rundt Merida for deg. Oppgi i første omgang din høyde, så hjelper vi deg gjerne med valg av korrekt ramme. Husk, vi leverer alltid rett størrelse og tilpasser sykkel med en riktig innstilling for deg. Dette gjelder også for de som vil ha klargjort sykkel tilsendt (frakt kr. 400,-) • Viktig med fullt NAVN og POSTNUMMER ved forespørsel - oppgradering til Power Meter 4iiii Precision-3+ (tracking) kr. 5.900,- - anbefalt: Hammerhead Karoo sykkelcomputer Quad Core 2.0 kr. 4.900,- REACTO 8000 har en lettvektsramme i CF3-karbon med samme aeroegenskaper og komfort som TEAM modellen (Team Bahrain Victorious), Shimanos 12-delte Ultegra Di2 gruppe og nye superraske Reynolds AR60 DB-karbonhjul - alt dette betyr at den er en fantastisk rittmaskin. Med komfort som du ikke trodde var mulig på en rendyrket aerosykkel. Den seneste versjonen av REACTO tok sykkelverden med storm med Race-DNA hentet fra tidligere modeller men med ny teknologi. Cycling Weekly kaller den ""uten tvil en av de mest komplette syklene tilgjengelig på markedet"", Cyclingnews sier det er ""en helt fantastisk og feilfri maskin"", og Cycling Plus ble ""svært imponert"". Uansett om du satser på sykling eller er entusiast er REACTO en fantastisk sykkel. Det som skiller den fra andre aerosykler er ikke bare at den er ekstremt aerodynamisk og rask - men at den er så vanvittig komfortabel at du ikke tror det er sant. REACTO har kjapt blitt en favoritt blant proffene og amatører som vil ha noe av det beste som finnes på markedet - eller ha kun en sykkel for både ritt og trening. Alt takket være den fantastiske komforten i rammen. • Våre anbefalinger på høyde og valg av ramme (v.4.24): -XXS = 155-168 -XS = 169-176 -S = 174-182 -M = 180-188 -L = 186-192 -XL = 190-> • Spesifikasjoner: 2025 Merida Reacto 8000 Shimano Ultegra R8170 Di2 2x12 RAMME: REACTO CF3 IV DISC, carbon 1150g STØRRELSER: XXS, XS, S, M, L, XL GAFFEL: REACTO CF3 IV DISC, carbon FARGE: Silk Evergreen/ Silver/ Green GIRSKIFTERE: Shimano Ultegra R8170 BREMSER: Shimano Ultegra BR8170 KASSETT: Shimano Ultegra R8100, 12-speed, 11-30T eller 11-34T KRANK: Shimano Ultegra R8100, 52-36T FRAMGIR: Shimano Ultegra RD8150, 12-speed BAKGIR: Shimano Ultegra RD8150, 12-speed SETE: Prologo Scratch M5 SETEPINNE: MERIDA Team CW STYRE/ STEM: VISION METRON 5D ACR EVO, carbon Cockpit XXS: 380mm/ 90mm XS: 380mm/ 90mm S: 380mm/ 100mm M: 400mm/ 110mm L: 400mm/ 110mm XL: 400mm/ 120mm HJULSETT: Reynolds AR60 DB Carbon, profil 60mm, 21mm inner, TL ready, 1640g DEKK valg 1: Continental Grand Prix 5000S TR, 700x25/28C, fold DEKK valg 2: Specialized S-Works Turbo, 120 TPI, 700x26/28mm VEKT: 8.1 kg. (veid av oss, S/54) Med våre MERKEVARER; Specialized S-Works, Cervélo, Pinarello, Lapierre, Colnago, Merida og Focus tilbyr vi det beste i high-end. Hos oss handler du av og med aktive voksne syklister. Vi har årelang erfaring og sørger for korrekte anbefalinger og riktig rammestørrelse. Klikk deg inn på www.tilbudMERIDA.no og se flere alternativ (under oppdatering), eller klikk deg inn på www.tilbudRACER.no Vi tilbyr opp- eller nedgradering av hjulsett fra: Zipp - Vision - Scope - DT Swiss - Mavic - Roval finnracer.no tilbudracer.no tilbudmerida.no prosykkel prosykkel.no prosykler prosykler.no proffsykkel proshop Skien Drammen Oslo Trondheim Kristiansand Stavanger Bergen Tromsø Bodø stavern larvik sandefjord tønsberg horten holmestrand sande Update 1/02/26 11/02/26 ny ann. 9-2024 art.otn 334359 art.no M254980-406+ art.v679- art.blt331604#25vtx918499-331549 cost cockpit ! f56-60-58..72-80-86-90 Copyright © 2026 Tender Sport - PROsykler ÅPNINGSTID KONTOR/ VERKSTED/ UTSTILLING: Man. - Fre.: 10:00-17:00 Lørdag: STENGT SE FLERE AV VÅRE GODE TILBUD SORTERT ETTER PRIS - www.tilbudSYKLER.no - og les om oss på www.PROsykler.no BESTILLING/ DEPOSITUM: - Bestilling av sykkel skjer via telefon, eller mail til oss. Du mottar etter dette en PDF-bekreftelse på mail. Om ikke levering er avtalt innen 7 dager fra bestilling betales et depositum (minimum kr. 2.000,-). ENKEL OG RIMELIG FRAKT: - Vi sender ferdig klargjort sykkel med Bring/ Post i Butikk over hele landet, kun kr. 400,- - PS, vi sender ikke el-sykkel med ramme av aluminium. Disse må hentes. SYKKELINNSTILLING: - Vi har lang erfaring på sykkelsetet og kan sette opp din nye sykkel på rulle. Vi tar dine vitale mål og setter en grunninnstilling som gir deg en særdeles god start. Pris kr. 800,- SERVICE - REP OG OPPGRADERING: - Vi har dyktige mekanikere i Sandefjord som sikrer deg kvalitetsarbeid, enten ved service, garantiarbeid eller oppgradering av nytt utstyr. KONTAKT OSS: - tilbud/ salg/ finansiering/ utlevering: tlf. 918 70 921/ post@tender.no - tekniske spørsmål: tlf. 991 05 050/ service@tender.no - regnskap/ kontor: mona@tender.no Vis hele beskrivelsen NB: Knappen for å vise hele beskrivelsen har kun en visuell effekt.","Skolmar 19, 3232 Sandefjord"
"437350225","https://www.finn.no/recommerce/forsale/item/437350225","2026-03-05T19:52:01.994Z","Merida Reacto 9000 M/54","52000","Pent brukt - I god stand","Merida","Herre","Landevei","Merida","Reacto 9000","","M/54","700c","Shimano Ultegra Di2","true","true","true","Selger en rålekker Merida Reacto 9000 i fargen Cool Grey/Purple. Dette er Meridas toppmodell i ultralett CF5-aeroramme, bygget for fart, racing og maksimal effektivitet. Perfekt for deg som vil ha en av markedets mest aerodynamiske og prestasjonssterke landeveissykler. Selges med alu stem og styre. Kan være behjelpelig med montering og anskaffelse av karbonstyre integrert. Strl. M/54 Kun rullet 2500km! Veilpris 85.000,- Spesifikasjoner • Ramme: Merida Reacto CF5 IV (karbon, aero, toppmodell) • Gaffel: CF5 IV karbon • Groupsett: Shimano Ultegra Di2 12-speed (elektronisk, presise gir) • Hjulsett: Reynolds BL60 Expert, karbon, tubeless ready • Bremser: Hydrauliske skivebremser med Merida Disc Cooler teknologi • Dekk: 28 mm (klarering opp til 30 mm) • Vekt: Rundt 8,0 kg avhengig av oppsett Tilstand Sykkelen er i svært god stand og godt vedlikeholdt. Ingen skader, ingen riper av betydning. Alltid oppbevart innendørs. Kommer ferdig justert og klar for kjøring! Hvem passer den for? • Deg som vil ha en svært rask aero sykkel til trening eller konkurranse • Deg som ønsker elektroniske gir og karbonhjul rett ut av boksen • Deg som vil ha topp ytelse, stivhet og presisjon uten å gå opp til superbike-priser Kan leveres i Rogaland/Trondheim Vis hele beskrivelsen NB: Knappen for å vise hele beskrivelsen har kun en visuell effekt.","7017 Trondheim"
"437348233","https://www.finn.no/recommerce/forsale/item/437348233","2026-03-05T19:52:03.742Z","Merida Reacto 9000 M/54","52000","Pent brukt - I god stand","Merida","Herre","Landevei","Merida","Reacto 9000","","M/54","700c","Shimano Ultegra Di2 12-speed","true","true","true","Lufter en rålekker Merida Reacto 9000 til salgs i fargen Cool Grey/Purple. Dette er Meridas toppmodell i ultralett CF5-aeroramme, bygget for fart, racing og maksimal effektivitet. Perfekt for deg som vil ha en av markedets mest aerodynamiske og prestasjonssterke landeveissykler. Rullet kun 2500km! Strl M/54 NB! Selges med vanlig alustem og styre inkl. bøyler med taps for gir. Kan være behjelpelig med pris på karbonstyre integrert Spesifikasjoner • Ramme: Merida Reacto CF5 IV (karbon, aero, toppmodell) • Gaffel: CF5 IV karbon • Groupsett: Shimano Ultegra Di2 12-speed (elektronisk, presise gir) • Hjulsett: Reynolds BL60 Expert, karbon, tubeless ready • Bremser: Hydrauliske skivebremser med Merida Disc Cooler teknologi • Dekk: 28 mm (klarering opp til 30 mm) • Vekt: Rundt 8,0 kg avhengig av oppsett Tilstand Sykkelen er i svært god stand og godt vedlikeholdt. Ingen skader, ingen riper av betydning. Alltid oppbevart innendørs. Kommer ferdig justert og klar for bruk. Veil pris 85.000,- landevei, aero, karbon, reynolds, merida, reacto, carbon Kan leveres i Trondheims-området eller Rogaland Vis hele beskrivelsen NB: Knappen for å vise hele beskrivelsen har kun en visuell effekt.","4362 Vigrestad"